{"Time":"2026-09-20T18:43:06.466945+10:00","Action":"start","Package":"github.com/ollama/ollama/agent"}
{"Time":"2026-09-20T18:43:07.557712+10:00","Action":"run","Package":"github.com/ollama/ollama/agent","Test":"TestToolApprovalScopeUsesScopedTool"}
{"Time":"2026-09-20T18:43:07.569411+10:00","Action":"output","Package":"github.com/ollama/ollama/agent","Test":"TestToolApprovalScopeUsesScopedTool","Output":"=== RUN   TestToolApprovalScopeUsesScopedTool\n"}
{"Time":"2026-09-20T18:43:07.569618+10:00","Action":"output","Package":"github.com/ollama/ollama/agent","Test":"TestToolApprovalScopeUsesScopedTool","Output":"--- PASS: TestToolApprovalScopeUsesScopedTool (0.00s)\n"}
{"Time":"2026-09-20T18:43:07.569655+10:00","Action":"pass","Package":"github.com/ollama/ollama/agent","Test":"TestToolApprovalScopeUsesScopedTool","Elapsed":0}
{"Time":"2026-09-20T18:43:07.569731+10:00","Action":"run","Package":"github.com/ollama/ollama/agent","Test":"TestSessionApplyApprovalScopes"}
{"Time":"2026-09-20T18:43:07.569768+10:00","Action":"output","Package":"github.com/ollama/ollama/agent","Test":"TestSessionApplyApprovalScopes","Output":"=== RUN   TestSessionApplyApprovalScopes\n"}
{"Time":"2026-09-20T18:43:07.569824+10:00","Action":"output","Package":"github.com/ollama/ollama/agent","Test":"TestSessionApplyApprovalScopes","Output":"--- PASS: TestSessionApplyApprovalScopes (0.00s)\n"}
{"Time":"2026-09-20T18:43:07.569857+10:00","Action":"pass","Package":"github.com/ollama/ollama/agent","Test":"TestSessionApplyApprovalScopes","Elapsed":0}
{"Time":"2026-09-20T18:43:07.569883+10:00","Action":"run","Package":"github.com/ollama/ollama/agent","Test":"TestSessionApplyApprovalAllowAll"}
{"Time":"2026-09-20T18:43:07.569902+10:00","Action":"output","Package":"github.com/ollama/ollama/agent","Test":"TestSessionApplyApprovalAllowAll","Output":"=== RUN   TestSessionApplyApprovalAllowAll\n"}
{"Time":"2026-09-20T18:43:07.569923+10:00","Action":"output","Package":"github.com/ollama/ollama/agent","Test":"TestSessionApplyApprovalAllowAll","Output":"--- PASS: TestSessionApplyApprovalAllowAll (0.00s)\n"}
{"Time":"2026-09-20T18:43:07.569945+10:00","Action":"pass","Package":"github.com/ollama/ollama/agent","Test":"TestSessionApplyApprovalAllowAll","Elapsed":0}
{"Time":"2026-09-20T18:43:07.570023+10:00","Action":"run","Package":"github.com/ollama/ollama/agent","Test":"TestSimpleCompactorSummarizesOldMessages"}
{"Time":"2026-09-20T18:43:07.570054+10:00","Action":"output","Package":"github.com/ollama/ollama/agent","Test":"TestSimpleCompactorSummarizesOldMessages","Output":"=== RUN   TestSimpleCompactorSummarizesOldMessages\n"}
{"Time":"2026-09-20T18:43:07.570074+10:00","Action":"output","Package":"github.com/ollama/ollama/agent","Test":"TestSimpleCompactorSummarizesOldMessages","Output":"--- PASS: TestSimpleCompactorSummarizesOldMessages (0.00s)\n"}
{"Time":"2026-09-20T18:43:07.589718+10:00","Action":"pass","Package":"github.com/ollama/ollama/agent","Test":"TestSimpleCompactorSummarizesOldMessages","Elapsed":0}
{"Time":"2026-09-20T18:43:07.58977+10:00","Action":"run","Package":"github.com/ollama/ollama/agent","Test":"TestSimpleCompactorKeepsOnlySummaryForSmallContext"}
{"Time":"2026-09-20T18:43:07.589797+10:00","Action":"output","Package":"github.com/ollama/ollama/agent","Test":"TestSimpleCompactorKeepsOnlySummaryForSmallContext","Output":"=== RUN   TestSimpleCompactorKeepsOnlySummaryForSmallContext\n"}
{"Time":"2026-09-20T18:43:07.589848+10:00","Action":"output","Package":"github.com/ollama/ollama/agent","Test":"TestSimpleCompactorKeepsOnlySummaryForSmallContext","Output":"--- PASS: TestSimpleCompactorKeepsOnlySummaryForSmallContext (0.00s)\n"}
{"Time":"2026-09-20T18:43:07.58988+10:00","Action":"pass","Package":"github.com/ollama/ollama/agent","Test":"TestSimpleCompactorKeepsOnlySummaryForSmallContext","Elapsed":0}
{"Time":"2026-09-20T18:43:07.589897+10:00","Action":"run","Package":"github.com/ollama/ollama/agent","Test":"TestSimpleCompactorAddsContinueTaskInstructionOnlyToToolResult"}
{"Time":"2026-09-20T18:43:07.589914+10:00","Action":"output","Package":"github.com/ollama/ollama/agent","Test":"TestSimpleCompactorAddsContinueTaskInstructionOnlyToToolResult","Output":"=== RUN   TestSimpleCompactorAddsContinueTaskInstructionOnlyToToolResult\n"}
{"Time":"2026-09-20T18:43:07.59002+10:00","Action":"output","Package":"github.com/ollama/ollama/agent","Test":"TestSimpleCompactorAddsContinueTaskInstructionOnlyToToolResult","Output":"--- PASS: TestSimpleCompactorAddsContinueTaskInstructionOnlyToToolResult (0.00s)\n"}
{"Time":"2026-09-20T18:43:07.598467+10:00","Action":"pass","Package":"github.com/ollama/ollama/agent","Test":"TestSimpleCompactorAddsContinueTaskInstructionOnlyToToolResult","Elapsed":0}
{"Time":"2026-09-20T18:43:07.60812+10:00","Action":"run","Package":"github.com/ollama/ollama/agent","Test":"TestSimpleCompactorTruncatesOversizedSummary"}
{"Time":"2026-09-20T18:43:07.608207+10:00","Action":"output","Package":"github.com/ollama/ollama/agent","Test":"TestSimpleCompactorTruncatesOversizedSummary","Output":"=== RUN   TestSimpleCompactorTruncatesOversizedSummary\n"}
{"Time":"2026-09-20T18:43:07.608231+10:00","Action":"output","Package":"github.com/ollama/ollama/agent","Test":"TestSimpleCompactorTruncatesOversizedSummary","Output":"--- PASS: TestSimpleCompactorTruncatesOversizedSummary (0.00s)\n"}
{"Time":"2026-09-20T18:43:07.608251+10:00","Action":"pass","Package":"github.com/ollama/ollama/agent","Test":"TestSimpleCompactorTruncatesOversizedSummary","Elapsed":0}
{"Time":"2026-09-20T18:43:07.60827+10:00","Action":"run","Package":"github.com/ollama/ollama/agent","Test":"TestSimpleCompactorRetriesEmptySummaryWithThinkFalse"}
{"Time":"2026-09-20T18:43:07.608285+10:00","Action":"output","Package":"github.com/ollama/ollama/agent","Test":"TestSimpleCompactorRetriesEmptySummaryWithThinkFalse","Output":"=== RUN   TestSimpleCompactorRetriesEmptySummaryWithThinkFalse\n"}
{"Time":"2026-09-20T18:43:07.608301+10:00","Action":"output","Package":"github.com/ollama/ollama/agent","Test":"TestSimpleCompactorRetriesEmptySummaryWithThinkFalse","Output":"--- PASS: TestSimpleCompactorRetriesEmptySummaryWithThinkFalse (0.00s)\n"}
{"Time":"2026-09-20T18:43:07.609224+10:00","Action":"pass","Package":"github.com/ollama/ollama/agent","Test":"TestSimpleCompactorRetriesEmptySummaryWithThinkFalse","Elapsed":0}
{"Time":"2026-09-20T18:43:07.609274+10:00","Action":"run","Package":"github.com/ollama/ollama/agent","Test":"TestSimpleCompactorIgnoresUnsupportedThinkFalseFallback"}
{"Time":"2026-09-20T18:43:07.60929+10:00","Action":"output","Package":"github.com/ollama/ollama/agent","Test":"TestSimpleCompactorIgnoresUnsupportedThinkFalseFallback","Output":"=== RUN   TestSimpleCompactorIgnoresUnsupportedThinkFalseFallback\n"}
{"Time":"2026-09-20T18:43:07.609307+10:00","Action":"output","Package":"github.com/ollama/ollama/agent","Test":"TestSimpleCompactorIgnoresUnsupportedThinkFalseFallback","Output":"--- PASS: TestSimpleCompactorIgnoresUnsupportedThinkFalseFallback (0.00s)\n"}
{"Time":"2026-09-20T18:43:07.609325+10:00","Action":"pass","Package":"github.com/ollama/ollama/agent","Test":"TestSimpleCompactorIgnoresUnsupportedThinkFalseFallback","Elapsed":0}
{"Time":"2026-09-20T18:43:07.609341+10:00","Action":"run","Package":"github.com/ollama/ollama/agent","Test":"TestSimpleCompactorFallsBackToUnsetThinkWhenThinkFalseUnsupported"}
{"Time":"2026-09-20T18:43:07.609359+10:00","Action":"output","Package":"github.com/ollama/ollama/agent","Test":"TestSimpleCompactorFallsBackToUnsetThinkWhenThinkFalseUnsupported","Output":"=== RUN   TestSimpleCompactorFallsBackToUnsetThinkWhenThinkFalseUnsupported\n"}
{"Time":"2026-09-20T18:43:07.609375+10:00","Action":"output","Package":"github.com/ollama/ollama/agent","Test":"TestSimpleCompactorFallsBackToUnsetThinkWhenThinkFalseUnsupported","Output":"--- PASS: TestSimpleCompactorFallsBackToUnsetThinkWhenThinkFalseUnsupported (0.00s)\n"}
{"Time":"2026-09-20T18:43:07.60939+10:00","Action":"pass","Package":"github.com/ollama/ollama/agent","Test":"TestSimpleCompactorFallsBackToUnsetThinkWhenThinkFalseUnsupported","Elapsed":0}
{"Time":"2026-09-20T18:43:07.609405+10:00","Action":"run","Package":"github.com/ollama/ollama/agent","Test":"TestSimpleCompactorKeepsFewerTurnsForShortChats"}
{"Time":"2026-09-20T18:43:07.609439+10:00","Action":"output","Package":"github.com/ollama/ollama/agent","Test":"TestSimpleCompactorKeepsFewerTurnsForShortChats","Output":"=== RUN   TestSimpleCompactorKeepsFewerTurnsForShortChats\n"}
{"Time":"2026-09-20T18:43:07.609465+10:00","Action":"output","Package":"github.com/ollama/ollama/agent","Test":"TestSimpleCompactorKeepsFewerTurnsForShortChats","Output":"--- PASS: TestSimpleCompactorKeepsFewerTurnsForShortChats (0.00s)\n"}
{"Time":"2026-09-20T18:43:07.609491+10:00","Action":"pass","Package":"github.com/ollama/ollama/agent","Test":"TestSimpleCompactorKeepsFewerTurnsForShortChats","Elapsed":0}
{"Time":"2026-09-20T18:43:07.609513+10:00","Action":"run","Package":"github.com/ollama/ollama/agent","Test":"TestSimpleCompactorCanArchiveWholeShortChat"}
{"Time":"2026-09-20T18:43:07.609529+10:00","Action":"output","Package":"github.com/ollama/ollama/agent","Test":"TestSimpleCompactorCanArchiveWholeShortChat","Output":"=== RUN   TestSimpleCompactorCanArchiveWholeShortChat\n"}
{"Time":"2026-09-20T18:43:07.609549+10:00","Action":"output","Package":"github.com/ollama/ollama/agent","Test":"TestSimpleCompactorCanArchiveWholeShortChat","Output":"--- PASS: TestSimpleCompactorCanArchiveWholeShortChat (0.00s)\n"}
{"Time":"2026-09-20T18:43:07.609563+10:00","Action":"pass","Package":"github.com/ollama/ollama/agent","Test":"TestSimpleCompactorCanArchiveWholeShortChat","Elapsed":0}
{"Time":"2026-09-20T18:43:07.609577+10:00","Action":"run","Package":"github.com/ollama/ollama/agent","Test":"TestSimpleCompactorSkipsBelowThreshold"}
{"Time":"2026-09-20T18:43:07.6096+10:00","Action":"output","Package":"github.com/ollama/ollama/agent","Test":"TestSimpleCompactorSkipsBelowThreshold","Output":"=== RUN   TestSimpleCompactorSkipsBelowThreshold\n"}
{"Time":"2026-09-20T18:43:07.609619+10:00","Action":"output","Package":"github.com/ollama/ollama/agent","Test":"TestSimpleCompactorSkipsBelowThreshold","Output":"--- PASS: TestSimpleCompactorSkipsBelowThreshold (0.00s)\n"}
{"Time":"2026-09-20T18:43:07.609754+10:00","Action":"pass","Package":"github.com/ollama/ollama/agent","Test":"TestSimpleCompactorSkipsBelowThreshold","Elapsed":0}
{"Time":"2026-09-20T18:43:07.609815+10:00","Action":"run","Package":"github.com/ollama/ollama/agent","Test":"TestSimpleCompactorUsesEstimatedMessagesWhenPromptEvalMissing"}
{"Time":"2026-09-20T18:43:07.609833+10:00","Action":"output","Package":"github.com/ollama/ollama/agent","Test":"TestSimpleCompactorUsesEstimatedMessagesWhenPromptEvalMissing","Output":"=== RUN   TestSimpleCompactorUsesEstimatedMessagesWhenPromptEvalMissing\n"}
{"Time":"2026-09-20T18:43:07.609854+10:00","Action":"output","Package":"github.com/ollama/ollama/agent","Test":"TestSimpleCompactorUsesEstimatedMessagesWhenPromptEvalMissing","Output":"--- PASS: TestSimpleCompactorUsesEstimatedMessagesWhenPromptEvalMissing (0.00s)\n"}
{"Time":"2026-09-20T18:43:07.609869+10:00","Action":"pass","Package":"github.com/ollama/ollama/agent","Test":"TestSimpleCompactorUsesEstimatedMessagesWhenPromptEvalMissing","Elapsed":0}
{"Time":"2026-09-20T18:43:07.609917+10:00","Action":"run","Package":"github.com/ollama/ollama/agent","Test":"TestSimpleCompactorEstimateIncludesRequestPreamble"}
{"Time":"2026-09-20T18:43:07.609937+10:00","Action":"output","Package":"github.com/ollama/ollama/agent","Test":"TestSimpleCompactorEstimateIncludesRequestPreamble","Output":"=== RUN   TestSimpleCompactorEstimateIncludesRequestPreamble\n"}
{"Time":"2026-09-20T18:43:07.609953+10:00","Action":"output","Package":"github.com/ollama/ollama/agent","Test":"TestSimpleCompactorEstimateIncludesRequestPreamble","Output":"--- PASS: TestSimpleCompactorEstimateIncludesRequestPreamble (0.00s)\n"}
{"Time":"2026-09-20T18:43:07.609968+10:00","Action":"pass","Package":"github.com/ollama/ollama/agent","Test":"TestSimpleCompactorEstimateIncludesRequestPreamble","Elapsed":0}
{"Time":"2026-09-20T18:43:07.609983+10:00","Action":"run","Package":"github.com/ollama/ollama/agent","Test":"TestCompactionPromptFitsBudgetByTruncatingLargeToolOutput"}
{"Time":"2026-09-20T18:43:07.610011+10:00","Action":"output","Package":"github.com/ollama/ollama/agent","Test":"TestCompactionPromptFitsBudgetByTruncatingLargeToolOutput","Output":"=== RUN   TestCompactionPromptFitsBudgetByTruncatingLargeToolOutput\n"}
{"Time":"2026-09-20T18:43:07.610028+10:00","Action":"output","Package":"github.com/ollama/ollama/agent","Test":"TestCompactionPromptFitsBudgetByTruncatingLargeToolOutput","Output":"--- PASS: TestCompactionPromptFitsBudgetByTruncatingLargeToolOutput (0.00s)\n"}
{"Time":"2026-09-20T18:43:07.610042+10:00","Action":"pass","Package":"github.com/ollama/ollama/agent","Test":"TestCompactionPromptFitsBudgetByTruncatingLargeToolOutput","Elapsed":0}
{"Time":"2026-09-20T18:43:07.610057+10:00","Action":"run","Package":"github.com/ollama/ollama/agent","Test":"TestCompactionPromptRetruncatesAlreadyTruncatedToolOutput"}
{"Time":"2026-09-20T18:43:07.610074+10:00","Action":"output","Package":"github.com/ollama/ollama/agent","Test":"TestCompactionPromptRetruncatesAlreadyTruncatedToolOutput","Output":"=== RUN   TestCompactionPromptRetruncatesAlreadyTruncatedToolOutput\n"}
{"Time":"2026-09-20T18:43:07.610124+10:00","Action":"output","Package":"github.com/ollama/ollama/agent","Test":"TestCompactionPromptRetruncatesAlreadyTruncatedToolOutput","Output":"--- PASS: TestCompactionPromptRetruncatesAlreadyTruncatedToolOutput (0.01s)\n"}
{"Time":"2026-09-20T18:43:07.610142+10:00","Action":"pass","Package":"github.com/ollama/ollama/agent","Test":"TestCompactionPromptRetruncatesAlreadyTruncatedToolOutput","Elapsed":0.01}
{"Time":"2026-09-20T18:43:07.61018+10:00","Action":"run","Package":"github.com/ollama/ollama/agent","Test":"TestCompactionSummaryTextStripsPrefix"}
{"Time":"2026-09-20T18:43:07.610195+10:00","Action":"output","Package":"github.com/ollama/ollama/agent","Test":"TestCompactionSummaryTextStripsPrefix","Output":"=== RUN   TestCompactionSummaryTextStripsPrefix\n"}
{"Time":"2026-09-20T18:43:07.610209+10:00","Action":"output","Package":"github.com/ollama/ollama/agent","Test":"TestCompactionSummaryTextStripsPrefix","Output":"--- PASS: TestCompactionSummaryTextStripsPrefix (0.00s)\n"}
{"Time":"2026-09-20T18:43:07.610225+10:00","Action":"pass","Package":"github.com/ollama/ollama/agent","Test":"TestCompactionSummaryTextStripsPrefix","Elapsed":0}
{"Time":"2026-09-20T18:43:07.610242+10:00","Action":"run","Package":"github.com/ollama/ollama/agent","Test":"TestCompactionSummaryCanTellModelToContinueTask"}
{"Time":"2026-09-20T18:43:07.610256+10:00","Action":"output","Package":"github.com/ollama/ollama/agent","Test":"TestCompactionSummaryCanTellModelToContinueTask","Output":"=== RUN   TestCompactionSummaryCanTellModelToContinueTask\n"}
{"Time":"2026-09-20T18:43:07.610271+10:00","Action":"output","Package":"github.com/ollama/ollama/agent","Test":"TestCompactionSummaryCanTellModelToContinueTask","Output":"--- PASS: TestCompactionSummaryCanTellModelToContinueTask (0.00s)\n"}
{"Time":"2026-09-20T18:43:07.610285+10:00","Action":"pass","Package":"github.com/ollama/ollama/agent","Test":"TestCompactionSummaryCanTellModelToContinueTask","Elapsed":0}
{"Time":"2026-09-20T18:43:07.610298+10:00","Action":"run","Package":"github.com/ollama/ollama/agent","Test":"TestResolveContextWindowTokensPrefersExplicitNumCtx"}
{"Time":"2026-09-20T18:43:07.610357+10:00","Action":"output","Package":"github.com/ollama/ollama/agent","Test":"TestResolveContextWindowTokensPrefersExplicitNumCtx","Output":"=== RUN   TestResolveContextWindowTokensPrefersExplicitNumCtx\n"}
{"Time":"2026-09-20T18:43:07.610396+10:00","Action":"run","Package":"github.com/ollama/ollama/agent","Test":"TestResolveContextWindowTokensPrefersExplicitNumCtx/explicit_smaller_num_ctx"}
{"Time":"2026-09-20T18:43:07.610418+10:00","Action":"output","Package":"github.com/ollama/ollama/agent","Test":"TestResolveContextWindowTokensPrefersExplicitNumCtx/explicit_smaller_num_ctx","Output":"=== RUN   TestResolveContextWindowTokensPrefersExplicitNumCtx/explicit_smaller_num_ctx\n"}
{"Time":"2026-09-20T18:43:07.61044+10:00","Action":"output","Package":"github.com/ollama/ollama/agent","Test":"TestResolveContextWindowTokensPrefersExplicitNumCtx/explicit_smaller_num_ctx","Output":"--- PASS: TestResolveContextWindowTokensPrefersExplicitNumCtx/explicit_smaller_num_ctx (0.00s)\n"}
{"Time":"2026-09-20T18:43:07.610472+10:00","Action":"pass","Package":"github.com/ollama/ollama/agent","Test":"TestResolveContextWindowTokensPrefersExplicitNumCtx/explicit_smaller_num_ctx","Elapsed":0}
{"Time":"2026-09-20T18:43:07.610492+10:00","Action":"run","Package":"github.com/ollama/ollama/agent","Test":"TestResolveContextWindowTokensPrefersExplicitNumCtx/explicit_num_ctx_can_exceed_configured_metadata"}
{"Time":"2026-09-20T18:43:07.610512+10:00","Action":"output","Package":"github.com/ollama/ollama/agent","Test":"TestResolveContextWindowTokensPrefersExplicitNumCtx/explicit_num_ctx_can_exceed_configured_metadata","Output":"=== RUN   TestResolveContextWindowTokensPrefersExplicitNumCtx/explicit_num_ctx_can_exceed_configured_metadata\n"}
{"Time":"2026-09-20T18:43:07.610645+10:00","Action":"output","Package":"github.com/ollama/ollama/agent","Test":"TestResolveContextWindowTokensPrefersExplicitNumCtx/explicit_num_ctx_can_exceed_configured_metadata","Output":"--- PASS: TestResolveContextWindowTokensPrefersExplicitNumCtx/explicit_num_ctx_can_exceed_configured_metadata (0.00s)\n"}
{"Time":"2026-09-20T18:43:07.610664+10:00","Action":"pass","Package":"github.com/ollama/ollama/agent","Test":"TestResolveContextWindowTokensPrefersExplicitNumCtx/explicit_num_ctx_can_exceed_configured_metadata","Elapsed":0}
{"Time":"2026-09-20T18:43:07.610684+10:00","Action":"run","Package":"github.com/ollama/ollama/agent","Test":"TestResolveContextWindowTokensPrefersExplicitNumCtx/metadata_without_explicit_num_ctx"}
{"Time":"2026-09-20T18:43:07.6107+10:00","Action":"output","Package":"github.com/ollama/ollama/agent","Test":"TestResolveContextWindowTokensPrefersExplicitNumCtx/metadata_without_explicit_num_ctx","Output":"=== RUN   TestResolveContextWindowTokensPrefersExplicitNumCtx/metadata_without_explicit_num_ctx\n"}
{"Time":"2026-09-20T18:43:07.610724+10:00","Action":"output","Package":"github.com/ollama/ollama/agent","Test":"TestResolveContextWindowTokensPrefersExplicitNumCtx/metadata_without_explicit_num_ctx","Output":"--- PASS: TestResolveContextWindowTokensPrefersExplicitNumCtx/metadata_without_explicit_num_ctx (0.00s)\n"}
{"Time":"2026-09-20T18:43:07.610741+10:00","Action":"pass","Package":"github.com/ollama/ollama/agent","Test":"TestResolveContextWindowTokensPrefersExplicitNumCtx/metadata_without_explicit_num_ctx","Elapsed":0}
{"Time":"2026-09-20T18:43:07.610766+10:00","Action":"output","Package":"github.com/ollama/ollama/agent","Test":"TestResolveContextWindowTokensPrefersExplicitNumCtx","Output":"--- PASS: TestResolveContextWindowTokensPrefersExplicitNumCtx (0.00s)\n"}
{"Time":"2026-09-20T18:43:07.610783+10:00","Action":"pass","Package":"github.com/ollama/ollama/agent","Test":"TestResolveContextWindowTokensPrefersExplicitNumCtx","Elapsed":0}
{"Time":"2026-09-20T18:43:07.610799+10:00","Action":"run","Package":"github.com/ollama/ollama/agent","Test":"TestSimpleCompactorForceCompactsWithoutPromptEvalCount"}
{"Time":"2026-09-20T18:43:07.610814+10:00","Action":"output","Package":"github.com/ollama/ollama/agent","Test":"TestSimpleCompactorForceCompactsWithoutPromptEvalCount","Output":"=== RUN   TestSimpleCompactorForceCompactsWithoutPromptEvalCount\n"}
{"Time":"2026-09-20T18:43:07.610831+10:00","Action":"output","Package":"github.com/ollama/ollama/agent","Test":"TestSimpleCompactorForceCompactsWithoutPromptEvalCount","Output":"--- PASS: TestSimpleCompactorForceCompactsWithoutPromptEvalCount (0.00s)\n"}
{"Time":"2026-09-20T18:43:07.610849+10:00","Action":"pass","Package":"github.com/ollama/ollama/agent","Test":"TestSimpleCompactorForceCompactsWithoutPromptEvalCount","Elapsed":0}
{"Time":"2026-09-20T18:43:07.610866+10:00","Action":"run","Package":"github.com/ollama/ollama/agent","Test":"TestSimpleCompactorDefaultsToKeepingThreeUserTurns"}
{"Time":"2026-09-20T18:43:07.610884+10:00","Action":"output","Package":"github.com/ollama/ollama/agent","Test":"TestSimpleCompactorDefaultsToKeepingThreeUserTurns","Output":"=== RUN   TestSimpleCompactorDefaultsToKeepingThreeUserTurns\n"}
{"Time":"2026-09-20T18:43:07.610913+10:00","Action":"output","Package":"github.com/ollama/ollama/agent","Test":"TestSimpleCompactorDefaultsToKeepingThreeUserTurns","Output":"--- PASS: TestSimpleCompactorDefaultsToKeepingThreeUserTurns (0.00s)\n"}
{"Time":"2026-09-20T18:43:07.610927+10:00","Action":"pass","Package":"github.com/ollama/ollama/agent","Test":"TestSimpleCompactorDefaultsToKeepingThreeUserTurns","Elapsed":0}
{"Time":"2026-09-20T18:43:07.610941+10:00","Action":"run","Package":"github.com/ollama/ollama/agent","Test":"TestSimpleCompactorCarriesPreviousSummary"}
{"Time":"2026-09-20T18:43:07.610953+10:00","Action":"output","Package":"github.com/ollama/ollama/agent","Test":"TestSimpleCompactorCarriesPreviousSummary","Output":"=== RUN   TestSimpleCompactorCarriesPreviousSummary\n"}
{"Time":"2026-09-20T18:43:07.610972+10:00","Action":"output","Package":"github.com/ollama/ollama/agent","Test":"TestSimpleCompactorCarriesPreviousSummary","Output":"--- PASS: TestSimpleCompactorCarriesPreviousSummary (0.00s)\n"}
{"Time":"2026-09-20T18:43:07.610987+10:00","Action":"pass","Package":"github.com/ollama/ollama/agent","Test":"TestSimpleCompactorCarriesPreviousSummary","Elapsed":0}
{"Time":"2026-09-20T18:43:07.611002+10:00","Action":"run","Package":"github.com/ollama/ollama/agent","Test":"TestSimpleCompactorCarriesPreviousToolSummaryAndPlacesNewSummaryBeforeKeptSuffix"}
{"Time":"2026-09-20T18:43:07.611019+10:00","Action":"output","Package":"github.com/ollama/ollama/agent","Test":"TestSimpleCompactorCarriesPreviousToolSummaryAndPlacesNewSummaryBeforeKeptSuffix","Output":"=== RUN   TestSimpleCompactorCarriesPreviousToolSummaryAndPlacesNewSummaryBeforeKeptSuffix\n"}
{"Time":"2026-09-20T18:43:07.611035+10:00","Action":"output","Package":"github.com/ollama/ollama/agent","Test":"TestSimpleCompactorCarriesPreviousToolSummaryAndPlacesNewSummaryBeforeKeptSuffix","Output":"--- PASS: TestSimpleCompactorCarriesPreviousToolSummaryAndPlacesNewSummaryBeforeKeptSuffix (0.00s)\n"}
{"Time":"2026-09-20T18:43:07.611052+10:00","Action":"pass","Package":"github.com/ollama/ollama/agent","Test":"TestSimpleCompactorCarriesPreviousToolSummaryAndPlacesNewSummaryBeforeKeptSuffix","Elapsed":0}
{"Time":"2026-09-20T18:43:07.620663+10:00","Action":"run","Package":"github.com/ollama/ollama/agent","Test":"TestSessionEmitsToAllSinksAfterError"}
{"Time":"2026-09-20T18:43:07.621153+10:00","Action":"output","Package":"github.com/ollama/ollama/agent","Test":"TestSessionEmitsToAllSinksAfterError","Output":"=== RUN   TestSessionEmitsToAllSinksAfterError\n"}
{"Time":"2026-09-20T18:43:07.621181+10:00","Action":"output","Package":"github.com/ollama/ollama/agent","Test":"TestSessionEmitsToAllSinksAfterError","Output":"--- PASS: TestSessionEmitsToAllSinksAfterError (0.00s)\n"}
{"Time":"2026-09-20T18:43:07.621197+10:00","Action":"pass","Package":"github.com/ollama/ollama/agent","Test":"TestSessionEmitsToAllSinksAfterError","Elapsed":0}
{"Time":"2026-09-20T18:43:07.621221+10:00","Action":"run","Package":"github.com/ollama/ollama/agent","Test":"TestSessionRunsToolLoop"}
{"Time":"2026-09-20T18:43:07.621244+10:00","Action":"output","Package":"github.com/ollama/ollama/agent","Test":"TestSessionRunsToolLoop","Output":"=== RUN   TestSessionRunsToolLoop\n"}
{"Time":"2026-09-20T18:43:07.621261+10:00","Action":"output","Package":"github.com/ollama/ollama/agent","Test":"TestSessionRunsToolLoop","Output":"--- PASS: TestSessionRunsToolLoop (0.00s)\n"}
{"Time":"2026-09-20T18:43:07.621284+10:00","Action":"pass","Package":"github.com/ollama/ollama/agent","Test":"TestSessionRunsToolLoop","Elapsed":0}
{"Time":"2026-09-20T18:43:07.621297+10:00","Action":"run","Package":"github.com/ollama/ollama/agent","Test":"TestSessionAddsSystemPromptOnlyToRequest"}
{"Time":"2026-09-20T18:43:07.621311+10:00","Action":"output","Package":"github.com/ollama/ollama/agent","Test":"TestSessionAddsSystemPromptOnlyToRequest","Output":"=== RUN   TestSessionAddsSystemPromptOnlyToRequest\n"}
{"Time":"2026-09-20T18:43:07.621411+10:00","Action":"output","Package":"github.com/ollama/ollama/agent","Test":"TestSessionAddsSystemPromptOnlyToRequest","Output":"--- PASS: TestSessionAddsSystemPromptOnlyToRequest (0.00s)\n"}
{"Time":"2026-09-20T18:43:07.62151+10:00","Action":"pass","Package":"github.com/ollama/ollama/agent","Test":"TestSessionAddsSystemPromptOnlyToRequest","Elapsed":0}
{"Time":"2026-09-20T18:43:07.621543+10:00","Action":"run","Package":"github.com/ollama/ollama/agent","Test":"TestSessionChatRequestMatchesRunRequest"}
{"Time":"2026-09-20T18:43:07.621567+10:00","Action":"output","Package":"github.com/ollama/ollama/agent","Test":"TestSessionChatRequestMatchesRunRequest","Output":"=== RUN   TestSessionChatRequestMatchesRunRequest\n"}
{"Time":"2026-09-20T18:43:07.621592+10:00","Action":"output","Package":"github.com/ollama/ollama/agent","Test":"TestSessionChatRequestMatchesRunRequest","Output":"--- PASS: TestSessionChatRequestMatchesRunRequest (0.00s)\n"}
{"Time":"2026-09-20T18:43:07.621609+10:00","Action":"pass","Package":"github.com/ollama/ollama/agent","Test":"TestSessionChatRequestMatchesRunRequest","Elapsed":0}
{"Time":"2026-09-20T18:43:07.621626+10:00","Action":"run","Package":"github.com/ollama/ollama/agent","Test":"TestSessionAccumulatesStreamingAssistantMessage"}
{"Time":"2026-09-20T18:43:07.621642+10:00","Action":"output","Package":"github.com/ollama/ollama/agent","Test":"TestSessionAccumulatesStreamingAssistantMessage","Output":"=== RUN   TestSessionAccumulatesStreamingAssistantMessage\n"}
{"Time":"2026-09-20T18:43:07.621657+10:00","Action":"output","Package":"github.com/ollama/ollama/agent","Test":"TestSessionAccumulatesStreamingAssistantMessage","Output":"--- PASS: TestSessionAccumulatesStreamingAssistantMessage (0.00s)\n"}
{"Time":"2026-09-20T18:43:07.621672+10:00","Action":"pass","Package":"github.com/ollama/ollama/agent","Test":"TestSessionAccumulatesStreamingAssistantMessage","Elapsed":0}
{"Time":"2026-09-20T18:43:07.621687+10:00","Action":"run","Package":"github.com/ollama/ollama/agent","Test":"TestSessionRequestHistoryKeepsThinkingAndServerToolCallIDs"}
{"Time":"2026-09-20T18:43:07.621709+10:00","Action":"output","Package":"github.com/ollama/ollama/agent","Test":"TestSessionRequestHistoryKeepsThinkingAndServerToolCallIDs","Output":"=== RUN   TestSessionRequestHistoryKeepsThinkingAndServerToolCallIDs\n"}
{"Time":"2026-09-20T18:43:07.621725+10:00","Action":"output","Package":"github.com/ollama/ollama/agent","Test":"TestSessionRequestHistoryKeepsThinkingAndServerToolCallIDs","Output":"--- PASS: TestSessionRequestHistoryKeepsThinkingAndServerToolCallIDs (0.00s)\n"}
{"Time":"2026-09-20T18:43:07.621737+10:00","Action":"pass","Package":"github.com/ollama/ollama/agent","Test":"TestSessionRequestHistoryKeepsThinkingAndServerToolCallIDs","Elapsed":0}
{"Time":"2026-09-20T18:43:07.621751+10:00","Action":"run","Package":"github.com/ollama/ollama/agent","Test":"TestSessionKeepsPartialStreamOnCancellation"}
{"Time":"2026-09-20T18:43:07.621764+10:00","Action":"output","Package":"github.com/ollama/ollama/agent","Test":"TestSessionKeepsPartialStreamOnCancellation","Output":"=== RUN   TestSessionKeepsPartialStreamOnCancellation\n"}
{"Time":"2026-09-20T18:43:07.621778+10:00","Action":"output","Package":"github.com/ollama/ollama/agent","Test":"TestSessionKeepsPartialStreamOnCancellation","Output":"--- PASS: TestSessionKeepsPartialStreamOnCancellation (0.00s)\n"}
{"Time":"2026-09-20T18:43:07.621793+10:00","Action":"pass","Package":"github.com/ollama/ollama/agent","Test":"TestSessionKeepsPartialStreamOnCancellation","Elapsed":0}
{"Time":"2026-09-20T18:43:07.62181+10:00","Action":"run","Package":"github.com/ollama/ollama/agent","Test":"TestSessionCancellationKeepsPartialResultWhenUISinkCancels"}
{"Time":"2026-09-20T18:43:07.621825+10:00","Action":"output","Package":"github.com/ollama/ollama/agent","Test":"TestSessionCancellationKeepsPartialResultWhenUISinkCancels","Output":"=== RUN   TestSessionCancellationKeepsPartialResultWhenUISinkCancels\n"}
{"Time":"2026-09-20T18:43:07.62184+10:00","Action":"output","Package":"github.com/ollama/ollama/agent","Test":"TestSessionCancellationKeepsPartialResultWhenUISinkCancels","Output":"--- PASS: TestSessionCancellationKeepsPartialResultWhenUISinkCancels (0.00s)\n"}
{"Time":"2026-09-20T18:43:07.621875+10:00","Action":"pass","Package":"github.com/ollama/ollama/agent","Test":"TestSessionCancellationKeepsPartialResultWhenUISinkCancels","Elapsed":0}
{"Time":"2026-09-20T18:43:07.621889+10:00","Action":"run","Package":"github.com/ollama/ollama/agent","Test":"TestSessionTreatsHTTPContextCanceledStringAsCancellation"}
{"Time":"2026-09-20T18:43:07.621902+10:00","Action":"output","Package":"github.com/ollama/ollama/agent","Test":"TestSessionTreatsHTTPContextCanceledStringAsCancellation","Output":"=== RUN   TestSessionTreatsHTTPContextCanceledStringAsCancellation\n"}
{"Time":"2026-09-20T18:43:07.621914+10:00","Action":"output","Package":"github.com/ollama/ollama/agent","Test":"TestSessionTreatsHTTPContextCanceledStringAsCancellation","Output":"--- PASS: TestSessionTreatsHTTPContextCanceledStringAsCancellation (0.00s)\n"}
{"Time":"2026-09-20T18:43:07.621931+10:00","Action":"pass","Package":"github.com/ollama/ollama/agent","Test":"TestSessionTreatsHTTPContextCanceledStringAsCancellation","Elapsed":0}
{"Time":"2026-09-20T18:43:07.621945+10:00","Action":"run","Package":"github.com/ollama/ollama/agent","Test":"TestSessionDisabledToolsOmitToolsAndReturnsDisabledResults"}
{"Time":"2026-09-20T18:43:07.621959+10:00","Action":"output","Package":"github.com/ollama/ollama/agent","Test":"TestSessionDisabledToolsOmitToolsAndReturnsDisabledResults","Output":"=== RUN   TestSessionDisabledToolsOmitToolsAndReturnsDisabledResults\n"}
{"Time":"2026-09-20T18:43:07.621972+10:00","Action":"output","Package":"github.com/ollama/ollama/agent","Test":"TestSessionDisabledToolsOmitToolsAndReturnsDisabledResults","Output":"--- PASS: TestSessionDisabledToolsOmitToolsAndReturnsDisabledResults (0.00s)\n"}
{"Time":"2026-09-20T18:43:07.626952+10:00","Action":"pass","Package":"github.com/ollama/ollama/agent","Test":"TestSessionDisabledToolsOmitToolsAndReturnsDisabledResults","Elapsed":0}
{"Time":"2026-09-20T18:43:07.627032+10:00","Action":"run","Package":"github.com/ollama/ollama/agent","Test":"TestSessionCancellationAfterToolCallAppendsSkippedToolMessage"}
{"Time":"2026-09-20T18:43:07.627051+10:00","Action":"output","Package":"github.com/ollama/ollama/agent","Test":"TestSessionCancellationAfterToolCallAppendsSkippedToolMessage","Output":"=== RUN   TestSessionCancellationAfterToolCallAppendsSkippedToolMessage\n"}
{"Time":"2026-09-20T18:43:07.62707+10:00","Action":"output","Package":"github.com/ollama/ollama/agent","Test":"TestSessionCancellationAfterToolCallAppendsSkippedToolMessage","Output":"--- PASS: TestSessionCancellationAfterToolCallAppendsSkippedToolMessage (0.00s)\n"}
{"Time":"2026-09-20T18:43:07.627086+10:00","Action":"pass","Package":"github.com/ollama/ollama/agent","Test":"TestSessionCancellationAfterToolCallAppendsSkippedToolMessage","Elapsed":0}
{"Time":"2026-09-20T18:43:07.627105+10:00","Action":"run","Package":"github.com/ollama/ollama/agent","Test":"TestSessionCancellationDuringToolExecutionAppendsToolMessage"}
{"Time":"2026-09-20T18:43:07.627131+10:00","Action":"output","Package":"github.com/ollama/ollama/agent","Test":"TestSessionCancellationDuringToolExecutionAppendsToolMessage","Output":"=== RUN   TestSessionCancellationDuringToolExecutionAppendsToolMessage\n"}
{"Time":"2026-09-20T18:43:07.627149+10:00","Action":"output","Package":"github.com/ollama/ollama/agent","Test":"TestSessionCancellationDuringToolExecutionAppendsToolMessage","Output":"--- PASS: TestSessionCancellationDuringToolExecutionAppendsToolMessage (0.00s)\n"}
{"Time":"2026-09-20T18:43:07.62717+10:00","Action":"pass","Package":"github.com/ollama/ollama/agent","Test":"TestSessionCancellationDuringToolExecutionAppendsToolMessage","Elapsed":0}
{"Time":"2026-09-20T18:43:07.627184+10:00","Action":"run","Package":"github.com/ollama/ollama/agent","Test":"TestSessionToolLoopAllowsRoundsUnderDefaultCap"}
{"Time":"2026-09-20T18:43:07.627198+10:00","Action":"output","Package":"github.com/ollama/ollama/agent","Test":"TestSessionToolLoopAllowsRoundsUnderDefaultCap","Output":"=== RUN   TestSessionToolLoopAllowsRoundsUnderDefaultCap\n"}
{"Time":"2026-09-20T18:43:07.627237+10:00","Action":"output","Package":"github.com/ollama/ollama/agent","Test":"TestSessionToolLoopAllowsRoundsUnderDefaultCap","Output":"--- PASS: TestSessionToolLoopAllowsRoundsUnderDefaultCap (0.02s)\n"}
{"Time":"2026-09-20T18:43:07.627281+10:00","Action":"pass","Package":"github.com/ollama/ollama/agent","Test":"TestSessionToolLoopAllowsRoundsUnderDefaultCap","Elapsed":0.02}
{"Time":"2026-09-20T18:43:07.627311+10:00","Action":"run","Package":"github.com/ollama/ollama/agent","Test":"TestSessionLocalToolRoundLimitAppendsSkippedToolMessages"}
{"Time":"2026-09-20T18:43:07.627335+10:00","Action":"output","Package":"github.com/ollama/ollama/agent","Test":"TestSessionLocalToolRoundLimitAppendsSkippedToolMessages","Output":"=== RUN   TestSessionLocalToolRoundLimitAppendsSkippedToolMessages\n"}
{"Time":"2026-09-20T18:43:07.627356+10:00","Action":"output","Package":"github.com/ollama/ollama/agent","Test":"TestSessionLocalToolRoundLimitAppendsSkippedToolMessages","Output":"--- PASS: TestSessionLocalToolRoundLimitAppendsSkippedToolMessages (0.01s)\n"}
{"Time":"2026-09-20T18:43:07.627372+10:00","Action":"pass","Package":"github.com/ollama/ollama/agent","Test":"TestSessionLocalToolRoundLimitAppendsSkippedToolMessages","Elapsed":0.01}
{"Time":"2026-09-20T18:43:07.627387+10:00","Action":"run","Package":"github.com/ollama/ollama/agent","Test":"TestSessionLocalToolLoopStopsAtDefaultRoundCap"}
{"Time":"2026-09-20T18:43:07.627401+10:00","Action":"output","Package":"github.com/ollama/ollama/agent","Test":"TestSessionLocalToolLoopStopsAtDefaultRoundCap","Output":"=== RUN   TestSessionLocalToolLoopStopsAtDefaultRoundCap\n"}
{"Time":"2026-09-20T18:43:07.784375+10:00","Action":"output","Package":"github.com/ollama/ollama/agent","Test":"TestSessionLocalToolLoopStopsAtDefaultRoundCap","Output":"--- PASS: TestSessionLocalToolLoopStopsAtDefaultRoundCap (0.18s)\n"}
{"Time":"2026-09-20T18:43:07.784455+10:00","Action":"pass","Package":"github.com/ollama/ollama/agent","Test":"TestSessionLocalToolLoopStopsAtDefaultRoundCap","Elapsed":0.18}
{"Time":"2026-09-20T18:43:07.784493+10:00","Action":"run","Package":"github.com/ollama/ollama/agent","Test":"TestSessionCloudToolLoopHonorsExplicitRoundCap"}
{"Time":"2026-09-20T18:43:07.784517+10:00","Action":"output","Package":"github.com/ollama/ollama/agent","Test":"TestSessionCloudToolLoopHonorsExplicitRoundCap","Output":"=== RUN   TestSessionCloudToolLoopHonorsExplicitRoundCap\n"}
{"Time":"2026-09-20T18:43:07.784535+10:00","Action":"output","Package":"github.com/ollama/ollama/agent","Test":"TestSessionCloudToolLoopHonorsExplicitRoundCap","Output":"--- PASS: TestSessionCloudToolLoopHonorsExplicitRoundCap (0.00s)\n"}
{"Time":"2026-09-20T18:43:07.784553+10:00","Action":"pass","Package":"github.com/ollama/ollama/agent","Test":"TestSessionCloudToolLoopHonorsExplicitRoundCap","Elapsed":0}
{"Time":"2026-09-20T18:43:07.784569+10:00","Action":"run","Package":"github.com/ollama/ollama/agent","Test":"TestSessionToolLoopNegativeLimitIsUnlimited"}
{"Time":"2026-09-20T18:43:07.784584+10:00","Action":"output","Package":"github.com/ollama/ollama/agent","Test":"TestSessionToolLoopNegativeLimitIsUnlimited","Output":"=== RUN   TestSessionToolLoopNegativeLimitIsUnlimited\n"}
{"Time":"2026-09-20T18:43:07.840142+10:00","Action":"output","Package":"github.com/ollama/ollama/agent","Test":"TestSessionToolLoopNegativeLimitIsUnlimited","Output":"--- PASS: TestSessionToolLoopNegativeLimitIsUnlimited (0.05s)\n"}
{"Time":"2026-09-20T18:43:07.840279+10:00","Action":"pass","Package":"github.com/ollama/ollama/agent","Test":"TestSessionToolLoopNegativeLimitIsUnlimited","Elapsed":0.05}
{"Time":"2026-09-20T18:43:07.840307+10:00","Action":"run","Package":"github.com/ollama/ollama/agent","Test":"TestSessionTruncatesLargeToolResultsBeforeHistory"}
{"Time":"2026-09-20T18:43:07.840348+10:00","Action":"output","Package":"github.com/ollama/ollama/agent","Test":"TestSessionTruncatesLargeToolResultsBeforeHistory","Output":"=== RUN   TestSessionTruncatesLargeToolResultsBeforeHistory\n"}
{"Time":"2026-09-20T18:43:07.848027+10:00","Action":"output","Package":"github.com/ollama/ollama/agent","Test":"TestSessionTruncatesLargeToolResultsBeforeHistory","Output":"--- PASS: TestSessionTruncatesLargeToolResultsBeforeHistory (0.01s)\n"}
{"Time":"2026-09-20T18:43:07.848111+10:00","Action":"pass","Package":"github.com/ollama/ollama/agent","Test":"TestSessionTruncatesLargeToolResultsBeforeHistory","Elapsed":0.01}
{"Time":"2026-09-20T18:43:07.848145+10:00","Action":"run","Package":"github.com/ollama/ollama/agent","Test":"TestSessionSmallContextUsesLowerToolResultPreviewCap"}
{"Time":"2026-09-20T18:43:07.848194+10:00","Action":"output","Package":"github.com/ollama/ollama/agent","Test":"TestSessionSmallContextUsesLowerToolResultPreviewCap","Output":"=== RUN   TestSessionSmallContextUsesLowerToolResultPreviewCap\n"}
{"Time":"2026-09-20T18:43:07.848216+10:00","Action":"output","Package":"github.com/ollama/ollama/agent","Test":"TestSessionSmallContextUsesLowerToolResultPreviewCap","Output":"--- PASS: TestSessionSmallContextUsesLowerToolResultPreviewCap (0.00s)\n"}
{"Time":"2026-09-20T18:43:07.848233+10:00","Action":"pass","Package":"github.com/ollama/ollama/agent","Test":"TestSessionSmallContextUsesLowerToolResultPreviewCap","Elapsed":0}
{"Time":"2026-09-20T18:43:07.848248+10:00","Action":"run","Package":"github.com/ollama/ollama/agent","Test":"TestSessionSmallContextRecapsPreTruncatedToolOutput"}
{"Time":"2026-09-20T18:43:07.848263+10:00","Action":"output","Package":"github.com/ollama/ollama/agent","Test":"TestSessionSmallContextRecapsPreTruncatedToolOutput","Output":"=== RUN   TestSessionSmallContextRecapsPreTruncatedToolOutput\n"}
{"Time":"2026-09-20T18:43:07.848293+10:00","Action":"output","Package":"github.com/ollama/ollama/agent","Test":"TestSessionSmallContextRecapsPreTruncatedToolOutput","Output":"--- PASS: TestSessionSmallContextRecapsPreTruncatedToolOutput (0.00s)\n"}
{"Time":"2026-09-20T18:43:07.848387+10:00","Action":"pass","Package":"github.com/ollama/ollama/agent","Test":"TestSessionSmallContextRecapsPreTruncatedToolOutput","Elapsed":0}
{"Time":"2026-09-20T18:43:07.848405+10:00","Action":"run","Package":"github.com/ollama/ollama/agent","Test":"TestSessionRequestSanitizesPreMarkedToolOutput"}
{"Time":"2026-09-20T18:43:07.848419+10:00","Action":"output","Package":"github.com/ollama/ollama/agent","Test":"TestSessionRequestSanitizesPreMarkedToolOutput","Output":"=== RUN   TestSessionRequestSanitizesPreMarkedToolOutput\n"}
{"Time":"2026-09-20T18:43:07.859145+10:00","Action":"output","Package":"github.com/ollama/ollama/agent","Test":"TestSessionRequestSanitizesPreMarkedToolOutput","Output":"--- PASS: TestSessionRequestSanitizesPreMarkedToolOutput (0.01s)\n"}
{"Time":"2026-09-20T18:43:07.859201+10:00","Action":"pass","Package":"github.com/ollama/ollama/agent","Test":"TestSessionRequestSanitizesPreMarkedToolOutput","Elapsed":0.01}
{"Time":"2026-09-20T18:43:07.859231+10:00","Action":"run","Package":"github.com/ollama/ollama/agent","Test":"TestSessionCompactsAfterToolResultsBeforeContinuing"}
{"Time":"2026-09-20T18:43:07.859259+10:00","Action":"output","Package":"github.com/ollama/ollama/agent","Test":"TestSessionCompactsAfterToolResultsBeforeContinuing","Output":"=== RUN   TestSessionCompactsAfterToolResultsBeforeContinuing\n"}
{"Time":"2026-09-20T18:43:07.859288+10:00","Action":"output","Package":"github.com/ollama/ollama/agent","Test":"TestSessionCompactsAfterToolResultsBeforeContinuing","Output":"--- PASS: TestSessionCompactsAfterToolResultsBeforeContinuing (0.00s)\n"}
{"Time":"2026-09-20T18:43:07.859308+10:00","Action":"pass","Package":"github.com/ollama/ollama/agent","Test":"TestSessionCompactsAfterToolResultsBeforeContinuing","Elapsed":0}
{"Time":"2026-09-20T18:43:07.859367+10:00","Action":"run","Package":"github.com/ollama/ollama/agent","Test":"TestSessionStopsWhenCompactedHistoryStillExceedsContext"}
{"Time":"2026-09-20T18:43:07.859384+10:00","Action":"output","Package":"github.com/ollama/ollama/agent","Test":"TestSessionStopsWhenCompactedHistoryStillExceedsContext","Output":"=== RUN   TestSessionStopsWhenCompactedHistoryStillExceedsContext\n"}
{"Time":"2026-09-20T18:43:07.859423+10:00","Action":"output","Package":"github.com/ollama/ollama/agent","Test":"TestSessionStopsWhenCompactedHistoryStillExceedsContext","Output":"--- PASS: TestSessionStopsWhenCompactedHistoryStillExceedsContext (0.00s)\n"}
{"Time":"2026-09-20T18:43:07.859439+10:00","Action":"pass","Package":"github.com/ollama/ollama/agent","Test":"TestSessionStopsWhenCompactedHistoryStillExceedsContext","Elapsed":0}
{"Time":"2026-09-20T18:43:07.859489+10:00","Action":"run","Package":"github.com/ollama/ollama/agent","Test":"TestSessionContextCapsToolResultBeforeCompaction"}
{"Time":"2026-09-20T18:43:07.85951+10:00","Action":"output","Package":"github.com/ollama/ollama/agent","Test":"TestSessionContextCapsToolResultBeforeCompaction","Output":"=== RUN   TestSessionContextCapsToolResultBeforeCompaction\n"}
{"Time":"2026-09-20T18:43:07.898397+10:00","Action":"output","Package":"github.com/ollama/ollama/agent","Test":"TestSessionContextCapsToolResultBeforeCompaction","Output":"--- PASS: TestSessionContextCapsToolResultBeforeCompaction (0.04s)\n"}
{"Time":"2026-09-20T18:43:07.898526+10:00","Action":"pass","Package":"github.com/ollama/ollama/agent","Test":"TestSessionContextCapsToolResultBeforeCompaction","Elapsed":0.04}
{"Time":"2026-09-20T18:43:07.89857+10:00","Action":"run","Package":"github.com/ollama/ollama/agent","Test":"TestSessionCompactsThenReattachesFullyOmittedToolResult"}
{"Time":"2026-09-20T18:43:07.898587+10:00","Action":"output","Package":"github.com/ollama/ollama/agent","Test":"TestSessionCompactsThenReattachesFullyOmittedToolResult","Output":"=== RUN   TestSessionCompactsThenReattachesFullyOmittedToolResult\n"}
{"Time":"2026-09-20T18:43:07.901517+10:00","Action":"output","Package":"github.com/ollama/ollama/agent","Test":"TestSessionCompactsThenReattachesFullyOmittedToolResult","Output":"--- PASS: TestSessionCompactsThenReattachesFullyOmittedToolResult (0.01s)\n"}
{"Time":"2026-09-20T18:43:07.901589+10:00","Action":"pass","Package":"github.com/ollama/ollama/agent","Test":"TestSessionCompactsThenReattachesFullyOmittedToolResult","Elapsed":0.01}
{"Time":"2026-09-20T18:43:07.901612+10:00","Action":"run","Package":"github.com/ollama/ollama/agent","Test":"TestSessionEmitsAutoCompactionActivityEvents"}
{"Time":"2026-09-20T18:43:07.901632+10:00","Action":"output","Package":"github.com/ollama/ollama/agent","Test":"TestSessionEmitsAutoCompactionActivityEvents","Output":"=== RUN   TestSessionEmitsAutoCompactionActivityEvents\n"}
{"Time":"2026-09-20T18:43:07.919506+10:00","Action":"output","Package":"github.com/ollama/ollama/agent","Test":"TestSessionEmitsAutoCompactionActivityEvents","Output":"--- PASS: TestSessionEmitsAutoCompactionActivityEvents (0.01s)\n"}
{"Time":"2026-09-20T18:43:07.919589+10:00","Action":"pass","Package":"github.com/ollama/ollama/agent","Test":"TestSessionEmitsAutoCompactionActivityEvents","Elapsed":0.01}
{"Time":"2026-09-20T18:43:07.919611+10:00","Action":"run","Package":"github.com/ollama/ollama/agent","Test":"TestSessionTruncatesSeededToolMessagesBeforeHistory"}
{"Time":"2026-09-20T18:43:07.91963+10:00","Action":"output","Package":"github.com/ollama/ollama/agent","Test":"TestSessionTruncatesSeededToolMessagesBeforeHistory","Output":"=== RUN   TestSessionTruncatesSeededToolMessagesBeforeHistory\n"}
{"Time":"2026-09-20T18:43:07.974305+10:00","Action":"output","Package":"github.com/ollama/ollama/agent","Test":"TestSessionTruncatesSeededToolMessagesBeforeHistory","Output":"--- PASS: TestSessionTruncatesSeededToolMessagesBeforeHistory (0.05s)\n"}
{"Time":"2026-09-20T18:43:07.974414+10:00","Action":"pass","Package":"github.com/ollama/ollama/agent","Test":"TestSessionTruncatesSeededToolMessagesBeforeHistory","Elapsed":0.05}
{"Time":"2026-09-20T18:43:07.974444+10:00","Action":"run","Package":"github.com/ollama/ollama/agent","Test":"TestSessionPreflightRejectsOversizedFirstRequest"}
{"Time":"2026-09-20T18:43:07.974476+10:00","Action":"output","Package":"github.com/ollama/ollama/agent","Test":"TestSessionPreflightRejectsOversizedFirstRequest","Output":"=== RUN   TestSessionPreflightRejectsOversizedFirstRequest\n"}
{"Time":"2026-09-20T18:43:07.974517+10:00","Action":"output","Package":"github.com/ollama/ollama/agent","Test":"TestSessionPreflightRejectsOversizedFirstRequest","Output":"--- PASS: TestSessionPreflightRejectsOversizedFirstRequest (0.00s)\n"}
{"Time":"2026-09-20T18:43:07.974544+10:00","Action":"pass","Package":"github.com/ollama/ollama/agent","Test":"TestSessionPreflightRejectsOversizedFirstRequest","Elapsed":0}
{"Time":"2026-09-20T18:43:07.974562+10:00","Action":"run","Package":"github.com/ollama/ollama/agent","Test":"TestSessionPreflightIgnoresRawImageBytes"}
{"Time":"2026-09-20T18:43:07.974582+10:00","Action":"output","Package":"github.com/ollama/ollama/agent","Test":"TestSessionPreflightIgnoresRawImageBytes","Output":"=== RUN   TestSessionPreflightIgnoresRawImageBytes\n"}
{"Time":"2026-09-20T18:43:07.974602+10:00","Action":"output","Package":"github.com/ollama/ollama/agent","Test":"TestSessionPreflightIgnoresRawImageBytes","Output":"--- PASS: TestSessionPreflightIgnoresRawImageBytes (0.00s)\n"}
{"Time":"2026-09-20T18:43:07.974618+10:00","Action":"pass","Package":"github.com/ollama/ollama/agent","Test":"TestSessionPreflightIgnoresRawImageBytes","Elapsed":0}
{"Time":"2026-09-20T18:43:07.974633+10:00","Action":"run","Package":"github.com/ollama/ollama/agent","Test":"TestSessionFreezesBatchToolWorkingDirAfterApproval"}
{"Time":"2026-09-20T18:43:07.974651+10:00","Action":"output","Package":"github.com/ollama/ollama/agent","Test":"TestSessionFreezesBatchToolWorkingDirAfterApproval","Output":"=== RUN   TestSessionFreezesBatchToolWorkingDirAfterApproval\n"}
{"Time":"2026-09-20T18:43:08.095619+10:00","Action":"output","Package":"github.com/ollama/ollama/agent","Test":"TestSessionFreezesBatchToolWorkingDirAfterApproval","Output":"--- PASS: TestSessionFreezesBatchToolWorkingDirAfterApproval (0.12s)\n"}
{"Time":"2026-09-20T18:43:08.09579+10:00","Action":"pass","Package":"github.com/ollama/ollama/agent","Test":"TestSessionFreezesBatchToolWorkingDirAfterApproval","Elapsed":0.12}
{"Time":"2026-09-20T18:43:08.095818+10:00","Action":"run","Package":"github.com/ollama/ollama/agent","Test":"TestSessionAllowsToolWorkingDirOutsideInitialDir"}
{"Time":"2026-09-20T18:43:08.095835+10:00","Action":"output","Package":"github.com/ollama/ollama/agent","Test":"TestSessionAllowsToolWorkingDirOutsideInitialDir","Output":"=== RUN   TestSessionAllowsToolWorkingDirOutsideInitialDir\n"}
{"Time":"2026-09-20T18:43:08.142643+10:00","Action":"output","Package":"github.com/ollama/ollama/agent","Test":"TestSessionAllowsToolWorkingDirOutsideInitialDir","Output":"--- PASS: TestSessionAllowsToolWorkingDirOutsideInitialDir (0.05s)\n"}
{"Time":"2026-09-20T18:43:08.1427+10:00","Action":"pass","Package":"github.com/ollama/ollama/agent","Test":"TestSessionAllowsToolWorkingDirOutsideInitialDir","Elapsed":0.05}
{"Time":"2026-09-20T18:43:08.142745+10:00","Action":"run","Package":"github.com/ollama/ollama/agent","Test":"TestSessionDeniesWithoutApprovalPrompter"}
{"Time":"2026-09-20T18:43:08.142776+10:00","Action":"output","Package":"github.com/ollama/ollama/agent","Test":"TestSessionDeniesWithoutApprovalPrompter","Output":"=== RUN   TestSessionDeniesWithoutApprovalPrompter\n"}
{"Time":"2026-09-20T18:43:08.142797+10:00","Action":"output","Package":"github.com/ollama/ollama/agent","Test":"TestSessionDeniesWithoutApprovalPrompter","Output":"--- PASS: TestSessionDeniesWithoutApprovalPrompter (0.00s)\n"}
{"Time":"2026-09-20T18:43:08.14284+10:00","Action":"pass","Package":"github.com/ollama/ollama/agent","Test":"TestSessionDeniesWithoutApprovalPrompter","Elapsed":0}
{"Time":"2026-09-20T18:43:08.142858+10:00","Action":"run","Package":"github.com/ollama/ollama/agent","Test":"TestSessionPromptsOnceForApprovalBatch"}
{"Time":"2026-09-20T18:43:08.142873+10:00","Action":"output","Package":"github.com/ollama/ollama/agent","Test":"TestSessionPromptsOnceForApprovalBatch","Output":"=== RUN   TestSessionPromptsOnceForApprovalBatch\n"}
{"Time":"2026-09-20T18:43:08.144885+10:00","Action":"output","Package":"github.com/ollama/ollama/agent","Test":"TestSessionPromptsOnceForApprovalBatch","Output":"--- PASS: TestSessionPromptsOnceForApprovalBatch (0.00s)\n"}
{"Time":"2026-09-20T18:43:08.144928+10:00","Action":"pass","Package":"github.com/ollama/ollama/agent","Test":"TestSessionPromptsOnceForApprovalBatch","Elapsed":0}
{"Time":"2026-09-20T18:43:08.145159+10:00","Action":"run","Package":"github.com/ollama/ollama/agent","Test":"TestSessionRunsFullApprovedToolBatchBeforeNextModelStep"}
{"Time":"2026-09-20T18:43:08.145196+10:00","Action":"output","Package":"github.com/ollama/ollama/agent","Test":"TestSessionRunsFullApprovedToolBatchBeforeNextModelStep","Output":"=== RUN   TestSessionRunsFullApprovedToolBatchBeforeNextModelStep\n"}
{"Time":"2026-09-20T18:43:08.148713+10:00","Action":"output","Package":"github.com/ollama/ollama/agent","Test":"TestSessionRunsFullApprovedToolBatchBeforeNextModelStep","Output":"--- PASS: TestSessionRunsFullApprovedToolBatchBeforeNextModelStep (0.00s)\n"}
{"Time":"2026-09-20T18:43:08.148796+10:00","Action":"pass","Package":"github.com/ollama/ollama/agent","Test":"TestSessionRunsFullApprovedToolBatchBeforeNextModelStep","Elapsed":0}
{"Time":"2026-09-20T18:43:08.148818+10:00","Action":"run","Package":"github.com/ollama/ollama/agent","Test":"TestSessionAllowAllApprovalSkipsFuturePrompts"}
{"Time":"2026-09-20T18:43:08.148844+10:00","Action":"output","Package":"github.com/ollama/ollama/agent","Test":"TestSessionAllowAllApprovalSkipsFuturePrompts","Output":"=== RUN   TestSessionAllowAllApprovalSkipsFuturePrompts\n"}
{"Time":"2026-09-20T18:43:08.151783+10:00","Action":"output","Package":"github.com/ollama/ollama/agent","Test":"TestSessionAllowAllApprovalSkipsFuturePrompts","Output":"--- PASS: TestSessionAllowAllApprovalSkipsFuturePrompts (0.00s)\n"}
{"Time":"2026-09-20T18:43:08.151836+10:00","Action":"pass","Package":"github.com/ollama/ollama/agent","Test":"TestSessionAllowAllApprovalSkipsFuturePrompts","Elapsed":0}
{"Time":"2026-09-20T18:43:08.151855+10:00","Action":"run","Package":"github.com/ollama/ollama/agent","Test":"TestSessionAllowToolApprovalSkipsFuturePromptForSameTool"}
{"Time":"2026-09-20T18:43:08.151885+10:00","Action":"output","Package":"github.com/ollama/ollama/agent","Test":"TestSessionAllowToolApprovalSkipsFuturePromptForSameTool","Output":"=== RUN   TestSessionAllowToolApprovalSkipsFuturePromptForSameTool\n"}
{"Time":"2026-09-20T18:43:08.151908+10:00","Action":"output","Package":"github.com/ollama/ollama/agent","Test":"TestSessionAllowToolApprovalSkipsFuturePromptForSameTool","Output":"--- PASS: TestSessionAllowToolApprovalSkipsFuturePromptForSameTool (0.00s)\n"}
{"Time":"2026-09-20T18:43:08.151928+10:00","Action":"pass","Package":"github.com/ollama/ollama/agent","Test":"TestSessionAllowToolApprovalSkipsFuturePromptForSameTool","Elapsed":0}
{"Time":"2026-09-20T18:43:08.151943+10:00","Action":"run","Package":"github.com/ollama/ollama/agent","Test":"TestSessionAllowShellApprovalScopesToExactCommand"}
{"Time":"2026-09-20T18:43:08.151957+10:00","Action":"output","Package":"github.com/ollama/ollama/agent","Test":"TestSessionAllowShellApprovalScopesToExactCommand","Output":"=== RUN   TestSessionAllowShellApprovalScopesToExactCommand\n"}
{"Time":"2026-09-20T18:43:08.151983+10:00","Action":"output","Package":"github.com/ollama/ollama/agent","Test":"TestSessionAllowShellApprovalScopesToExactCommand","Output":"--- PASS: TestSessionAllowShellApprovalScopesToExactCommand (0.00s)\n"}
{"Time":"2026-09-20T18:43:08.152005+10:00","Action":"pass","Package":"github.com/ollama/ollama/agent","Test":"TestSessionAllowShellApprovalScopesToExactCommand","Elapsed":0}
{"Time":"2026-09-20T18:43:08.154346+10:00","Action":"run","Package":"github.com/ollama/ollama/agent","Test":"TestSessionAllowAllToolsExecutesApprovalTool"}
{"Time":"2026-09-20T18:43:08.154403+10:00","Action":"output","Package":"github.com/ollama/ollama/agent","Test":"TestSessionAllowAllToolsExecutesApprovalTool","Output":"=== RUN   TestSessionAllowAllToolsExecutesApprovalTool\n"}
{"Time":"2026-09-20T18:43:08.154449+10:00","Action":"output","Package":"github.com/ollama/ollama/agent","Test":"TestSessionAllowAllToolsExecutesApprovalTool","Output":"--- PASS: TestSessionAllowAllToolsExecutesApprovalTool (0.00s)\n"}
{"Time":"2026-09-20T18:43:08.154478+10:00","Action":"pass","Package":"github.com/ollama/ollama/agent","Test":"TestSessionAllowAllToolsExecutesApprovalTool","Elapsed":0}
{"Time":"2026-09-20T18:43:08.154507+10:00","Action":"run","Package":"github.com/ollama/ollama/agent","Test":"TestSessionSkillActivationPreservesCallAndResultOrder"}
{"Time":"2026-09-20T18:43:08.154521+10:00","Action":"output","Package":"github.com/ollama/ollama/agent","Test":"TestSessionSkillActivationPreservesCallAndResultOrder","Output":"=== RUN   TestSessionSkillActivationPreservesCallAndResultOrder\n"}
{"Time":"2026-09-20T18:43:08.16966+10:00","Action":"output","Package":"github.com/ollama/ollama/agent","Test":"TestSessionSkillActivationPreservesCallAndResultOrder","Output":"--- PASS: TestSessionSkillActivationPreservesCallAndResultOrder (0.02s)\n"}
{"Time":"2026-09-20T18:43:08.16974+10:00","Action":"pass","Package":"github.com/ollama/ollama/agent","Test":"TestSessionSkillActivationPreservesCallAndResultOrder","Elapsed":0.02}
{"Time":"2026-09-20T18:43:08.169772+10:00","Action":"run","Package":"github.com/ollama/ollama/agent","Test":"TestDiscoverAndLoadSkills"}
{"Time":"2026-09-20T18:43:08.169798+10:00","Action":"output","Package":"github.com/ollama/ollama/agent","Test":"TestDiscoverAndLoadSkills","Output":"=== RUN   TestDiscoverAndLoadSkills\n"}
{"Time":"2026-09-20T18:43:08.192044+10:00","Action":"output","Package":"github.com/ollama/ollama/agent","Test":"TestDiscoverAndLoadSkills","Output":"--- PASS: TestDiscoverAndLoadSkills (0.02s)\n"}
{"Time":"2026-09-20T18:43:08.19241+10:00","Action":"pass","Package":"github.com/ollama/ollama/agent","Test":"TestDiscoverAndLoadSkills","Elapsed":0.02}
{"Time":"2026-09-20T18:43:08.192449+10:00","Action":"run","Package":"github.com/ollama/ollama/agent","Test":"TestSkillSystemContextEscapesUntrustedDescription"}
{"Time":"2026-09-20T18:43:08.192471+10:00","Action":"output","Package":"github.com/ollama/ollama/agent","Test":"TestSkillSystemContextEscapesUntrustedDescription","Output":"=== RUN   TestSkillSystemContextEscapesUntrustedDescription\n"}
{"Time":"2026-09-20T18:43:08.199158+10:00","Action":"output","Package":"github.com/ollama/ollama/agent","Test":"TestSkillSystemContextEscapesUntrustedDescription","Output":"--- PASS: TestSkillSystemContextEscapesUntrustedDescription (0.01s)\n"}
{"Time":"2026-09-20T18:43:08.200482+10:00","Action":"pass","Package":"github.com/ollama/ollama/agent","Test":"TestSkillSystemContextEscapesUntrustedDescription","Elapsed":0.01}
{"Time":"2026-09-20T18:43:08.200543+10:00","Action":"run","Package":"github.com/ollama/ollama/agent","Test":"TestDiscoverSkillsSkipsMalformedEntries"}
{"Time":"2026-09-20T18:43:08.200568+10:00","Action":"output","Package":"github.com/ollama/ollama/agent","Test":"TestDiscoverSkillsSkipsMalformedEntries","Output":"=== RUN   TestDiscoverSkillsSkipsMalformedEntries\n"}
{"Time":"2026-09-20T18:43:08.428246+10:00","Action":"output","Package":"github.com/ollama/ollama/agent","Test":"TestDiscoverSkillsSkipsMalformedEntries","Output":"--- PASS: TestDiscoverSkillsSkipsMalformedEntries (0.23s)\n"}
{"Time":"2026-09-20T18:43:08.428325+10:00","Action":"pass","Package":"github.com/ollama/ollama/agent","Test":"TestDiscoverSkillsSkipsMalformedEntries","Elapsed":0.23}
{"Time":"2026-09-20T18:43:08.428365+10:00","Action":"run","Package":"github.com/ollama/ollama/agent","Test":"TestDiscoverSkillsFollowsSymlinks"}
{"Time":"2026-09-20T18:43:08.428403+10:00","Action":"output","Package":"github.com/ollama/ollama/agent","Test":"TestDiscoverSkillsFollowsSymlinks","Output":"=== RUN   TestDiscoverSkillsFollowsSymlinks\n"}
{"Time":"2026-09-20T18:43:08.436432+10:00","Action":"output","Package":"github.com/ollama/ollama/agent","Test":"TestDiscoverSkillsFollowsSymlinks","Output":"--- PASS: TestDiscoverSkillsFollowsSymlinks (0.01s)\n"}
{"Time":"2026-09-20T18:43:08.436539+10:00","Action":"pass","Package":"github.com/ollama/ollama/agent","Test":"TestDiscoverSkillsFollowsSymlinks","Elapsed":0.01}
{"Time":"2026-09-20T18:43:08.436583+10:00","Action":"run","Package":"github.com/ollama/ollama/agent","Test":"TestLoadDefaultSkillsContinuesAfterBadRoot"}
{"Time":"2026-09-20T18:43:08.4366+10:00","Action":"output","Package":"github.com/ollama/ollama/agent","Test":"TestLoadDefaultSkillsContinuesAfterBadRoot","Output":"=== RUN   TestLoadDefaultSkillsContinuesAfterBadRoot\n"}
{"Time":"2026-09-20T18:43:08.685662+10:00","Action":"output","Package":"github.com/ollama/ollama/agent","Test":"TestLoadDefaultSkillsContinuesAfterBadRoot","Output":"--- PASS: TestLoadDefaultSkillsContinuesAfterBadRoot (0.24s)\n"}
{"Time":"2026-09-20T18:43:08.685747+10:00","Action":"pass","Package":"github.com/ollama/ollama/agent","Test":"TestLoadDefaultSkillsContinuesAfterBadRoot","Elapsed":0.24}
{"Time":"2026-09-20T18:43:08.685816+10:00","Action":"run","Package":"github.com/ollama/ollama/agent","Test":"TestLoadDefaultSkillsInstallsBundledSkillCreator"}
{"Time":"2026-09-20T18:43:08.685842+10:00","Action":"output","Package":"github.com/ollama/ollama/agent","Test":"TestLoadDefaultSkillsInstallsBundledSkillCreator","Output":"=== RUN   TestLoadDefaultSkillsInstallsBundledSkillCreator\n"}
{"Time":"2026-09-20T18:43:08.783691+10:00","Action":"output","Package":"github.com/ollama/ollama/agent","Test":"TestLoadDefaultSkillsInstallsBundledSkillCreator","Output":"--- PASS: TestLoadDefaultSkillsInstallsBundledSkillCreator (0.11s)\n"}
{"Time":"2026-09-20T18:43:08.783761+10:00","Action":"pass","Package":"github.com/ollama/ollama/agent","Test":"TestLoadDefaultSkillsInstallsBundledSkillCreator","Elapsed":0.11}
{"Time":"2026-09-20T18:43:08.784409+10:00","Action":"run","Package":"github.com/ollama/ollama/agent","Test":"TestLoadDefaultSkillsUpdatesExistingSkillCreator"}
{"Time":"2026-09-20T18:43:08.784471+10:00","Action":"output","Package":"github.com/ollama/ollama/agent","Test":"TestLoadDefaultSkillsUpdatesExistingSkillCreator","Output":"=== RUN   TestLoadDefaultSkillsUpdatesExistingSkillCreator\n"}
{"Time":"2026-09-20T18:43:08.944986+10:00","Action":"output","Package":"github.com/ollama/ollama/agent","Test":"TestLoadDefaultSkillsUpdatesExistingSkillCreator","Output":"--- PASS: TestLoadDefaultSkillsUpdatesExistingSkillCreator (0.16s)\n"}
{"Time":"2026-09-20T18:43:08.945056+10:00","Action":"pass","Package":"github.com/ollama/ollama/agent","Test":"TestLoadDefaultSkillsUpdatesExistingSkillCreator","Elapsed":0.16}
{"Time":"2026-09-20T18:43:08.945076+10:00","Action":"run","Package":"github.com/ollama/ollama/agent","Test":"TestSkillsDirUsesOverrideAndXDG"}
{"Time":"2026-09-20T18:43:08.945091+10:00","Action":"output","Package":"github.com/ollama/ollama/agent","Test":"TestSkillsDirUsesOverrideAndXDG","Output":"=== RUN   TestSkillsDirUsesOverrideAndXDG\n"}
{"Time":"2026-09-20T18:43:08.975548+10:00","Action":"output","Package":"github.com/ollama/ollama/agent","Test":"TestSkillsDirUsesOverrideAndXDG","Output":"--- PASS: TestSkillsDirUsesOverrideAndXDG (0.03s)\n"}
{"Time":"2026-09-20T18:43:08.97566+10:00","Action":"pass","Package":"github.com/ollama/ollama/agent","Test":"TestSkillsDirUsesOverrideAndXDG","Elapsed":0.03}
{"Time":"2026-09-20T18:43:08.975688+10:00","Action":"run","Package":"github.com/ollama/ollama/agent","Test":"TestLoadDefaultSkillsPrecedenceAndCollisions"}
{"Time":"2026-09-20T18:43:08.975704+10:00","Action":"output","Package":"github.com/ollama/ollama/agent","Test":"TestLoadDefaultSkillsPrecedenceAndCollisions","Output":"=== RUN   TestLoadDefaultSkillsPrecedenceAndCollisions\n"}
{"Time":"2026-09-20T18:43:09.041415+10:00","Action":"output","Package":"github.com/ollama/ollama/agent","Test":"TestLoadDefaultSkillsPrecedenceAndCollisions","Output":"--- PASS: TestLoadDefaultSkillsPrecedenceAndCollisions (0.07s)\n"}
{"Time":"2026-09-20T18:43:09.042121+10:00","Action":"pass","Package":"github.com/ollama/ollama/agent","Test":"TestLoadDefaultSkillsPrecedenceAndCollisions","Elapsed":0.07}
{"Time":"2026-09-20T18:43:09.042165+10:00","Action":"run","Package":"github.com/ollama/ollama/agent","Test":"TestSkillCatalogExcludeNames"}
{"Time":"2026-09-20T18:43:09.042191+10:00","Action":"output","Package":"github.com/ollama/ollama/agent","Test":"TestSkillCatalogExcludeNames","Output":"=== RUN   TestSkillCatalogExcludeNames\n"}
{"Time":"2026-09-20T18:43:09.048453+10:00","Action":"output","Package":"github.com/ollama/ollama/agent","Test":"TestSkillCatalogExcludeNames","Output":"--- PASS: TestSkillCatalogExcludeNames (0.01s)\n"}
{"Time":"2026-09-20T18:43:09.04852+10:00","Action":"pass","Package":"github.com/ollama/ollama/agent","Test":"TestSkillCatalogExcludeNames","Elapsed":0.01}
{"Time":"2026-09-20T18:43:09.048595+10:00","Action":"run","Package":"github.com/ollama/ollama/agent","Test":"TestSkillContentListsDirectoryAndResources"}
{"Time":"2026-09-20T18:43:09.04862+10:00","Action":"output","Package":"github.com/ollama/ollama/agent","Test":"TestSkillContentListsDirectoryAndResources","Output":"=== RUN   TestSkillContentListsDirectoryAndResources\n"}
{"Time":"2026-09-20T18:43:09.055905+10:00","Action":"output","Package":"github.com/ollama/ollama/agent","Test":"TestSkillContentListsDirectoryAndResources","Output":"--- PASS: TestSkillContentListsDirectoryAndResources (0.01s)\n"}
{"Time":"2026-09-20T18:43:09.05666+10:00","Action":"pass","Package":"github.com/ollama/ollama/agent","Test":"TestSkillContentListsDirectoryAndResources","Elapsed":0.01}
{"Time":"2026-09-20T18:43:09.056711+10:00","Action":"run","Package":"github.com/ollama/ollama/agent","Test":"TestImportSkillsCopiesFixtureAndIsIdempotent"}
{"Time":"2026-09-20T18:43:09.056729+10:00","Action":"output","Package":"github.com/ollama/ollama/agent","Test":"TestImportSkillsCopiesFixtureAndIsIdempotent","Output":"=== RUN   TestImportSkillsCopiesFixtureAndIsIdempotent\n"}
{"Time":"2026-09-20T18:43:09.091402+10:00","Action":"output","Package":"github.com/ollama/ollama/agent","Test":"TestImportSkillsCopiesFixtureAndIsIdempotent","Output":"--- PASS: TestImportSkillsCopiesFixtureAndIsIdempotent (0.03s)\n"}
{"Time":"2026-09-20T18:43:09.091493+10:00","Action":"pass","Package":"github.com/ollama/ollama/agent","Test":"TestImportSkillsCopiesFixtureAndIsIdempotent","Elapsed":0.03}
{"Time":"2026-09-20T18:43:09.091681+10:00","Action":"run","Package":"github.com/ollama/ollama/agent","Test":"TestImportSkillsLeavesConflictsAndUnsafeSourcesUntouched"}
{"Time":"2026-09-20T18:43:09.091702+10:00","Action":"output","Package":"github.com/ollama/ollama/agent","Test":"TestImportSkillsLeavesConflictsAndUnsafeSourcesUntouched","Output":"=== RUN   TestImportSkillsLeavesConflictsAndUnsafeSourcesUntouched\n"}
{"Time":"2026-09-20T18:43:09.101956+10:00","Action":"output","Package":"github.com/ollama/ollama/agent","Test":"TestImportSkillsLeavesConflictsAndUnsafeSourcesUntouched","Output":"--- PASS: TestImportSkillsLeavesConflictsAndUnsafeSourcesUntouched (0.01s)\n"}
{"Time":"2026-09-20T18:43:09.102132+10:00","Action":"pass","Package":"github.com/ollama/ollama/agent","Test":"TestImportSkillsLeavesConflictsAndUnsafeSourcesUntouched","Elapsed":0.01}
{"Time":"2026-09-20T18:43:09.102201+10:00","Action":"run","Package":"github.com/ollama/ollama/agent","Test":"TestImportSkillsRejectsSymlinkedRoot"}
{"Time":"2026-09-20T18:43:09.10222+10:00","Action":"output","Package":"github.com/ollama/ollama/agent","Test":"TestImportSkillsRejectsSymlinkedRoot","Output":"=== RUN   TestImportSkillsRejectsSymlinkedRoot\n"}
{"Time":"2026-09-20T18:43:09.104921+10:00","Action":"output","Package":"github.com/ollama/ollama/agent","Test":"TestImportSkillsRejectsSymlinkedRoot","Output":"--- PASS: TestImportSkillsRejectsSymlinkedRoot (0.00s)\n"}
{"Time":"2026-09-20T18:43:09.104975+10:00","Action":"pass","Package":"github.com/ollama/ollama/agent","Test":"TestImportSkillsRejectsSymlinkedRoot","Elapsed":0}
{"Time":"2026-09-20T18:43:09.104995+10:00","Action":"run","Package":"github.com/ollama/ollama/agent","Test":"TestImportSkillsMissingRootAndConfiguredRoots"}
{"Time":"2026-09-20T18:43:09.105019+10:00","Action":"output","Package":"github.com/ollama/ollama/agent","Test":"TestImportSkillsMissingRootAndConfiguredRoots","Output":"=== RUN   TestImportSkillsMissingRootAndConfiguredRoots\n"}
{"Time":"2026-09-20T18:43:09.106222+10:00","Action":"run","Package":"github.com/ollama/ollama/agent","Test":"TestImportSkillsMissingRootAndConfiguredRoots/codex"}
{"Time":"2026-09-20T18:43:09.106268+10:00","Action":"output","Package":"github.com/ollama/ollama/agent","Test":"TestImportSkillsMissingRootAndConfiguredRoots/codex","Output":"=== RUN   TestImportSkillsMissingRootAndConfiguredRoots/codex\n"}
{"Time":"2026-09-20T18:43:09.113376+10:00","Action":"output","Package":"github.com/ollama/ollama/agent","Test":"TestImportSkillsMissingRootAndConfiguredRoots/codex","Output":"--- PASS: TestImportSkillsMissingRootAndConfiguredRoots/codex (0.01s)\n"}
{"Time":"2026-09-20T18:43:09.113455+10:00","Action":"pass","Package":"github.com/ollama/ollama/agent","Test":"TestImportSkillsMissingRootAndConfiguredRoots/codex","Elapsed":0.01}
{"Time":"2026-09-20T18:43:09.113508+10:00","Action":"run","Package":"github.com/ollama/ollama/agent","Test":"TestImportSkillsMissingRootAndConfiguredRoots/claude"}
{"Time":"2026-09-20T18:43:09.113543+10:00","Action":"output","Package":"github.com/ollama/ollama/agent","Test":"TestImportSkillsMissingRootAndConfiguredRoots/claude","Output":"=== RUN   TestImportSkillsMissingRootAndConfiguredRoots/claude\n"}
{"Time":"2026-09-20T18:43:09.120232+10:00","Action":"output","Package":"github.com/ollama/ollama/agent","Test":"TestImportSkillsMissingRootAndConfiguredRoots/claude","Output":"--- PASS: TestImportSkillsMissingRootAndConfiguredRoots/claude (0.01s)\n"}
{"Time":"2026-09-20T18:43:09.120316+10:00","Action":"pass","Package":"github.com/ollama/ollama/agent","Test":"TestImportSkillsMissingRootAndConfiguredRoots/claude","Elapsed":0.01}
{"Time":"2026-09-20T18:43:09.120337+10:00","Action":"run","Package":"github.com/ollama/ollama/agent","Test":"TestImportSkillsMissingRootAndConfiguredRoots/pi"}
{"Time":"2026-09-20T18:43:09.120357+10:00","Action":"output","Package":"github.com/ollama/ollama/agent","Test":"TestImportSkillsMissingRootAndConfiguredRoots/pi","Output":"=== RUN   TestImportSkillsMissingRootAndConfiguredRoots/pi\n"}
{"Time":"2026-09-20T18:43:09.17429+10:00","Action":"output","Package":"github.com/ollama/ollama/agent","Test":"TestImportSkillsMissingRootAndConfiguredRoots/pi","Output":"--- PASS: TestImportSkillsMissingRootAndConfiguredRoots/pi (0.05s)\n"}
{"Time":"2026-09-20T18:43:09.174435+10:00","Action":"pass","Package":"github.com/ollama/ollama/agent","Test":"TestImportSkillsMissingRootAndConfiguredRoots/pi","Elapsed":0.05}
{"Time":"2026-09-20T18:43:09.312547+10:00","Action":"output","Package":"github.com/ollama/ollama/agent","Test":"TestImportSkillsMissingRootAndConfiguredRoots","Output":"--- PASS: TestImportSkillsMissingRootAndConfiguredRoots (0.21s)\n"}
{"Time":"2026-09-20T18:43:09.312611+10:00","Action":"pass","Package":"github.com/ollama/ollama/agent","Test":"TestImportSkillsMissingRootAndConfiguredRoots","Elapsed":0.21}
{"Time":"2026-09-20T18:43:09.312631+10:00","Action":"run","Package":"github.com/ollama/ollama/agent","Test":"TestConventionalSkillImportRoots"}
{"Time":"2026-09-20T18:43:09.312648+10:00","Action":"output","Package":"github.com/ollama/ollama/agent","Test":"TestConventionalSkillImportRoots","Output":"=== RUN   TestConventionalSkillImportRoots\n"}
{"Time":"2026-09-20T18:43:09.32193+10:00","Action":"output","Package":"github.com/ollama/ollama/agent","Test":"TestConventionalSkillImportRoots","Output":"--- PASS: TestConventionalSkillImportRoots (0.01s)\n"}
{"Time":"2026-09-20T18:43:09.321993+10:00","Action":"pass","Package":"github.com/ollama/ollama/agent","Test":"TestConventionalSkillImportRoots","Elapsed":0.01}
{"Time":"2026-09-20T18:43:09.322014+10:00","Action":"run","Package":"github.com/ollama/ollama/agent","Test":"TestImportSkillsRejectsUnreadableManifest"}
{"Time":"2026-09-20T18:43:09.32203+10:00","Action":"output","Package":"github.com/ollama/ollama/agent","Test":"TestImportSkillsRejectsUnreadableManifest","Output":"=== RUN   TestImportSkillsRejectsUnreadableManifest\n"}
{"Time":"2026-09-20T18:43:09.544524+10:00","Action":"output","Package":"github.com/ollama/ollama/agent","Test":"TestImportSkillsRejectsUnreadableManifest","Output":"--- PASS: TestImportSkillsRejectsUnreadableManifest (0.21s)\n"}
{"Time":"2026-09-20T18:43:09.554567+10:00","Action":"pass","Package":"github.com/ollama/ollama/agent","Test":"TestImportSkillsRejectsUnreadableManifest","Elapsed":0.21}
{"Time":"2026-09-20T18:43:09.563136+10:00","Action":"output","Package":"github.com/ollama/ollama/agent","Output":"PASS\n"}
{"Time":"2026-09-20T18:43:09.563276+10:00","Action":"output","Package":"github.com/ollama/ollama/agent","Output":"ok  \tgithub.com/ollama/ollama/agent\t3.080s\n"}
{"Time":"2026-09-20T18:43:09.563308+10:00","Action":"pass","Package":"github.com/ollama/ollama/agent","Elapsed":3.096}
{"Time":"2026-09-20T18:43:12.900396+10:00","Action":"start","Package":"github.com/ollama/ollama/agent/tools"}
{"Time":"2026-09-20T18:43:13.624146+10:00","Action":"run","Package":"github.com/ollama/ollama/agent/tools","Test":"TestBashReportsFinalWorkingDir"}
{"Time":"2026-09-20T18:43:13.624319+10:00","Action":"output","Package":"github.com/ollama/ollama/agent/tools","Test":"TestBashReportsFinalWorkingDir","Output":"=== RUN   TestBashReportsFinalWorkingDir\n"}
{"Time":"2026-09-20T18:43:13.670723+10:00","Action":"output","Package":"github.com/ollama/ollama/agent/tools","Test":"TestBashReportsFinalWorkingDir","Output":"--- PASS: TestBashReportsFinalWorkingDir (0.06s)\n"}
{"Time":"2026-09-20T18:43:13.670794+10:00","Action":"pass","Package":"github.com/ollama/ollama/agent/tools","Test":"TestBashReportsFinalWorkingDir","Elapsed":0.06}
{"Time":"2026-09-20T18:43:13.670818+10:00","Action":"run","Package":"github.com/ollama/ollama/agent/tools","Test":"TestBashBoundsOutputWhileRunning"}
{"Time":"2026-09-20T18:43:13.670832+10:00","Action":"output","Package":"github.com/ollama/ollama/agent/tools","Test":"TestBashBoundsOutputWhileRunning","Output":"=== RUN   TestBashBoundsOutputWhileRunning\n"}
{"Time":"2026-09-20T18:43:14.003748+10:00","Action":"output","Package":"github.com/ollama/ollama/agent/tools","Test":"TestBashBoundsOutputWhileRunning","Output":"--- PASS: TestBashBoundsOutputWhileRunning (0.33s)\n"}
{"Time":"2026-09-20T18:43:14.003896+10:00","Action":"pass","Package":"github.com/ollama/ollama/agent/tools","Test":"TestBashBoundsOutputWhileRunning","Elapsed":0.33}
{"Time":"2026-09-20T18:43:14.003925+10:00","Action":"run","Package":"github.com/ollama/ollama/agent/tools","Test":"TestBoundedOutputTruncatesAtUTF8Boundary"}
{"Time":"2026-09-20T18:43:14.003943+10:00","Action":"output","Package":"github.com/ollama/ollama/agent/tools","Test":"TestBoundedOutputTruncatesAtUTF8Boundary","Output":"=== RUN   TestBoundedOutputTruncatesAtUTF8Boundary\n"}
{"Time":"2026-09-20T18:43:14.003962+10:00","Action":"output","Package":"github.com/ollama/ollama/agent/tools","Test":"TestBoundedOutputTruncatesAtUTF8Boundary","Output":"--- PASS: TestBoundedOutputTruncatesAtUTF8Boundary (0.00s)\n"}
{"Time":"2026-09-20T18:43:14.003992+10:00","Action":"pass","Package":"github.com/ollama/ollama/agent/tools","Test":"TestBoundedOutputTruncatesAtUTF8Boundary","Elapsed":0}
{"Time":"2026-09-20T18:43:14.004009+10:00","Action":"run","Package":"github.com/ollama/ollama/agent/tools","Test":"TestBoundedOutputKeepsCompleteUTF8AtBoundary"}
{"Time":"2026-09-20T18:43:14.004023+10:00","Action":"output","Package":"github.com/ollama/ollama/agent/tools","Test":"TestBoundedOutputKeepsCompleteUTF8AtBoundary","Output":"=== RUN   TestBoundedOutputKeepsCompleteUTF8AtBoundary\n"}
{"Time":"2026-09-20T18:43:14.004039+10:00","Action":"output","Package":"github.com/ollama/ollama/agent/tools","Test":"TestBoundedOutputKeepsCompleteUTF8AtBoundary","Output":"--- PASS: TestBoundedOutputKeepsCompleteUTF8AtBoundary (0.00s)\n"}
{"Time":"2026-09-20T18:43:14.004067+10:00","Action":"pass","Package":"github.com/ollama/ollama/agent/tools","Test":"TestBoundedOutputKeepsCompleteUTF8AtBoundary","Elapsed":0}
{"Time":"2026-09-20T18:43:14.004082+10:00","Action":"run","Package":"github.com/ollama/ollama/agent/tools","Test":"TestBoundedOutputTrimsTrailingPartialUTF8"}
{"Time":"2026-09-20T18:43:14.004096+10:00","Action":"output","Package":"github.com/ollama/ollama/agent/tools","Test":"TestBoundedOutputTrimsTrailingPartialUTF8","Output":"=== RUN   TestBoundedOutputTrimsTrailingPartialUTF8\n"}
{"Time":"2026-09-20T18:43:14.004111+10:00","Action":"output","Package":"github.com/ollama/ollama/agent/tools","Test":"TestBoundedOutputTrimsTrailingPartialUTF8","Output":"--- PASS: TestBoundedOutputTrimsTrailingPartialUTF8 (0.00s)\n"}
{"Time":"2026-09-20T18:43:14.004148+10:00","Action":"pass","Package":"github.com/ollama/ollama/agent/tools","Test":"TestBoundedOutputTrimsTrailingPartialUTF8","Elapsed":0}
{"Time":"2026-09-20T18:43:14.004165+10:00","Action":"run","Package":"github.com/ollama/ollama/agent/tools","Test":"TestUTF8SafePrefixRejectsMalformedLeadByte"}
{"Time":"2026-09-20T18:43:14.004179+10:00","Action":"output","Package":"github.com/ollama/ollama/agent/tools","Test":"TestUTF8SafePrefixRejectsMalformedLeadByte","Output":"=== RUN   TestUTF8SafePrefixRejectsMalformedLeadByte\n"}
{"Time":"2026-09-20T18:43:14.004194+10:00","Action":"output","Package":"github.com/ollama/ollama/agent/tools","Test":"TestUTF8SafePrefixRejectsMalformedLeadByte","Output":"--- PASS: TestUTF8SafePrefixRejectsMalformedLeadByte (0.00s)\n"}
{"Time":"2026-09-20T18:43:14.004738+10:00","Action":"pass","Package":"github.com/ollama/ollama/agent/tools","Test":"TestUTF8SafePrefixRejectsMalformedLeadByte","Elapsed":0}
{"Time":"2026-09-20T18:43:14.004804+10:00","Action":"run","Package":"github.com/ollama/ollama/agent/tools","Test":"TestBoundedOutputDropsMalformedUTF8"}
{"Time":"2026-09-20T18:43:14.004853+10:00","Action":"output","Package":"github.com/ollama/ollama/agent/tools","Test":"TestBoundedOutputDropsMalformedUTF8","Output":"=== RUN   TestBoundedOutputDropsMalformedUTF8\n"}
{"Time":"2026-09-20T18:43:14.00492+10:00","Action":"output","Package":"github.com/ollama/ollama/agent/tools","Test":"TestBoundedOutputDropsMalformedUTF8","Output":"--- PASS: TestBoundedOutputDropsMalformedUTF8 (0.00s)\n"}
{"Time":"2026-09-20T18:43:14.004939+10:00","Action":"pass","Package":"github.com/ollama/ollama/agent/tools","Test":"TestBoundedOutputDropsMalformedUTF8","Elapsed":0}
{"Time":"2026-09-20T18:43:14.004956+10:00","Action":"run","Package":"github.com/ollama/ollama/agent/tools","Test":"TestBashReportsCanceledCommand"}
{"Time":"2026-09-20T18:43:14.004972+10:00","Action":"output","Package":"github.com/ollama/ollama/agent/tools","Test":"TestBashReportsCanceledCommand","Output":"=== RUN   TestBashReportsCanceledCommand\n"}
{"Time":"2026-09-20T18:43:14.061131+10:00","Action":"output","Package":"github.com/ollama/ollama/agent/tools","Test":"TestBashReportsCanceledCommand","Output":"--- PASS: TestBashReportsCanceledCommand (0.06s)\n"}
{"Time":"2026-09-20T18:43:14.061249+10:00","Action":"pass","Package":"github.com/ollama/ollama/agent/tools","Test":"TestBashReportsCanceledCommand","Elapsed":0.06}
{"Time":"2026-09-20T18:43:14.061272+10:00","Action":"run","Package":"github.com/ollama/ollama/agent/tools","Test":"TestRejectUnsafeShellCommand"}
{"Time":"2026-09-20T18:43:14.061289+10:00","Action":"output","Package":"github.com/ollama/ollama/agent/tools","Test":"TestRejectUnsafeShellCommand","Output":"=== RUN   TestRejectUnsafeShellCommand\n"}
{"Time":"2026-09-20T18:43:14.061407+10:00","Action":"run","Package":"github.com/ollama/ollama/agent/tools","Test":"TestRejectUnsafeShellCommand/rm_root"}
{"Time":"2026-09-20T18:43:14.06146+10:00","Action":"output","Package":"github.com/ollama/ollama/agent/tools","Test":"TestRejectUnsafeShellCommand/rm_root","Output":"=== RUN   TestRejectUnsafeShellCommand/rm_root\n"}
{"Time":"2026-09-20T18:43:14.061482+10:00","Action":"output","Package":"github.com/ollama/ollama/agent/tools","Test":"TestRejectUnsafeShellCommand/rm_root","Output":"--- PASS: TestRejectUnsafeShellCommand/rm_root (0.00s)\n"}
{"Time":"2026-09-20T18:43:14.061499+10:00","Action":"pass","Package":"github.com/ollama/ollama/agent/tools","Test":"TestRejectUnsafeShellCommand/rm_root","Elapsed":0}
{"Time":"2026-09-20T18:43:14.061515+10:00","Action":"run","Package":"github.com/ollama/ollama/agent/tools","Test":"TestRejectUnsafeShellCommand/sudo_rm_root"}
{"Time":"2026-09-20T18:43:14.06153+10:00","Action":"output","Package":"github.com/ollama/ollama/agent/tools","Test":"TestRejectUnsafeShellCommand/sudo_rm_root","Output":"=== RUN   TestRejectUnsafeShellCommand/sudo_rm_root\n"}
{"Time":"2026-09-20T18:43:14.061546+10:00","Action":"output","Package":"github.com/ollama/ollama/agent/tools","Test":"TestRejectUnsafeShellCommand/sudo_rm_root","Output":"--- PASS: TestRejectUnsafeShellCommand/sudo_rm_root (0.00s)\n"}
{"Time":"2026-09-20T18:43:14.061561+10:00","Action":"pass","Package":"github.com/ollama/ollama/agent/tools","Test":"TestRejectUnsafeShellCommand/sudo_rm_root","Elapsed":0}
{"Time":"2026-09-20T18:43:14.061575+10:00","Action":"run","Package":"github.com/ollama/ollama/agent/tools","Test":"TestRejectUnsafeShellCommand/rm_home"}
{"Time":"2026-09-20T18:43:14.061629+10:00","Action":"output","Package":"github.com/ollama/ollama/agent/tools","Test":"TestRejectUnsafeShellCommand/rm_home","Output":"=== RUN   TestRejectUnsafeShellCommand/rm_home\n"}
{"Time":"2026-09-20T18:43:14.061646+10:00","Action":"output","Package":"github.com/ollama/ollama/agent/tools","Test":"TestRejectUnsafeShellCommand/rm_home","Output":"--- PASS: TestRejectUnsafeShellCommand/rm_home (0.00s)\n"}
{"Time":"2026-09-20T18:43:14.061663+10:00","Action":"pass","Package":"github.com/ollama/ollama/agent/tools","Test":"TestRejectUnsafeShellCommand/rm_home","Elapsed":0}
{"Time":"2026-09-20T18:43:14.061679+10:00","Action":"run","Package":"github.com/ollama/ollama/agent/tools","Test":"TestRejectUnsafeShellCommand/rm_root_wildcard"}
{"Time":"2026-09-20T18:43:14.062835+10:00","Action":"output","Package":"github.com/ollama/ollama/agent/tools","Test":"TestRejectUnsafeShellCommand/rm_root_wildcard","Output":"=== RUN   TestRejectUnsafeShellCommand/rm_root_wildcard\n"}
{"Time":"2026-09-20T18:43:14.062894+10:00","Action":"output","Package":"github.com/ollama/ollama/agent/tools","Test":"TestRejectUnsafeShellCommand/rm_root_wildcard","Output":"--- PASS: TestRejectUnsafeShellCommand/rm_root_wildcard (0.00s)\n"}
{"Time":"2026-09-20T18:43:14.062917+10:00","Action":"pass","Package":"github.com/ollama/ollama/agent/tools","Test":"TestRejectUnsafeShellCommand/rm_root_wildcard","Elapsed":0}
{"Time":"2026-09-20T18:43:14.062932+10:00","Action":"run","Package":"github.com/ollama/ollama/agent/tools","Test":"TestRejectUnsafeShellCommand/rm_system_subdir"}
{"Time":"2026-09-20T18:43:14.062947+10:00","Action":"output","Package":"github.com/ollama/ollama/agent/tools","Test":"TestRejectUnsafeShellCommand/rm_system_subdir","Output":"=== RUN   TestRejectUnsafeShellCommand/rm_system_subdir\n"}
{"Time":"2026-09-20T18:43:14.06301+10:00","Action":"output","Package":"github.com/ollama/ollama/agent/tools","Test":"TestRejectUnsafeShellCommand/rm_system_subdir","Output":"--- PASS: TestRejectUnsafeShellCommand/rm_system_subdir (0.00s)\n"}
{"Time":"2026-09-20T18:43:14.063026+10:00","Action":"pass","Package":"github.com/ollama/ollama/agent/tools","Test":"TestRejectUnsafeShellCommand/rm_system_subdir","Elapsed":0}
{"Time":"2026-09-20T18:43:14.063039+10:00","Action":"run","Package":"github.com/ollama/ollama/agent/tools","Test":"TestRejectUnsafeShellCommand/rm_cwd"}
{"Time":"2026-09-20T18:43:14.063052+10:00","Action":"output","Package":"github.com/ollama/ollama/agent/tools","Test":"TestRejectUnsafeShellCommand/rm_cwd","Output":"=== RUN   TestRejectUnsafeShellCommand/rm_cwd\n"}
{"Time":"2026-09-20T18:43:14.063065+10:00","Action":"output","Package":"github.com/ollama/ollama/agent/tools","Test":"TestRejectUnsafeShellCommand/rm_cwd","Output":"--- PASS: TestRejectUnsafeShellCommand/rm_cwd (0.00s)\n"}
{"Time":"2026-09-20T18:43:14.063077+10:00","Action":"pass","Package":"github.com/ollama/ollama/agent/tools","Test":"TestRejectUnsafeShellCommand/rm_cwd","Elapsed":0}
{"Time":"2026-09-20T18:43:14.06309+10:00","Action":"run","Package":"github.com/ollama/ollama/agent/tools","Test":"TestRejectUnsafeShellCommand/powershell_remove_root"}
{"Time":"2026-09-20T18:43:14.063109+10:00","Action":"output","Package":"github.com/ollama/ollama/agent/tools","Test":"TestRejectUnsafeShellCommand/powershell_remove_root","Output":"=== RUN   TestRejectUnsafeShellCommand/powershell_remove_root\n"}
{"Time":"2026-09-20T18:43:14.063131+10:00","Action":"output","Package":"github.com/ollama/ollama/agent/tools","Test":"TestRejectUnsafeShellCommand/powershell_remove_root","Output":"--- PASS: TestRejectUnsafeShellCommand/powershell_remove_root (0.00s)\n"}
{"Time":"2026-09-20T18:43:14.063144+10:00","Action":"pass","Package":"github.com/ollama/ollama/agent/tools","Test":"TestRejectUnsafeShellCommand/powershell_remove_root","Elapsed":0}
{"Time":"2026-09-20T18:43:14.063161+10:00","Action":"run","Package":"github.com/ollama/ollama/agent/tools","Test":"TestRejectUnsafeShellCommand/powershell_remove_system_subdir"}
{"Time":"2026-09-20T18:43:14.063173+10:00","Action":"output","Package":"github.com/ollama/ollama/agent/tools","Test":"TestRejectUnsafeShellCommand/powershell_remove_system_subdir","Output":"=== RUN   TestRejectUnsafeShellCommand/powershell_remove_system_subdir\n"}
{"Time":"2026-09-20T18:43:14.063215+10:00","Action":"output","Package":"github.com/ollama/ollama/agent/tools","Test":"TestRejectUnsafeShellCommand/powershell_remove_system_subdir","Output":"--- PASS: TestRejectUnsafeShellCommand/powershell_remove_system_subdir (0.00s)\n"}
{"Time":"2026-09-20T18:43:14.063261+10:00","Action":"pass","Package":"github.com/ollama/ollama/agent/tools","Test":"TestRejectUnsafeShellCommand/powershell_remove_system_subdir","Elapsed":0}
{"Time":"2026-09-20T18:43:14.063405+10:00","Action":"run","Package":"github.com/ollama/ollama/agent/tools","Test":"TestRejectUnsafeShellCommand/ssh_private_key"}
{"Time":"2026-09-20T18:43:14.063496+10:00","Action":"output","Package":"github.com/ollama/ollama/agent/tools","Test":"TestRejectUnsafeShellCommand/ssh_private_key","Output":"=== RUN   TestRejectUnsafeShellCommand/ssh_private_key\n"}
{"Time":"2026-09-20T18:43:14.063524+10:00","Action":"output","Package":"github.com/ollama/ollama/agent/tools","Test":"TestRejectUnsafeShellCommand/ssh_private_key","Output":"--- PASS: TestRejectUnsafeShellCommand/ssh_private_key (0.00s)\n"}
{"Time":"2026-09-20T18:43:14.063541+10:00","Action":"pass","Package":"github.com/ollama/ollama/agent/tools","Test":"TestRejectUnsafeShellCommand/ssh_private_key","Elapsed":0}
{"Time":"2026-09-20T18:43:14.064041+10:00","Action":"run","Package":"github.com/ollama/ollama/agent/tools","Test":"TestRejectUnsafeShellCommand/aws_credentials"}
{"Time":"2026-09-20T18:43:14.064089+10:00","Action":"output","Package":"github.com/ollama/ollama/agent/tools","Test":"TestRejectUnsafeShellCommand/aws_credentials","Output":"=== RUN   TestRejectUnsafeShellCommand/aws_credentials\n"}
{"Time":"2026-09-20T18:43:14.064109+10:00","Action":"output","Package":"github.com/ollama/ollama/agent/tools","Test":"TestRejectUnsafeShellCommand/aws_credentials","Output":"--- PASS: TestRejectUnsafeShellCommand/aws_credentials (0.00s)\n"}
{"Time":"2026-09-20T18:43:14.064129+10:00","Action":"pass","Package":"github.com/ollama/ollama/agent/tools","Test":"TestRejectUnsafeShellCommand/aws_credentials","Elapsed":0}
{"Time":"2026-09-20T18:43:14.064149+10:00","Action":"run","Package":"github.com/ollama/ollama/agent/tools","Test":"TestRejectUnsafeShellCommand/shadow"}
{"Time":"2026-09-20T18:43:14.064166+10:00","Action":"output","Package":"github.com/ollama/ollama/agent/tools","Test":"TestRejectUnsafeShellCommand/shadow","Output":"=== RUN   TestRejectUnsafeShellCommand/shadow\n"}
{"Time":"2026-09-20T18:43:14.064182+10:00","Action":"output","Package":"github.com/ollama/ollama/agent/tools","Test":"TestRejectUnsafeShellCommand/shadow","Output":"--- PASS: TestRejectUnsafeShellCommand/shadow (0.00s)\n"}
{"Time":"2026-09-20T18:43:14.0642+10:00","Action":"pass","Package":"github.com/ollama/ollama/agent/tools","Test":"TestRejectUnsafeShellCommand/shadow","Elapsed":0}
{"Time":"2026-09-20T18:43:14.064216+10:00","Action":"run","Package":"github.com/ollama/ollama/agent/tools","Test":"TestRejectUnsafeShellCommand/netrc"}
{"Time":"2026-09-20T18:43:14.064229+10:00","Action":"output","Package":"github.com/ollama/ollama/agent/tools","Test":"TestRejectUnsafeShellCommand/netrc","Output":"=== RUN   TestRejectUnsafeShellCommand/netrc\n"}
{"Time":"2026-09-20T18:43:14.064244+10:00","Action":"output","Package":"github.com/ollama/ollama/agent/tools","Test":"TestRejectUnsafeShellCommand/netrc","Output":"--- PASS: TestRejectUnsafeShellCommand/netrc (0.00s)\n"}
{"Time":"2026-09-20T18:43:14.064259+10:00","Action":"pass","Package":"github.com/ollama/ollama/agent/tools","Test":"TestRejectUnsafeShellCommand/netrc","Elapsed":0}
{"Time":"2026-09-20T18:43:14.064274+10:00","Action":"run","Package":"github.com/ollama/ollama/agent/tools","Test":"TestRejectUnsafeShellCommand/docker_config"}
{"Time":"2026-09-20T18:43:14.064287+10:00","Action":"output","Package":"github.com/ollama/ollama/agent/tools","Test":"TestRejectUnsafeShellCommand/docker_config","Output":"=== RUN   TestRejectUnsafeShellCommand/docker_config\n"}
{"Time":"2026-09-20T18:43:14.064314+10:00","Action":"output","Package":"github.com/ollama/ollama/agent/tools","Test":"TestRejectUnsafeShellCommand/docker_config","Output":"--- PASS: TestRejectUnsafeShellCommand/docker_config (0.00s)\n"}
{"Time":"2026-09-20T18:43:14.064332+10:00","Action":"pass","Package":"github.com/ollama/ollama/agent/tools","Test":"TestRejectUnsafeShellCommand/docker_config","Elapsed":0}
{"Time":"2026-09-20T18:43:14.064347+10:00","Action":"run","Package":"github.com/ollama/ollama/agent/tools","Test":"TestRejectUnsafeShellCommand/gnupg_dir"}
{"Time":"2026-09-20T18:43:14.064361+10:00","Action":"output","Package":"github.com/ollama/ollama/agent/tools","Test":"TestRejectUnsafeShellCommand/gnupg_dir","Output":"=== RUN   TestRejectUnsafeShellCommand/gnupg_dir\n"}
{"Time":"2026-09-20T18:43:14.064376+10:00","Action":"output","Package":"github.com/ollama/ollama/agent/tools","Test":"TestRejectUnsafeShellCommand/gnupg_dir","Output":"--- PASS: TestRejectUnsafeShellCommand/gnupg_dir (0.00s)\n"}
{"Time":"2026-09-20T18:43:14.06439+10:00","Action":"pass","Package":"github.com/ollama/ollama/agent/tools","Test":"TestRejectUnsafeShellCommand/gnupg_dir","Elapsed":0}
{"Time":"2026-09-20T18:43:14.064404+10:00","Action":"run","Package":"github.com/ollama/ollama/agent/tools","Test":"TestRejectUnsafeShellCommand/gh_hosts"}
{"Time":"2026-09-20T18:43:14.064418+10:00","Action":"output","Package":"github.com/ollama/ollama/agent/tools","Test":"TestRejectUnsafeShellCommand/gh_hosts","Output":"=== RUN   TestRejectUnsafeShellCommand/gh_hosts\n"}
{"Time":"2026-09-20T18:43:14.064432+10:00","Action":"output","Package":"github.com/ollama/ollama/agent/tools","Test":"TestRejectUnsafeShellCommand/gh_hosts","Output":"--- PASS: TestRejectUnsafeShellCommand/gh_hosts (0.00s)\n"}
{"Time":"2026-09-20T18:43:14.064446+10:00","Action":"pass","Package":"github.com/ollama/ollama/agent/tools","Test":"TestRejectUnsafeShellCommand/gh_hosts","Elapsed":0}
{"Time":"2026-09-20T18:43:14.06446+10:00","Action":"run","Package":"github.com/ollama/ollama/agent/tools","Test":"TestRejectUnsafeShellCommand/ssh_config"}
{"Time":"2026-09-20T18:43:14.064473+10:00","Action":"output","Package":"github.com/ollama/ollama/agent/tools","Test":"TestRejectUnsafeShellCommand/ssh_config","Output":"=== RUN   TestRejectUnsafeShellCommand/ssh_config\n"}
{"Time":"2026-09-20T18:43:14.064537+10:00","Action":"output","Package":"github.com/ollama/ollama/agent/tools","Test":"TestRejectUnsafeShellCommand/ssh_config","Output":"--- PASS: TestRejectUnsafeShellCommand/ssh_config (0.00s)\n"}
{"Time":"2026-09-20T18:43:14.064565+10:00","Action":"pass","Package":"github.com/ollama/ollama/agent/tools","Test":"TestRejectUnsafeShellCommand/ssh_config","Elapsed":0}
{"Time":"2026-09-20T18:43:14.064582+10:00","Action":"run","Package":"github.com/ollama/ollama/agent/tools","Test":"TestRejectUnsafeShellCommand/printenv_dump"}
{"Time":"2026-09-20T18:43:14.064596+10:00","Action":"output","Package":"github.com/ollama/ollama/agent/tools","Test":"TestRejectUnsafeShellCommand/printenv_dump","Output":"=== RUN   TestRejectUnsafeShellCommand/printenv_dump\n"}
{"Time":"2026-09-20T18:43:14.064612+10:00","Action":"output","Package":"github.com/ollama/ollama/agent/tools","Test":"TestRejectUnsafeShellCommand/printenv_dump","Output":"--- PASS: TestRejectUnsafeShellCommand/printenv_dump (0.00s)\n"}
{"Time":"2026-09-20T18:43:14.064627+10:00","Action":"pass","Package":"github.com/ollama/ollama/agent/tools","Test":"TestRejectUnsafeShellCommand/printenv_dump","Elapsed":0}
{"Time":"2026-09-20T18:43:14.064641+10:00","Action":"run","Package":"github.com/ollama/ollama/agent/tools","Test":"TestRejectUnsafeShellCommand/delete_build_dir"}
{"Time":"2026-09-20T18:43:14.064655+10:00","Action":"output","Package":"github.com/ollama/ollama/agent/tools","Test":"TestRejectUnsafeShellCommand/delete_build_dir","Output":"=== RUN   TestRejectUnsafeShellCommand/delete_build_dir\n"}
{"Time":"2026-09-20T18:43:14.064689+10:00","Action":"output","Package":"github.com/ollama/ollama/agent/tools","Test":"TestRejectUnsafeShellCommand/delete_build_dir","Output":"--- PASS: TestRejectUnsafeShellCommand/delete_build_dir (0.00s)\n"}
{"Time":"2026-09-20T18:43:14.064705+10:00","Action":"pass","Package":"github.com/ollama/ollama/agent/tools","Test":"TestRejectUnsafeShellCommand/delete_build_dir","Elapsed":0}
{"Time":"2026-09-20T18:43:14.064724+10:00","Action":"run","Package":"github.com/ollama/ollama/agent/tools","Test":"TestRejectUnsafeShellCommand/read_project_file"}
{"Time":"2026-09-20T18:43:14.064745+10:00","Action":"output","Package":"github.com/ollama/ollama/agent/tools","Test":"TestRejectUnsafeShellCommand/read_project_file","Output":"=== RUN   TestRejectUnsafeShellCommand/read_project_file\n"}
{"Time":"2026-09-20T18:43:14.064761+10:00","Action":"output","Package":"github.com/ollama/ollama/agent/tools","Test":"TestRejectUnsafeShellCommand/read_project_file","Output":"--- PASS: TestRejectUnsafeShellCommand/read_project_file (0.00s)\n"}
{"Time":"2026-09-20T18:43:14.064785+10:00","Action":"pass","Package":"github.com/ollama/ollama/agent/tools","Test":"TestRejectUnsafeShellCommand/read_project_file","Elapsed":0}
{"Time":"2026-09-20T18:43:14.064805+10:00","Action":"run","Package":"github.com/ollama/ollama/agent/tools","Test":"TestRejectUnsafeShellCommand/mention_key_text"}
{"Time":"2026-09-20T18:43:14.064818+10:00","Action":"output","Package":"github.com/ollama/ollama/agent/tools","Test":"TestRejectUnsafeShellCommand/mention_key_text","Output":"=== RUN   TestRejectUnsafeShellCommand/mention_key_text\n"}
{"Time":"2026-09-20T18:43:14.064833+10:00","Action":"output","Package":"github.com/ollama/ollama/agent/tools","Test":"TestRejectUnsafeShellCommand/mention_key_text","Output":"--- PASS: TestRejectUnsafeShellCommand/mention_key_text (0.00s)\n"}
{"Time":"2026-09-20T18:43:14.064855+10:00","Action":"pass","Package":"github.com/ollama/ollama/agent/tools","Test":"TestRejectUnsafeShellCommand/mention_key_text","Elapsed":0}
{"Time":"2026-09-20T18:43:14.06487+10:00","Action":"run","Package":"github.com/ollama/ollama/agent/tools","Test":"TestRejectUnsafeShellCommand/env_example"}
{"Time":"2026-09-20T18:43:14.064883+10:00","Action":"output","Package":"github.com/ollama/ollama/agent/tools","Test":"TestRejectUnsafeShellCommand/env_example","Output":"=== RUN   TestRejectUnsafeShellCommand/env_example\n"}
{"Time":"2026-09-20T18:43:14.064898+10:00","Action":"output","Package":"github.com/ollama/ollama/agent/tools","Test":"TestRejectUnsafeShellCommand/env_example","Output":"--- PASS: TestRejectUnsafeShellCommand/env_example (0.00s)\n"}
{"Time":"2026-09-20T18:43:14.064911+10:00","Action":"pass","Package":"github.com/ollama/ollama/agent/tools","Test":"TestRejectUnsafeShellCommand/env_example","Elapsed":0}
{"Time":"2026-09-20T18:43:14.064939+10:00","Action":"run","Package":"github.com/ollama/ollama/agent/tools","Test":"TestRejectUnsafeShellCommand/rm_build_then_unrelated_tilde_path"}
{"Time":"2026-09-20T18:43:14.064953+10:00","Action":"output","Package":"github.com/ollama/ollama/agent/tools","Test":"TestRejectUnsafeShellCommand/rm_build_then_unrelated_tilde_path","Output":"=== RUN   TestRejectUnsafeShellCommand/rm_build_then_unrelated_tilde_path\n"}
{"Time":"2026-09-20T18:43:14.064973+10:00","Action":"output","Package":"github.com/ollama/ollama/agent/tools","Test":"TestRejectUnsafeShellCommand/rm_build_then_unrelated_tilde_path","Output":"--- PASS: TestRejectUnsafeShellCommand/rm_build_then_unrelated_tilde_path (0.00s)\n"}
{"Time":"2026-09-20T18:43:14.064987+10:00","Action":"pass","Package":"github.com/ollama/ollama/agent/tools","Test":"TestRejectUnsafeShellCommand/rm_build_then_unrelated_tilde_path","Elapsed":0}
{"Time":"2026-09-20T18:43:14.065001+10:00","Action":"run","Package":"github.com/ollama/ollama/agent/tools","Test":"TestRejectUnsafeShellCommand/rm_build_then_unrelated_slash_path"}
{"Time":"2026-09-20T18:43:14.065016+10:00","Action":"output","Package":"github.com/ollama/ollama/agent/tools","Test":"TestRejectUnsafeShellCommand/rm_build_then_unrelated_slash_path","Output":"=== RUN   TestRejectUnsafeShellCommand/rm_build_then_unrelated_slash_path\n"}
{"Time":"2026-09-20T18:43:14.06503+10:00","Action":"output","Package":"github.com/ollama/ollama/agent/tools","Test":"TestRejectUnsafeShellCommand/rm_build_then_unrelated_slash_path","Output":"--- PASS: TestRejectUnsafeShellCommand/rm_build_then_unrelated_slash_path (0.00s)\n"}
{"Time":"2026-09-20T18:43:14.065044+10:00","Action":"pass","Package":"github.com/ollama/ollama/agent/tools","Test":"TestRejectUnsafeShellCommand/rm_build_then_unrelated_slash_path","Elapsed":0}
{"Time":"2026-09-20T18:43:14.065058+10:00","Action":"run","Package":"github.com/ollama/ollama/agent/tools","Test":"TestRejectUnsafeShellCommand/rm_build_then_unrelated_star_glob"}
{"Time":"2026-09-20T18:43:14.065071+10:00","Action":"output","Package":"github.com/ollama/ollama/agent/tools","Test":"TestRejectUnsafeShellCommand/rm_build_then_unrelated_star_glob","Output":"=== RUN   TestRejectUnsafeShellCommand/rm_build_then_unrelated_star_glob\n"}
{"Time":"2026-09-20T18:43:14.065086+10:00","Action":"output","Package":"github.com/ollama/ollama/agent/tools","Test":"TestRejectUnsafeShellCommand/rm_build_then_unrelated_star_glob","Output":"--- PASS: TestRejectUnsafeShellCommand/rm_build_then_unrelated_star_glob (0.00s)\n"}
{"Time":"2026-09-20T18:43:14.0651+10:00","Action":"pass","Package":"github.com/ollama/ollama/agent/tools","Test":"TestRejectUnsafeShellCommand/rm_build_then_unrelated_star_glob","Elapsed":0}
{"Time":"2026-09-20T18:43:14.065114+10:00","Action":"run","Package":"github.com/ollama/ollama/agent/tools","Test":"TestRejectUnsafeShellCommand/rm_multiple_targets_one_unsafe"}
{"Time":"2026-09-20T18:43:14.065128+10:00","Action":"output","Package":"github.com/ollama/ollama/agent/tools","Test":"TestRejectUnsafeShellCommand/rm_multiple_targets_one_unsafe","Output":"=== RUN   TestRejectUnsafeShellCommand/rm_multiple_targets_one_unsafe\n"}
{"Time":"2026-09-20T18:43:14.065142+10:00","Action":"output","Package":"github.com/ollama/ollama/agent/tools","Test":"TestRejectUnsafeShellCommand/rm_multiple_targets_one_unsafe","Output":"--- PASS: TestRejectUnsafeShellCommand/rm_multiple_targets_one_unsafe (0.00s)\n"}
{"Time":"2026-09-20T18:43:14.065155+10:00","Action":"pass","Package":"github.com/ollama/ollama/agent/tools","Test":"TestRejectUnsafeShellCommand/rm_multiple_targets_one_unsafe","Elapsed":0}
{"Time":"2026-09-20T18:43:14.065169+10:00","Action":"run","Package":"github.com/ollama/ollama/agent/tools","Test":"TestRejectUnsafeShellCommand/rm_unsafe_then_safe_piped"}
{"Time":"2026-09-20T18:43:14.065182+10:00","Action":"output","Package":"github.com/ollama/ollama/agent/tools","Test":"TestRejectUnsafeShellCommand/rm_unsafe_then_safe_piped","Output":"=== RUN   TestRejectUnsafeShellCommand/rm_unsafe_then_safe_piped\n"}
{"Time":"2026-09-20T18:43:14.065196+10:00","Action":"output","Package":"github.com/ollama/ollama/agent/tools","Test":"TestRejectUnsafeShellCommand/rm_unsafe_then_safe_piped","Output":"--- PASS: TestRejectUnsafeShellCommand/rm_unsafe_then_safe_piped (0.00s)\n"}
{"Time":"2026-09-20T18:43:14.06521+10:00","Action":"pass","Package":"github.com/ollama/ollama/agent/tools","Test":"TestRejectUnsafeShellCommand/rm_unsafe_then_safe_piped","Elapsed":0}
{"Time":"2026-09-20T18:43:14.065228+10:00","Action":"run","Package":"github.com/ollama/ollama/agent/tools","Test":"TestRejectUnsafeShellCommand/rm_unsafe_via_command_substitution"}
{"Time":"2026-09-20T18:43:14.065242+10:00","Action":"output","Package":"github.com/ollama/ollama/agent/tools","Test":"TestRejectUnsafeShellCommand/rm_unsafe_via_command_substitution","Output":"=== RUN   TestRejectUnsafeShellCommand/rm_unsafe_via_command_substitution\n"}
{"Time":"2026-09-20T18:43:14.065256+10:00","Action":"output","Package":"github.com/ollama/ollama/agent/tools","Test":"TestRejectUnsafeShellCommand/rm_unsafe_via_command_substitution","Output":"--- PASS: TestRejectUnsafeShellCommand/rm_unsafe_via_command_substitution (0.00s)\n"}
{"Time":"2026-09-20T18:43:14.06527+10:00","Action":"pass","Package":"github.com/ollama/ollama/agent/tools","Test":"TestRejectUnsafeShellCommand/rm_unsafe_via_command_substitution","Elapsed":0}
{"Time":"2026-09-20T18:43:14.065284+10:00","Action":"output","Package":"github.com/ollama/ollama/agent/tools","Test":"TestRejectUnsafeShellCommand","Output":"--- PASS: TestRejectUnsafeShellCommand (0.00s)\n"}
{"Time":"2026-09-20T18:43:14.065298+10:00","Action":"pass","Package":"github.com/ollama/ollama/agent/tools","Test":"TestRejectUnsafeShellCommand","Elapsed":0}
{"Time":"2026-09-20T18:43:14.065312+10:00","Action":"run","Package":"github.com/ollama/ollama/agent/tools","Test":"TestBashRejectsUnsafeCommandBeforeExecution"}
{"Time":"2026-09-20T18:43:14.065327+10:00","Action":"output","Package":"github.com/ollama/ollama/agent/tools","Test":"TestBashRejectsUnsafeCommandBeforeExecution","Output":"=== RUN   TestBashRejectsUnsafeCommandBeforeExecution\n"}
{"Time":"2026-09-20T18:43:14.070232+10:00","Action":"output","Package":"github.com/ollama/ollama/agent/tools","Test":"TestBashRejectsUnsafeCommandBeforeExecution","Output":"--- PASS: TestBashRejectsUnsafeCommandBeforeExecution (0.01s)\n"}
{"Time":"2026-09-20T18:43:14.070298+10:00","Action":"pass","Package":"github.com/ollama/ollama/agent/tools","Test":"TestBashRejectsUnsafeCommandBeforeExecution","Elapsed":0.01}
{"Time":"2026-09-20T18:43:14.070323+10:00","Action":"run","Package":"github.com/ollama/ollama/agent/tools","Test":"TestReadFinalWorkingDirRejectsInvalidPaths"}
{"Time":"2026-09-20T18:43:14.070338+10:00","Action":"output","Package":"github.com/ollama/ollama/agent/tools","Test":"TestReadFinalWorkingDirRejectsInvalidPaths","Output":"=== RUN   TestReadFinalWorkingDirRejectsInvalidPaths\n"}
{"Time":"2026-09-20T18:43:14.086619+10:00","Action":"output","Package":"github.com/ollama/ollama/agent/tools","Test":"TestReadFinalWorkingDirRejectsInvalidPaths","Output":"--- PASS: TestReadFinalWorkingDirRejectsInvalidPaths (0.02s)\n"}
{"Time":"2026-09-20T18:43:14.086697+10:00","Action":"pass","Package":"github.com/ollama/ollama/agent/tools","Test":"TestReadFinalWorkingDirRejectsInvalidPaths","Elapsed":0.02}
{"Time":"2026-09-20T18:43:14.086727+10:00","Action":"run","Package":"github.com/ollama/ollama/agent/tools","Test":"TestNormalizeBashWorkingDirWindowsDriveLetter"}
{"Time":"2026-09-20T18:43:14.086743+10:00","Action":"output","Package":"github.com/ollama/ollama/agent/tools","Test":"TestNormalizeBashWorkingDirWindowsDriveLetter","Output":"=== RUN   TestNormalizeBashWorkingDirWindowsDriveLetter\n"}
{"Time":"2026-09-20T18:43:14.086782+10:00","Action":"output","Package":"github.com/ollama/ollama/agent/tools","Test":"TestNormalizeBashWorkingDirWindowsDriveLetter","Output":"    bash_test.go:251: windows path normalization\n"}
{"Time":"2026-09-20T18:43:14.086798+10:00","Action":"output","Package":"github.com/ollama/ollama/agent/tools","Test":"TestNormalizeBashWorkingDirWindowsDriveLetter","Output":"--- SKIP: TestNormalizeBashWorkingDirWindowsDriveLetter (0.00s)\n"}
{"Time":"2026-09-20T18:43:14.086812+10:00","Action":"skip","Package":"github.com/ollama/ollama/agent/tools","Test":"TestNormalizeBashWorkingDirWindowsDriveLetter","Elapsed":0}
{"Time":"2026-09-20T18:43:14.086825+10:00","Action":"run","Package":"github.com/ollama/ollama/agent/tools","Test":"TestConfigureBashCommandSetsProcessGroup"}
{"Time":"2026-09-20T18:43:14.086838+10:00","Action":"output","Package":"github.com/ollama/ollama/agent/tools","Test":"TestConfigureBashCommandSetsProcessGroup","Output":"=== RUN   TestConfigureBashCommandSetsProcessGroup\n"}
{"Time":"2026-09-20T18:43:14.086852+10:00","Action":"output","Package":"github.com/ollama/ollama/agent/tools","Test":"TestConfigureBashCommandSetsProcessGroup","Output":"--- PASS: TestConfigureBashCommandSetsProcessGroup (0.00s)\n"}
{"Time":"2026-09-20T18:43:14.086864+10:00","Action":"pass","Package":"github.com/ollama/ollama/agent/tools","Test":"TestConfigureBashCommandSetsProcessGroup","Elapsed":0}
{"Time":"2026-09-20T18:43:14.086877+10:00","Action":"run","Package":"github.com/ollama/ollama/agent/tools","Test":"TestBashWaitDelayBoundsBackgroundOutputPipe"}
{"Time":"2026-09-20T18:43:14.086889+10:00","Action":"output","Package":"github.com/ollama/ollama/agent/tools","Test":"TestBashWaitDelayBoundsBackgroundOutputPipe","Output":"=== RUN   TestBashWaitDelayBoundsBackgroundOutputPipe\n"}
{"Time":"2026-09-20T18:43:14.599617+10:00","Action":"start","Package":"github.com/ollama/ollama/cmd/tui/chat"}
{"Time":"2026-09-20T18:43:14.599945+10:00","Action":"start","Package":"github.com/ollama/ollama/app/store"}
{"Time":"2026-09-20T18:43:15.156232+10:00","Action":"output","Package":"github.com/ollama/ollama/agent/tools","Test":"TestBashWaitDelayBoundsBackgroundOutputPipe","Output":"--- PASS: TestBashWaitDelayBoundsBackgroundOutputPipe (1.07s)\n"}
{"Time":"2026-09-20T18:43:15.156489+10:00","Action":"pass","Package":"github.com/ollama/ollama/agent/tools","Test":"TestBashWaitDelayBoundsBackgroundOutputPipe","Elapsed":1.07}
{"Time":"2026-09-20T18:43:15.156546+10:00","Action":"run","Package":"github.com/ollama/ollama/agent/tools","Test":"TestEditReplacesUniqueText"}
{"Time":"2026-09-20T18:43:15.156563+10:00","Action":"output","Package":"github.com/ollama/ollama/agent/tools","Test":"TestEditReplacesUniqueText","Output":"=== RUN   TestEditReplacesUniqueText\n"}
{"Time":"2026-09-20T18:43:15.186877+10:00","Action":"output","Package":"github.com/ollama/ollama/agent/tools","Test":"TestEditReplacesUniqueText","Output":"--- PASS: TestEditReplacesUniqueText (0.03s)\n"}
{"Time":"2026-09-20T18:43:15.186946+10:00","Action":"pass","Package":"github.com/ollama/ollama/agent/tools","Test":"TestEditReplacesUniqueText","Elapsed":0.03}
{"Time":"2026-09-20T18:43:15.187022+10:00","Action":"run","Package":"github.com/ollama/ollama/agent/tools","Test":"TestEditRequiresUniqueMatchByDefault"}
{"Time":"2026-09-20T18:43:15.187046+10:00","Action":"output","Package":"github.com/ollama/ollama/agent/tools","Test":"TestEditRequiresUniqueMatchByDefault","Output":"=== RUN   TestEditRequiresUniqueMatchByDefault\n"}
{"Time":"2026-09-20T18:43:15.189606+10:00","Action":"output","Package":"github.com/ollama/ollama/agent/tools","Test":"TestEditRequiresUniqueMatchByDefault","Output":"--- PASS: TestEditRequiresUniqueMatchByDefault (0.00s)\n"}
{"Time":"2026-09-20T18:43:15.189736+10:00","Action":"pass","Package":"github.com/ollama/ollama/agent/tools","Test":"TestEditRequiresUniqueMatchByDefault","Elapsed":0}
{"Time":"2026-09-20T18:43:15.189787+10:00","Action":"run","Package":"github.com/ollama/ollama/agent/tools","Test":"TestEditRejectsEscapingPath"}
{"Time":"2026-09-20T18:43:15.189841+10:00","Action":"output","Package":"github.com/ollama/ollama/agent/tools","Test":"TestEditRejectsEscapingPath","Output":"=== RUN   TestEditRejectsEscapingPath\n"}
{"Time":"2026-09-20T18:43:15.19274+10:00","Action":"output","Package":"github.com/ollama/ollama/agent/tools","Test":"TestEditRejectsEscapingPath","Output":"--- PASS: TestEditRejectsEscapingPath (0.00s)\n"}
{"Time":"2026-09-20T18:43:15.192813+10:00","Action":"pass","Package":"github.com/ollama/ollama/agent/tools","Test":"TestEditRejectsEscapingPath","Elapsed":0}
{"Time":"2026-09-20T18:43:15.192848+10:00","Action":"run","Package":"github.com/ollama/ollama/agent/tools","Test":"TestEditRejectsSymlinkEscape"}
{"Time":"2026-09-20T18:43:15.192878+10:00","Action":"output","Package":"github.com/ollama/ollama/agent/tools","Test":"TestEditRejectsSymlinkEscape","Output":"=== RUN   TestEditRejectsSymlinkEscape\n"}
{"Time":"2026-09-20T18:43:15.199072+10:00","Action":"output","Package":"github.com/ollama/ollama/agent/tools","Test":"TestEditRejectsSymlinkEscape","Output":"--- PASS: TestEditRejectsSymlinkEscape (0.01s)\n"}
{"Time":"2026-09-20T18:43:15.199222+10:00","Action":"pass","Package":"github.com/ollama/ollama/agent/tools","Test":"TestEditRejectsSymlinkEscape","Elapsed":0.01}
{"Time":"2026-09-20T18:43:15.199266+10:00","Action":"run","Package":"github.com/ollama/ollama/agent/tools","Test":"TestEditRejectsFinalSymlink"}
{"Time":"2026-09-20T18:43:15.199336+10:00","Action":"output","Package":"github.com/ollama/ollama/agent/tools","Test":"TestEditRejectsFinalSymlink","Output":"=== RUN   TestEditRejectsFinalSymlink\n"}
{"Time":"2026-09-20T18:43:15.20365+10:00","Action":"output","Package":"github.com/ollama/ollama/agent/tools","Test":"TestEditRejectsFinalSymlink","Output":"--- PASS: TestEditRejectsFinalSymlink (0.00s)\n"}
{"Time":"2026-09-20T18:43:15.203809+10:00","Action":"pass","Package":"github.com/ollama/ollama/agent/tools","Test":"TestEditRejectsFinalSymlink","Elapsed":0}
{"Time":"2026-09-20T18:43:15.203878+10:00","Action":"run","Package":"github.com/ollama/ollama/agent/tools","Test":"TestReadRejectsParentOutsideCurrentWorkingDir"}
{"Time":"2026-09-20T18:43:15.20394+10:00","Action":"output","Package":"github.com/ollama/ollama/agent/tools","Test":"TestReadRejectsParentOutsideCurrentWorkingDir","Output":"=== RUN   TestReadRejectsParentOutsideCurrentWorkingDir\n"}
{"Time":"2026-09-20T18:43:15.207843+10:00","Action":"output","Package":"github.com/ollama/ollama/agent/tools","Test":"TestReadRejectsParentOutsideCurrentWorkingDir","Output":"--- PASS: TestReadRejectsParentOutsideCurrentWorkingDir (0.00s)\n"}
{"Time":"2026-09-20T18:43:15.207957+10:00","Action":"pass","Package":"github.com/ollama/ollama/agent/tools","Test":"TestReadRejectsParentOutsideCurrentWorkingDir","Elapsed":0}
{"Time":"2026-09-20T18:43:15.20806+10:00","Action":"run","Package":"github.com/ollama/ollama/agent/tools","Test":"TestReadRequiresApproval"}
{"Time":"2026-09-20T18:43:15.208097+10:00","Action":"output","Package":"github.com/ollama/ollama/agent/tools","Test":"TestReadRequiresApproval","Output":"=== RUN   TestReadRequiresApproval\n"}
{"Time":"2026-09-20T18:43:15.208195+10:00","Action":"output","Package":"github.com/ollama/ollama/agent/tools","Test":"TestReadRequiresApproval","Output":"--- PASS: TestReadRequiresApproval (0.00s)\n"}
{"Time":"2026-09-20T18:43:15.208668+10:00","Action":"pass","Package":"github.com/ollama/ollama/agent/tools","Test":"TestReadRequiresApproval","Elapsed":0}
{"Time":"2026-09-20T18:43:15.208721+10:00","Action":"run","Package":"github.com/ollama/ollama/agent/tools","Test":"TestReadApprovalScopeIncludesPath"}
{"Time":"2026-09-20T18:43:15.208844+10:00","Action":"output","Package":"github.com/ollama/ollama/agent/tools","Test":"TestReadApprovalScopeIncludesPath","Output":"=== RUN   TestReadApprovalScopeIncludesPath\n"}
{"Time":"2026-09-20T18:43:15.208908+10:00","Action":"output","Package":"github.com/ollama/ollama/agent/tools","Test":"TestReadApprovalScopeIncludesPath","Output":"--- PASS: TestReadApprovalScopeIncludesPath (0.00s)\n"}
{"Time":"2026-09-20T18:43:15.208945+10:00","Action":"pass","Package":"github.com/ollama/ollama/agent/tools","Test":"TestReadApprovalScopeIncludesPath","Elapsed":0}
{"Time":"2026-09-20T18:43:15.208981+10:00","Action":"run","Package":"github.com/ollama/ollama/agent/tools","Test":"TestReadDefaultsToEntireFile"}
{"Time":"2026-09-20T18:43:15.209015+10:00","Action":"output","Package":"github.com/ollama/ollama/agent/tools","Test":"TestReadDefaultsToEntireFile","Output":"=== RUN   TestReadDefaultsToEntireFile\n"}
{"Time":"2026-09-20T18:43:15.213983+10:00","Action":"output","Package":"github.com/ollama/ollama/agent/tools","Test":"TestReadDefaultsToEntireFile","Output":"--- PASS: TestReadDefaultsToEntireFile (0.01s)\n"}
{"Time":"2026-09-20T18:43:15.214081+10:00","Action":"pass","Package":"github.com/ollama/ollama/agent/tools","Test":"TestReadDefaultsToEntireFile","Elapsed":0.01}
{"Time":"2026-09-20T18:43:15.214122+10:00","Action":"run","Package":"github.com/ollama/ollama/agent/tools","Test":"TestReadAllowsAbsolutePath"}
{"Time":"2026-09-20T18:43:15.214158+10:00","Action":"output","Package":"github.com/ollama/ollama/agent/tools","Test":"TestReadAllowsAbsolutePath","Output":"=== RUN   TestReadAllowsAbsolutePath\n"}
{"Time":"2026-09-20T18:43:15.217246+10:00","Action":"output","Package":"github.com/ollama/ollama/agent/tools","Test":"TestReadAllowsAbsolutePath","Output":"--- PASS: TestReadAllowsAbsolutePath (0.00s)\n"}
{"Time":"2026-09-20T18:43:15.217301+10:00","Action":"pass","Package":"github.com/ollama/ollama/agent/tools","Test":"TestReadAllowsAbsolutePath","Elapsed":0}
{"Time":"2026-09-20T18:43:15.21732+10:00","Action":"run","Package":"github.com/ollama/ollama/agent/tools","Test":"TestReadRejectsAbsoluteSymlink"}
{"Time":"2026-09-20T18:43:15.217334+10:00","Action":"output","Package":"github.com/ollama/ollama/agent/tools","Test":"TestReadRejectsAbsoluteSymlink","Output":"=== RUN   TestReadRejectsAbsoluteSymlink\n"}
{"Time":"2026-09-20T18:43:15.22201+10:00","Action":"output","Package":"github.com/ollama/ollama/agent/tools","Test":"TestReadRejectsAbsoluteSymlink","Output":"--- PASS: TestReadRejectsAbsoluteSymlink (0.00s)\n"}
{"Time":"2026-09-20T18:43:15.222177+10:00","Action":"pass","Package":"github.com/ollama/ollama/agent/tools","Test":"TestReadRejectsAbsoluteSymlink","Elapsed":0}
{"Time":"2026-09-20T18:43:15.222286+10:00","Action":"run","Package":"github.com/ollama/ollama/agent/tools","Test":"TestReadStartEnd"}
{"Time":"2026-09-20T18:43:15.222318+10:00","Action":"output","Package":"github.com/ollama/ollama/agent/tools","Test":"TestReadStartEnd","Output":"=== RUN   TestReadStartEnd\n"}
{"Time":"2026-09-20T18:43:15.224861+10:00","Action":"output","Package":"github.com/ollama/ollama/agent/tools","Test":"TestReadStartEnd","Output":"--- PASS: TestReadStartEnd (0.00s)\n"}
{"Time":"2026-09-20T18:43:15.224911+10:00","Action":"pass","Package":"github.com/ollama/ollama/agent/tools","Test":"TestReadStartEnd","Elapsed":0}
{"Time":"2026-09-20T18:43:15.224932+10:00","Action":"run","Package":"github.com/ollama/ollama/agent/tools","Test":"TestReadStartOnly"}
{"Time":"2026-09-20T18:43:15.224946+10:00","Action":"output","Package":"github.com/ollama/ollama/agent/tools","Test":"TestReadStartOnly","Output":"=== RUN   TestReadStartOnly\n"}
{"Time":"2026-09-20T18:43:15.227249+10:00","Action":"output","Package":"github.com/ollama/ollama/agent/tools","Test":"TestReadStartOnly","Output":"--- PASS: TestReadStartOnly (0.00s)\n"}
{"Time":"2026-09-20T18:43:15.227296+10:00","Action":"pass","Package":"github.com/ollama/ollama/agent/tools","Test":"TestReadStartOnly","Elapsed":0}
{"Time":"2026-09-20T18:43:15.227316+10:00","Action":"run","Package":"github.com/ollama/ollama/agent/tools","Test":"TestReadEndOnly"}
{"Time":"2026-09-20T18:43:15.227329+10:00","Action":"output","Package":"github.com/ollama/ollama/agent/tools","Test":"TestReadEndOnly","Output":"=== RUN   TestReadEndOnly\n"}
{"Time":"2026-09-20T18:43:15.229879+10:00","Action":"output","Package":"github.com/ollama/ollama/agent/tools","Test":"TestReadEndOnly","Output":"--- PASS: TestReadEndOnly (0.00s)\n"}
{"Time":"2026-09-20T18:43:15.229928+10:00","Action":"pass","Package":"github.com/ollama/ollama/agent/tools","Test":"TestReadEndOnly","Elapsed":0}
{"Time":"2026-09-20T18:43:15.229955+10:00","Action":"run","Package":"github.com/ollama/ollama/agent/tools","Test":"TestReadSelectionRejectsHugeSingleLine"}
{"Time":"2026-09-20T18:43:15.229977+10:00","Action":"output","Package":"github.com/ollama/ollama/agent/tools","Test":"TestReadSelectionRejectsHugeSingleLine","Output":"=== RUN   TestReadSelectionRejectsHugeSingleLine\n"}
{"Time":"2026-09-20T18:43:15.254413+10:00","Action":"output","Package":"github.com/ollama/ollama/agent/tools","Test":"TestReadSelectionRejectsHugeSingleLine","Output":"--- PASS: TestReadSelectionRejectsHugeSingleLine (0.02s)\n"}
{"Time":"2026-09-20T18:43:15.254487+10:00","Action":"pass","Package":"github.com/ollama/ollama/agent/tools","Test":"TestReadSelectionRejectsHugeSingleLine","Elapsed":0.02}
{"Time":"2026-09-20T18:43:15.254515+10:00","Action":"run","Package":"github.com/ollama/ollama/agent/tools","Test":"TestReadAllWithinLimitRejectsGrowingRead"}
{"Time":"2026-09-20T18:43:15.254532+10:00","Action":"output","Package":"github.com/ollama/ollama/agent/tools","Test":"TestReadAllWithinLimitRejectsGrowingRead","Output":"=== RUN   TestReadAllWithinLimitRejectsGrowingRead\n"}
{"Time":"2026-09-20T18:43:15.255159+10:00","Action":"output","Package":"github.com/ollama/ollama/agent/tools","Test":"TestReadAllWithinLimitRejectsGrowingRead","Output":"--- PASS: TestReadAllWithinLimitRejectsGrowingRead (0.00s)\n"}
{"Time":"2026-09-20T18:43:15.255265+10:00","Action":"pass","Package":"github.com/ollama/ollama/agent/tools","Test":"TestReadAllWithinLimitRejectsGrowingRead","Elapsed":0}
{"Time":"2026-09-20T18:43:15.255289+10:00","Action":"run","Package":"github.com/ollama/ollama/agent/tools","Test":"TestReadRejectsInvalidRange"}
{"Time":"2026-09-20T18:43:15.255308+10:00","Action":"output","Package":"github.com/ollama/ollama/agent/tools","Test":"TestReadRejectsInvalidRange","Output":"=== RUN   TestReadRejectsInvalidRange\n"}
{"Time":"2026-09-20T18:43:15.26305+10:00","Action":"output","Package":"github.com/ollama/ollama/agent/tools","Test":"TestReadRejectsInvalidRange","Output":"--- PASS: TestReadRejectsInvalidRange (0.01s)\n"}
{"Time":"2026-09-20T18:43:15.263116+10:00","Action":"pass","Package":"github.com/ollama/ollama/agent/tools","Test":"TestReadRejectsInvalidRange","Elapsed":0.01}
{"Time":"2026-09-20T18:43:15.263136+10:00","Action":"run","Package":"github.com/ollama/ollama/agent/tools","Test":"TestOpenRegularFileRejectsFIFO"}
{"Time":"2026-09-20T18:43:15.263151+10:00","Action":"output","Package":"github.com/ollama/ollama/agent/tools","Test":"TestOpenRegularFileRejectsFIFO","Output":"=== RUN   TestOpenRegularFileRejectsFIFO\n"}
{"Time":"2026-09-20T18:43:15.266541+10:00","Action":"output","Package":"github.com/ollama/ollama/agent/tools","Test":"TestOpenRegularFileRejectsFIFO","Output":"--- PASS: TestOpenRegularFileRejectsFIFO (0.00s)\n"}
{"Time":"2026-09-20T18:43:15.266598+10:00","Action":"pass","Package":"github.com/ollama/ollama/agent/tools","Test":"TestOpenRegularFileRejectsFIFO","Elapsed":0}
{"Time":"2026-09-20T18:43:15.266615+10:00","Action":"run","Package":"github.com/ollama/ollama/agent/tools","Test":"TestEditPreservesModeDespiteUmask"}
{"Time":"2026-09-20T18:43:15.266629+10:00","Action":"output","Package":"github.com/ollama/ollama/agent/tools","Test":"TestEditPreservesModeDespiteUmask","Output":"=== RUN   TestEditPreservesModeDespiteUmask\n"}
{"Time":"2026-09-20T18:43:15.275181+10:00","Action":"run","Package":"github.com/ollama/ollama/cmd/tui/chat","Test":"TestChatApprovalApprovesOnce"}
{"Time":"2026-09-20T18:43:15.276254+10:00","Action":"output","Package":"github.com/ollama/ollama/cmd/tui/chat","Test":"TestChatApprovalApprovesOnce","Output":"=== RUN   TestChatApprovalApprovesOnce\n"}
{"Time":"2026-09-20T18:43:15.277309+10:00","Action":"output","Package":"github.com/ollama/ollama/cmd/tui/chat","Test":"TestChatApprovalApprovesOnce","Output":"--- PASS: TestChatApprovalApprovesOnce (0.00s)\n"}
{"Time":"2026-09-20T18:43:15.277361+10:00","Action":"pass","Package":"github.com/ollama/ollama/cmd/tui/chat","Test":"TestChatApprovalApprovesOnce","Elapsed":0}
{"Time":"2026-09-20T18:43:15.277382+10:00","Action":"run","Package":"github.com/ollama/ollama/cmd/tui/chat","Test":"TestChatApprovalAllowsTool"}
{"Time":"2026-09-20T18:43:15.277403+10:00","Action":"output","Package":"github.com/ollama/ollama/cmd/tui/chat","Test":"TestChatApprovalAllowsTool","Output":"=== RUN   TestChatApprovalAllowsTool\n"}
{"Time":"2026-09-20T18:43:15.277422+10:00","Action":"output","Package":"github.com/ollama/ollama/cmd/tui/chat","Test":"TestChatApprovalAllowsTool","Output":"--- PASS: TestChatApprovalAllowsTool (0.00s)\n"}
{"Time":"2026-09-20T18:43:15.27744+10:00","Action":"pass","Package":"github.com/ollama/ollama/cmd/tui/chat","Test":"TestChatApprovalAllowsTool","Elapsed":0}
{"Time":"2026-09-20T18:43:15.277461+10:00","Action":"run","Package":"github.com/ollama/ollama/cmd/tui/chat","Test":"TestChatApprovalLabelsSecondChoiceAsPerTool"}
{"Time":"2026-09-20T18:43:15.277479+10:00","Action":"output","Package":"github.com/ollama/ollama/cmd/tui/chat","Test":"TestChatApprovalLabelsSecondChoiceAsPerTool","Output":"=== RUN   TestChatApprovalLabelsSecondChoiceAsPerTool\n"}
{"Time":"2026-09-20T18:43:15.277496+10:00","Action":"output","Package":"github.com/ollama/ollama/cmd/tui/chat","Test":"TestChatApprovalLabelsSecondChoiceAsPerTool","Output":"--- PASS: TestChatApprovalLabelsSecondChoiceAsPerTool (0.00s)\n"}
{"Time":"2026-09-20T18:43:15.277513+10:00","Action":"pass","Package":"github.com/ollama/ollama/cmd/tui/chat","Test":"TestChatApprovalLabelsSecondChoiceAsPerTool","Elapsed":0}
{"Time":"2026-09-20T18:43:15.277529+10:00","Action":"run","Package":"github.com/ollama/ollama/cmd/tui/chat","Test":"TestChatApprovalLabelsShellChoiceAsCommandScoped"}
{"Time":"2026-09-20T18:43:15.277545+10:00","Action":"output","Package":"github.com/ollama/ollama/cmd/tui/chat","Test":"TestChatApprovalLabelsShellChoiceAsCommandScoped","Output":"=== RUN   TestChatApprovalLabelsShellChoiceAsCommandScoped\n"}
{"Time":"2026-09-20T18:43:15.277566+10:00","Action":"output","Package":"github.com/ollama/ollama/cmd/tui/chat","Test":"TestChatApprovalLabelsShellChoiceAsCommandScoped","Output":"--- PASS: TestChatApprovalLabelsShellChoiceAsCommandScoped (0.00s)\n"}
{"Time":"2026-09-20T18:43:15.277585+10:00","Action":"pass","Package":"github.com/ollama/ollama/cmd/tui/chat","Test":"TestChatApprovalLabelsShellChoiceAsCommandScoped","Elapsed":0}
{"Time":"2026-09-20T18:43:15.277599+10:00","Action":"run","Package":"github.com/ollama/ollama/cmd/tui/chat","Test":"TestChatApprovalUsesShellNameForPermissionPrompt"}
{"Time":"2026-09-20T18:43:15.277614+10:00","Action":"output","Package":"github.com/ollama/ollama/cmd/tui/chat","Test":"TestChatApprovalUsesShellNameForPermissionPrompt","Output":"=== RUN   TestChatApprovalUsesShellNameForPermissionPrompt\n"}
{"Time":"2026-09-20T18:43:15.277667+10:00","Action":"output","Package":"github.com/ollama/ollama/cmd/tui/chat","Test":"TestChatApprovalUsesShellNameForPermissionPrompt","Output":"--- PASS: TestChatApprovalUsesShellNameForPermissionPrompt (0.00s)\n"}
{"Time":"2026-09-20T18:43:15.277696+10:00","Action":"pass","Package":"github.com/ollama/ollama/cmd/tui/chat","Test":"TestChatApprovalUsesShellNameForPermissionPrompt","Elapsed":0}
{"Time":"2026-09-20T18:43:15.277717+10:00","Action":"run","Package":"github.com/ollama/ollama/cmd/tui/chat","Test":"TestChatApprovalRendersSkillLoad"}
{"Time":"2026-09-20T18:43:15.277734+10:00","Action":"output","Package":"github.com/ollama/ollama/cmd/tui/chat","Test":"TestChatApprovalRendersSkillLoad","Output":"=== RUN   TestChatApprovalRendersSkillLoad\n"}
{"Time":"2026-09-20T18:43:15.277831+10:00","Action":"output","Package":"github.com/ollama/ollama/cmd/tui/chat","Test":"TestChatApprovalRendersSkillLoad","Output":"--- PASS: TestChatApprovalRendersSkillLoad (0.00s)\n"}
{"Time":"2026-09-20T18:43:15.277851+10:00","Action":"pass","Package":"github.com/ollama/ollama/cmd/tui/chat","Test":"TestChatApprovalRendersSkillLoad","Elapsed":0}
{"Time":"2026-09-20T18:43:15.277869+10:00","Action":"run","Package":"github.com/ollama/ollama/cmd/tui/chat","Test":"TestChatApprovalPromptOmitsDuplicateBatchDetails"}
{"Time":"2026-09-20T18:43:15.277888+10:00","Action":"output","Package":"github.com/ollama/ollama/cmd/tui/chat","Test":"TestChatApprovalPromptOmitsDuplicateBatchDetails","Output":"=== RUN   TestChatApprovalPromptOmitsDuplicateBatchDetails\n"}
{"Time":"2026-09-20T18:43:15.277909+10:00","Action":"output","Package":"github.com/ollama/ollama/cmd/tui/chat","Test":"TestChatApprovalPromptOmitsDuplicateBatchDetails","Output":"--- PASS: TestChatApprovalPromptOmitsDuplicateBatchDetails (0.00s)\n"}
{"Time":"2026-09-20T18:43:15.277941+10:00","Action":"pass","Package":"github.com/ollama/ollama/cmd/tui/chat","Test":"TestChatApprovalPromptOmitsDuplicateBatchDetails","Elapsed":0}
{"Time":"2026-09-20T18:43:15.277977+10:00","Action":"run","Package":"github.com/ollama/ollama/cmd/tui/chat","Test":"TestChatApprovalKeepsQueuedBatchCallsVisible"}
{"Time":"2026-09-20T18:43:15.278014+10:00","Action":"output","Package":"github.com/ollama/ollama/cmd/tui/chat","Test":"TestChatApprovalKeepsQueuedBatchCallsVisible","Output":"=== RUN   TestChatApprovalKeepsQueuedBatchCallsVisible\n"}
{"Time":"2026-09-20T18:43:15.278067+10:00","Action":"output","Package":"github.com/ollama/ollama/cmd/tui/chat","Test":"TestChatApprovalKeepsQueuedBatchCallsVisible","Output":"--- PASS: TestChatApprovalKeepsQueuedBatchCallsVisible (0.00s)\n"}
{"Time":"2026-09-20T18:43:15.278097+10:00","Action":"pass","Package":"github.com/ollama/ollama/cmd/tui/chat","Test":"TestChatApprovalKeepsQueuedBatchCallsVisible","Elapsed":0}
{"Time":"2026-09-20T18:43:15.278312+10:00","Action":"run","Package":"github.com/ollama/ollama/cmd/tui/chat","Test":"TestChatApprovalPromptRepaintsFlowTranscript"}
{"Time":"2026-09-20T18:43:15.278376+10:00","Action":"output","Package":"github.com/ollama/ollama/cmd/tui/chat","Test":"TestChatApprovalPromptRepaintsFlowTranscript","Output":"=== RUN   TestChatApprovalPromptRepaintsFlowTranscript\n"}
{"Time":"2026-09-20T18:43:15.280041+10:00","Action":"output","Package":"github.com/ollama/ollama/cmd/tui/chat","Test":"TestChatApprovalPromptRepaintsFlowTranscript","Output":"--- PASS: TestChatApprovalPromptRepaintsFlowTranscript (0.00s)\n"}
{"Time":"2026-09-20T18:43:15.280207+10:00","Action":"pass","Package":"github.com/ollama/ollama/cmd/tui/chat","Test":"TestChatApprovalPromptRepaintsFlowTranscript","Elapsed":0}
{"Time":"2026-09-20T18:43:15.280233+10:00","Action":"run","Package":"github.com/ollama/ollama/cmd/tui/chat","Test":"TestChatApprovalResolutionRepaintsFlowTranscript"}
{"Time":"2026-09-20T18:43:15.280255+10:00","Action":"output","Package":"github.com/ollama/ollama/cmd/tui/chat","Test":"TestChatApprovalResolutionRepaintsFlowTranscript","Output":"=== RUN   TestChatApprovalResolutionRepaintsFlowTranscript\n"}
{"Time":"2026-09-20T18:43:15.280271+10:00","Action":"output","Package":"github.com/ollama/ollama/cmd/tui/chat","Test":"TestChatApprovalResolutionRepaintsFlowTranscript","Output":"--- PASS: TestChatApprovalResolutionRepaintsFlowTranscript (0.00s)\n"}
{"Time":"2026-09-20T18:43:15.280287+10:00","Action":"pass","Package":"github.com/ollama/ollama/cmd/tui/chat","Test":"TestChatApprovalResolutionRepaintsFlowTranscript","Elapsed":0}
{"Time":"2026-09-20T18:43:15.280318+10:00","Action":"run","Package":"github.com/ollama/ollama/cmd/tui/chat","Test":"TestChatApprovalBatchCollapsesAtNextToolBoundary"}
{"Time":"2026-09-20T18:43:15.280336+10:00","Action":"output","Package":"github.com/ollama/ollama/cmd/tui/chat","Test":"TestChatApprovalBatchCollapsesAtNextToolBoundary","Output":"=== RUN   TestChatApprovalBatchCollapsesAtNextToolBoundary\n"}
{"Time":"2026-09-20T18:43:15.280353+10:00","Action":"output","Package":"github.com/ollama/ollama/cmd/tui/chat","Test":"TestChatApprovalBatchCollapsesAtNextToolBoundary","Output":"--- PASS: TestChatApprovalBatchCollapsesAtNextToolBoundary (0.00s)\n"}
{"Time":"2026-09-20T18:43:15.280435+10:00","Action":"pass","Package":"github.com/ollama/ollama/cmd/tui/chat","Test":"TestChatApprovalBatchCollapsesAtNextToolBoundary","Elapsed":0}
{"Time":"2026-09-20T18:43:15.280459+10:00","Action":"run","Package":"github.com/ollama/ollama/cmd/tui/chat","Test":"TestChatApprovalPrompterCancels"}
{"Time":"2026-09-20T18:43:15.280478+10:00","Action":"output","Package":"github.com/ollama/ollama/cmd/tui/chat","Test":"TestChatApprovalPrompterCancels","Output":"=== RUN   TestChatApprovalPrompterCancels\n"}
{"Time":"2026-09-20T18:43:15.280498+10:00","Action":"output","Package":"github.com/ollama/ollama/cmd/tui/chat","Test":"TestChatApprovalPrompterCancels","Output":"--- PASS: TestChatApprovalPrompterCancels (0.00s)\n"}
{"Time":"2026-09-20T18:43:15.280517+10:00","Action":"pass","Package":"github.com/ollama/ollama/cmd/tui/chat","Test":"TestChatApprovalPrompterCancels","Elapsed":0}
{"Time":"2026-09-20T18:43:15.280548+10:00","Action":"run","Package":"github.com/ollama/ollama/cmd/tui/chat","Test":"TestChatApprovalControllerAutoApprovesAfterFullAccessToggle"}
{"Time":"2026-09-20T18:43:15.280565+10:00","Action":"output","Package":"github.com/ollama/ollama/cmd/tui/chat","Test":"TestChatApprovalControllerAutoApprovesAfterFullAccessToggle","Output":"=== RUN   TestChatApprovalControllerAutoApprovesAfterFullAccessToggle\n"}
{"Time":"2026-09-20T18:43:15.280582+10:00","Action":"output","Package":"github.com/ollama/ollama/cmd/tui/chat","Test":"TestChatApprovalControllerAutoApprovesAfterFullAccessToggle","Output":"--- PASS: TestChatApprovalControllerAutoApprovesAfterFullAccessToggle (0.00s)\n"}
{"Time":"2026-09-20T18:43:15.2806+10:00","Action":"pass","Package":"github.com/ollama/ollama/cmd/tui/chat","Test":"TestChatApprovalControllerAutoApprovesAfterFullAccessToggle","Elapsed":0}
{"Time":"2026-09-20T18:43:15.28062+10:00","Action":"run","Package":"github.com/ollama/ollama/cmd/tui/chat","Test":"TestChatPermissionToggleSyncsRunningApprovalController"}
{"Time":"2026-09-20T18:43:15.280637+10:00","Action":"output","Package":"github.com/ollama/ollama/cmd/tui/chat","Test":"TestChatPermissionToggleSyncsRunningApprovalController","Output":"=== RUN   TestChatPermissionToggleSyncsRunningApprovalController\n"}
{"Time":"2026-09-20T18:43:15.280659+10:00","Action":"output","Package":"github.com/ollama/ollama/cmd/tui/chat","Test":"TestChatPermissionToggleSyncsRunningApprovalController","Output":"--- PASS: TestChatPermissionToggleSyncsRunningApprovalController (0.00s)\n"}
{"Time":"2026-09-20T18:43:15.280689+10:00","Action":"pass","Package":"github.com/ollama/ollama/cmd/tui/chat","Test":"TestChatPermissionToggleSyncsRunningApprovalController","Elapsed":0}
{"Time":"2026-09-20T18:43:15.280782+10:00","Action":"run","Package":"github.com/ollama/ollama/cmd/tui/chat","Test":"TestChatPermissionToggleFromFullAccessRequiresReviewInRunningController"}
{"Time":"2026-09-20T18:43:15.281013+10:00","Action":"output","Package":"github.com/ollama/ollama/cmd/tui/chat","Test":"TestChatPermissionToggleFromFullAccessRequiresReviewInRunningController","Output":"=== RUN   TestChatPermissionToggleFromFullAccessRequiresReviewInRunningController\n"}
{"Time":"2026-09-20T18:43:15.281727+10:00","Action":"output","Package":"github.com/ollama/ollama/cmd/tui/chat","Test":"TestChatPermissionToggleFromFullAccessRequiresReviewInRunningController","Output":"--- PASS: TestChatPermissionToggleFromFullAccessRequiresReviewInRunningController (0.00s)\n"}
{"Time":"2026-09-20T18:43:15.282053+10:00","Action":"pass","Package":"github.com/ollama/ollama/cmd/tui/chat","Test":"TestChatPermissionToggleFromFullAccessRequiresReviewInRunningController","Elapsed":0}
{"Time":"2026-09-20T18:43:15.282103+10:00","Action":"run","Package":"github.com/ollama/ollama/cmd/tui/chat","Test":"TestChatApprovalPromptSkippedWhenFullAccessEnabledInFlight"}
{"Time":"2026-09-20T18:43:15.282117+10:00","Action":"output","Package":"github.com/ollama/ollama/cmd/tui/chat","Test":"TestChatApprovalPromptSkippedWhenFullAccessEnabledInFlight","Output":"=== RUN   TestChatApprovalPromptSkippedWhenFullAccessEnabledInFlight\n"}
{"Time":"2026-09-20T18:43:15.282132+10:00","Action":"output","Package":"github.com/ollama/ollama/cmd/tui/chat","Test":"TestChatApprovalPromptSkippedWhenFullAccessEnabledInFlight","Output":"--- PASS: TestChatApprovalPromptSkippedWhenFullAccessEnabledInFlight (0.00s)\n"}
{"Time":"2026-09-20T18:43:15.282149+10:00","Action":"pass","Package":"github.com/ollama/ollama/cmd/tui/chat","Test":"TestChatApprovalPromptSkippedWhenFullAccessEnabledInFlight","Elapsed":0}
{"Time":"2026-09-20T18:43:15.282164+10:00","Action":"run","Package":"github.com/ollama/ollama/cmd/tui/chat","Test":"TestCloudAuthTickDoesNotPoll"}
{"Time":"2026-09-20T18:43:15.282181+10:00","Action":"output","Package":"github.com/ollama/ollama/cmd/tui/chat","Test":"TestCloudAuthTickDoesNotPoll","Output":"=== RUN   TestCloudAuthTickDoesNotPoll\n"}
{"Time":"2026-09-20T18:43:15.285308+10:00","Action":"output","Package":"github.com/ollama/ollama/agent/tools","Test":"TestEditPreservesModeDespiteUmask","Output":"--- PASS: TestEditPreservesModeDespiteUmask (0.02s)\n"}
{"Time":"2026-09-20T18:43:15.285375+10:00","Action":"pass","Package":"github.com/ollama/ollama/agent/tools","Test":"TestEditPreservesModeDespiteUmask","Elapsed":0.02}
{"Time":"2026-09-20T18:43:15.285394+10:00","Action":"run","Package":"github.com/ollama/ollama/agent/tools","Test":"TestReadRejectsSymlinkEscapingWorkingDir"}
{"Time":"2026-09-20T18:43:15.28541+10:00","Action":"output","Package":"github.com/ollama/ollama/agent/tools","Test":"TestReadRejectsSymlinkEscapingWorkingDir","Output":"=== RUN   TestReadRejectsSymlinkEscapingWorkingDir\n"}
{"Time":"2026-09-20T18:43:15.291433+10:00","Action":"output","Package":"github.com/ollama/ollama/agent/tools","Test":"TestReadRejectsSymlinkEscapingWorkingDir","Output":"--- PASS: TestReadRejectsSymlinkEscapingWorkingDir (0.01s)\n"}
{"Time":"2026-09-20T18:43:15.291492+10:00","Action":"pass","Package":"github.com/ollama/ollama/agent/tools","Test":"TestReadRejectsSymlinkEscapingWorkingDir","Elapsed":0.01}
{"Time":"2026-09-20T18:43:15.291512+10:00","Action":"run","Package":"github.com/ollama/ollama/agent/tools","Test":"TestReadRejectsSymlinkInsideWorkingDirToOutside"}
{"Time":"2026-09-20T18:43:15.291527+10:00","Action":"output","Package":"github.com/ollama/ollama/agent/tools","Test":"TestReadRejectsSymlinkInsideWorkingDirToOutside","Output":"=== RUN   TestReadRejectsSymlinkInsideWorkingDirToOutside\n"}
{"Time":"2026-09-20T18:43:15.305604+10:00","Action":"output","Package":"github.com/ollama/ollama/agent/tools","Test":"TestReadRejectsSymlinkInsideWorkingDirToOutside","Output":"--- PASS: TestReadRejectsSymlinkInsideWorkingDirToOutside (0.01s)\n"}
{"Time":"2026-09-20T18:43:15.30567+10:00","Action":"pass","Package":"github.com/ollama/ollama/agent/tools","Test":"TestReadRejectsSymlinkInsideWorkingDirToOutside","Elapsed":0.01}
{"Time":"2026-09-20T18:43:15.305825+10:00","Action":"run","Package":"github.com/ollama/ollama/agent/tools","Test":"TestMCPToolReachesAServerThroughTheAgentHarness"}
{"Time":"2026-09-20T18:43:15.305878+10:00","Action":"output","Package":"github.com/ollama/ollama/agent/tools","Test":"TestMCPToolReachesAServerThroughTheAgentHarness","Output":"=== RUN   TestMCPToolReachesAServerThroughTheAgentHarness\n"}
{"Time":"2026-09-20T18:43:15.491603+10:00","Action":"output","Package":"github.com/ollama/ollama/cmd/tui/chat","Test":"TestCloudAuthTickDoesNotPoll","Output":"--- PASS: TestCloudAuthTickDoesNotPoll (0.21s)\n"}
{"Time":"2026-09-20T18:43:15.492354+10:00","Action":"pass","Package":"github.com/ollama/ollama/cmd/tui/chat","Test":"TestCloudAuthTickDoesNotPoll","Elapsed":0.21}
{"Time":"2026-09-20T18:43:15.492404+10:00","Action":"run","Package":"github.com/ollama/ollama/cmd/tui/chat","Test":"TestCloudAuthPollSchedulesNextPoll"}
{"Time":"2026-09-20T18:43:15.492473+10:00","Action":"output","Package":"github.com/ollama/ollama/cmd/tui/chat","Test":"TestCloudAuthPollSchedulesNextPoll","Output":"=== RUN   TestCloudAuthPollSchedulesNextPoll\n"}
{"Time":"2026-09-20T18:43:15.492493+10:00","Action":"output","Package":"github.com/ollama/ollama/cmd/tui/chat","Test":"TestCloudAuthPollSchedulesNextPoll","Output":"--- PASS: TestCloudAuthPollSchedulesNextPoll (0.00s)\n"}
{"Time":"2026-09-20T18:43:15.492508+10:00","Action":"pass","Package":"github.com/ollama/ollama/cmd/tui/chat","Test":"TestCloudAuthPollSchedulesNextPoll","Elapsed":0}
{"Time":"2026-09-20T18:43:15.492524+10:00","Action":"run","Package":"github.com/ollama/ollama/cmd/tui/chat","Test":"TestCloudModelPreflightFailureShowsPlanVerificationNotice"}
{"Time":"2026-09-20T18:43:15.492539+10:00","Action":"output","Package":"github.com/ollama/ollama/cmd/tui/chat","Test":"TestCloudModelPreflightFailureShowsPlanVerificationNotice","Output":"=== RUN   TestCloudModelPreflightFailureShowsPlanVerificationNotice\n"}
{"Time":"2026-09-20T18:43:15.492555+10:00","Action":"output","Package":"github.com/ollama/ollama/cmd/tui/chat","Test":"TestCloudModelPreflightFailureShowsPlanVerificationNotice","Output":"--- PASS: TestCloudModelPreflightFailureShowsPlanVerificationNotice (0.00s)\n"}
{"Time":"2026-09-20T18:43:15.49259+10:00","Action":"pass","Package":"github.com/ollama/ollama/cmd/tui/chat","Test":"TestCloudModelPreflightFailureShowsPlanVerificationNotice","Elapsed":0}
{"Time":"2026-09-20T18:43:15.492605+10:00","Action":"run","Package":"github.com/ollama/ollama/cmd/tui/chat","Test":"TestCloudModelPreflightIgnoresStaleModel"}
{"Time":"2026-09-20T18:43:15.492619+10:00","Action":"output","Package":"github.com/ollama/ollama/cmd/tui/chat","Test":"TestCloudModelPreflightIgnoresStaleModel","Output":"=== RUN   TestCloudModelPreflightIgnoresStaleModel\n"}
{"Time":"2026-09-20T18:43:15.492634+10:00","Action":"output","Package":"github.com/ollama/ollama/cmd/tui/chat","Test":"TestCloudModelPreflightIgnoresStaleModel","Output":"--- PASS: TestCloudModelPreflightIgnoresStaleModel (0.00s)\n"}
{"Time":"2026-09-20T18:43:15.492648+10:00","Action":"pass","Package":"github.com/ollama/ollama/cmd/tui/chat","Test":"TestCloudModelPreflightIgnoresStaleModel","Elapsed":0}
{"Time":"2026-09-20T18:43:15.492661+10:00","Action":"run","Package":"github.com/ollama/ollama/cmd/tui/chat","Test":"TestCloudModelPreflightCommandChecksCloudModel"}
{"Time":"2026-09-20T18:43:15.492676+10:00","Action":"output","Package":"github.com/ollama/ollama/cmd/tui/chat","Test":"TestCloudModelPreflightCommandChecksCloudModel","Output":"=== RUN   TestCloudModelPreflightCommandChecksCloudModel\n"}
{"Time":"2026-09-20T18:43:15.49269+10:00","Action":"output","Package":"github.com/ollama/ollama/cmd/tui/chat","Test":"TestCloudModelPreflightCommandChecksCloudModel","Output":"--- PASS: TestCloudModelPreflightCommandChecksCloudModel (0.00s)\n"}
{"Time":"2026-09-20T18:43:15.492705+10:00","Action":"pass","Package":"github.com/ollama/ollama/cmd/tui/chat","Test":"TestCloudModelPreflightCommandChecksCloudModel","Elapsed":0}
{"Time":"2026-09-20T18:43:15.492727+10:00","Action":"run","Package":"github.com/ollama/ollama/cmd/tui/chat","Test":"TestCloudAuthPollGivesUpAfterConsecutiveFailures"}
{"Time":"2026-09-20T18:43:15.492745+10:00","Action":"output","Package":"github.com/ollama/ollama/cmd/tui/chat","Test":"TestCloudAuthPollGivesUpAfterConsecutiveFailures","Output":"=== RUN   TestCloudAuthPollGivesUpAfterConsecutiveFailures\n"}
{"Time":"2026-09-20T18:43:15.492776+10:00","Action":"output","Package":"github.com/ollama/ollama/cmd/tui/chat","Test":"TestCloudAuthPollGivesUpAfterConsecutiveFailures","Output":"--- PASS: TestCloudAuthPollGivesUpAfterConsecutiveFailures (0.00s)\n"}
{"Time":"2026-09-20T18:43:15.492801+10:00","Action":"pass","Package":"github.com/ollama/ollama/cmd/tui/chat","Test":"TestCloudAuthPollGivesUpAfterConsecutiveFailures","Elapsed":0}
{"Time":"2026-09-20T18:43:15.492815+10:00","Action":"run","Package":"github.com/ollama/ollama/cmd/tui/chat","Test":"TestCloudAuthPollResetsFailuresOnHealthyResponse"}
{"Time":"2026-09-20T18:43:15.492833+10:00","Action":"output","Package":"github.com/ollama/ollama/cmd/tui/chat","Test":"TestCloudAuthPollResetsFailuresOnHealthyResponse","Output":"=== RUN   TestCloudAuthPollResetsFailuresOnHealthyResponse\n"}
{"Time":"2026-09-20T18:43:15.492848+10:00","Action":"output","Package":"github.com/ollama/ollama/cmd/tui/chat","Test":"TestCloudAuthPollResetsFailuresOnHealthyResponse","Output":"--- PASS: TestCloudAuthPollResetsFailuresOnHealthyResponse (0.00s)\n"}
{"Time":"2026-09-20T18:43:15.492864+10:00","Action":"pass","Package":"github.com/ollama/ollama/cmd/tui/chat","Test":"TestCloudAuthPollResetsFailuresOnHealthyResponse","Elapsed":0}
{"Time":"2026-09-20T18:43:15.492892+10:00","Action":"run","Package":"github.com/ollama/ollama/cmd/tui/chat","Test":"TestCloudAuthPollCompletesAfterFailures"}
{"Time":"2026-09-20T18:43:15.49291+10:00","Action":"output","Package":"github.com/ollama/ollama/cmd/tui/chat","Test":"TestCloudAuthPollCompletesAfterFailures","Output":"=== RUN   TestCloudAuthPollCompletesAfterFailures\n"}
{"Time":"2026-09-20T18:43:15.492926+10:00","Action":"output","Package":"github.com/ollama/ollama/cmd/tui/chat","Test":"TestCloudAuthPollCompletesAfterFailures","Output":"--- PASS: TestCloudAuthPollCompletesAfterFailures (0.00s)\n"}
{"Time":"2026-09-20T18:43:15.49294+10:00","Action":"pass","Package":"github.com/ollama/ollama/cmd/tui/chat","Test":"TestCloudAuthPollCompletesAfterFailures","Elapsed":0}
{"Time":"2026-09-20T18:43:15.492955+10:00","Action":"run","Package":"github.com/ollama/ollama/cmd/tui/chat","Test":"TestApplyAgentEventStreamsAssistantContent"}
{"Time":"2026-09-20T18:43:15.492968+10:00","Action":"output","Package":"github.com/ollama/ollama/cmd/tui/chat","Test":"TestApplyAgentEventStreamsAssistantContent","Output":"=== RUN   TestApplyAgentEventStreamsAssistantContent\n"}
{"Time":"2026-09-20T18:43:15.492981+10:00","Action":"output","Package":"github.com/ollama/ollama/cmd/tui/chat","Test":"TestApplyAgentEventStreamsAssistantContent","Output":"--- PASS: TestApplyAgentEventStreamsAssistantContent (0.00s)\n"}
{"Time":"2026-09-20T18:43:15.492994+10:00","Action":"pass","Package":"github.com/ollama/ollama/cmd/tui/chat","Test":"TestApplyAgentEventStreamsAssistantContent","Elapsed":0}
{"Time":"2026-09-20T18:43:15.493005+10:00","Action":"run","Package":"github.com/ollama/ollama/cmd/tui/chat","Test":"TestApplyAgentEventTracksToolLifecycle"}
{"Time":"2026-09-20T18:43:15.493017+10:00","Action":"output","Package":"github.com/ollama/ollama/cmd/tui/chat","Test":"TestApplyAgentEventTracksToolLifecycle","Output":"=== RUN   TestApplyAgentEventTracksToolLifecycle\n"}
{"Time":"2026-09-20T18:43:15.493031+10:00","Action":"output","Package":"github.com/ollama/ollama/cmd/tui/chat","Test":"TestApplyAgentEventTracksToolLifecycle","Output":"--- PASS: TestApplyAgentEventTracksToolLifecycle (0.00s)\n"}
{"Time":"2026-09-20T18:43:15.493046+10:00","Action":"pass","Package":"github.com/ollama/ollama/cmd/tui/chat","Test":"TestApplyAgentEventTracksToolLifecycle","Elapsed":0}
{"Time":"2026-09-20T18:43:15.49306+10:00","Action":"run","Package":"github.com/ollama/ollama/cmd/tui/chat","Test":"TestApplyAgentEventRendersDeniedCommandAsDenied"}
{"Time":"2026-09-20T18:43:15.493073+10:00","Action":"output","Package":"github.com/ollama/ollama/cmd/tui/chat","Test":"TestApplyAgentEventRendersDeniedCommandAsDenied","Output":"=== RUN   TestApplyAgentEventRendersDeniedCommandAsDenied\n"}
{"Time":"2026-09-20T18:43:15.493087+10:00","Action":"output","Package":"github.com/ollama/ollama/cmd/tui/chat","Test":"TestApplyAgentEventRendersDeniedCommandAsDenied","Output":"--- PASS: TestApplyAgentEventRendersDeniedCommandAsDenied (0.00s)\n"}
{"Time":"2026-09-20T18:43:15.493102+10:00","Action":"pass","Package":"github.com/ollama/ollama/cmd/tui/chat","Test":"TestApplyAgentEventRendersDeniedCommandAsDenied","Elapsed":0}
{"Time":"2026-09-20T18:43:15.493114+10:00","Action":"run","Package":"github.com/ollama/ollama/cmd/tui/chat","Test":"TestApplyAgentEventShowsWorkingWhileAwaitingCloudToolStart"}
{"Time":"2026-09-20T18:43:15.493126+10:00","Action":"output","Package":"github.com/ollama/ollama/cmd/tui/chat","Test":"TestApplyAgentEventShowsWorkingWhileAwaitingCloudToolStart","Output":"=== RUN   TestApplyAgentEventShowsWorkingWhileAwaitingCloudToolStart\n"}
{"Time":"2026-09-20T18:43:15.493148+10:00","Action":"output","Package":"github.com/ollama/ollama/cmd/tui/chat","Test":"TestApplyAgentEventShowsWorkingWhileAwaitingCloudToolStart","Output":"--- PASS: TestApplyAgentEventShowsWorkingWhileAwaitingCloudToolStart (0.00s)\n"}
{"Time":"2026-09-20T18:43:15.494685+10:00","Action":"pass","Package":"github.com/ollama/ollama/cmd/tui/chat","Test":"TestApplyAgentEventShowsWorkingWhileAwaitingCloudToolStart","Elapsed":0}
{"Time":"2026-09-20T18:43:15.494755+10:00","Action":"run","Package":"github.com/ollama/ollama/cmd/tui/chat","Test":"TestActivityLineShowsWorkingWhileAwaitingModelBeforeFirstEvent"}
{"Time":"2026-09-20T18:43:15.494773+10:00","Action":"output","Package":"github.com/ollama/ollama/cmd/tui/chat","Test":"TestActivityLineShowsWorkingWhileAwaitingModelBeforeFirstEvent","Output":"=== RUN   TestActivityLineShowsWorkingWhileAwaitingModelBeforeFirstEvent\n"}
{"Time":"2026-09-20T18:43:15.494792+10:00","Action":"output","Package":"github.com/ollama/ollama/cmd/tui/chat","Test":"TestActivityLineShowsWorkingWhileAwaitingModelBeforeFirstEvent","Output":"--- PASS: TestActivityLineShowsWorkingWhileAwaitingModelBeforeFirstEvent (0.00s)\n"}
{"Time":"2026-09-20T18:43:15.49481+10:00","Action":"pass","Package":"github.com/ollama/ollama/cmd/tui/chat","Test":"TestActivityLineShowsWorkingWhileAwaitingModelBeforeFirstEvent","Elapsed":0}
{"Time":"2026-09-20T18:43:15.49483+10:00","Action":"run","Package":"github.com/ollama/ollama/cmd/tui/chat","Test":"TestActivityLineShowsWorkingAfterAssistantContentGoesIdle"}
{"Time":"2026-09-20T18:43:15.495468+10:00","Action":"output","Package":"github.com/ollama/ollama/cmd/tui/chat","Test":"TestActivityLineShowsWorkingAfterAssistantContentGoesIdle","Output":"=== RUN   TestActivityLineShowsWorkingAfterAssistantContentGoesIdle\n"}
{"Time":"2026-09-20T18:43:15.495511+10:00","Action":"output","Package":"github.com/ollama/ollama/cmd/tui/chat","Test":"TestActivityLineShowsWorkingAfterAssistantContentGoesIdle","Output":"--- PASS: TestActivityLineShowsWorkingAfterAssistantContentGoesIdle (0.00s)\n"}
{"Time":"2026-09-20T18:43:15.495528+10:00","Action":"pass","Package":"github.com/ollama/ollama/cmd/tui/chat","Test":"TestActivityLineShowsWorkingAfterAssistantContentGoesIdle","Elapsed":0}
{"Time":"2026-09-20T18:43:15.495545+10:00","Action":"run","Package":"github.com/ollama/ollama/cmd/tui/chat","Test":"TestApplyAgentEventKeepsDetectedBatchStableUntilComplete"}
{"Time":"2026-09-20T18:43:15.49556+10:00","Action":"output","Package":"github.com/ollama/ollama/cmd/tui/chat","Test":"TestApplyAgentEventKeepsDetectedBatchStableUntilComplete","Output":"=== RUN   TestApplyAgentEventKeepsDetectedBatchStableUntilComplete\n"}
{"Time":"2026-09-20T18:43:15.495603+10:00","Action":"output","Package":"github.com/ollama/ollama/cmd/tui/chat","Test":"TestApplyAgentEventKeepsDetectedBatchStableUntilComplete","Output":"--- PASS: TestApplyAgentEventKeepsDetectedBatchStableUntilComplete (0.00s)\n"}
{"Time":"2026-09-20T18:43:15.495623+10:00","Action":"pass","Package":"github.com/ollama/ollama/cmd/tui/chat","Test":"TestApplyAgentEventKeepsDetectedBatchStableUntilComplete","Elapsed":0}
{"Time":"2026-09-20T18:43:15.495637+10:00","Action":"run","Package":"github.com/ollama/ollama/cmd/tui/chat","Test":"TestApplyAgentEventDoesNotCollapsePartialDetectedBatch"}
{"Time":"2026-09-20T18:43:15.495749+10:00","Action":"output","Package":"github.com/ollama/ollama/cmd/tui/chat","Test":"TestApplyAgentEventDoesNotCollapsePartialDetectedBatch","Output":"=== RUN   TestApplyAgentEventDoesNotCollapsePartialDetectedBatch\n"}
{"Time":"2026-09-20T18:43:15.495779+10:00","Action":"output","Package":"github.com/ollama/ollama/cmd/tui/chat","Test":"TestApplyAgentEventDoesNotCollapsePartialDetectedBatch","Output":"--- PASS: TestApplyAgentEventDoesNotCollapsePartialDetectedBatch (0.00s)\n"}
{"Time":"2026-09-20T18:43:15.4958+10:00","Action":"pass","Package":"github.com/ollama/ollama/cmd/tui/chat","Test":"TestApplyAgentEventDoesNotCollapsePartialDetectedBatch","Elapsed":0}
{"Time":"2026-09-20T18:43:15.495815+10:00","Action":"run","Package":"github.com/ollama/ollama/cmd/tui/chat","Test":"TestApplyAgentEventGroupsCompletedCommandsAtNextToolBoundary"}
{"Time":"2026-09-20T18:43:15.49583+10:00","Action":"output","Package":"github.com/ollama/ollama/cmd/tui/chat","Test":"TestApplyAgentEventGroupsCompletedCommandsAtNextToolBoundary","Output":"=== RUN   TestApplyAgentEventGroupsCompletedCommandsAtNextToolBoundary\n"}
{"Time":"2026-09-20T18:43:15.495844+10:00","Action":"output","Package":"github.com/ollama/ollama/cmd/tui/chat","Test":"TestApplyAgentEventGroupsCompletedCommandsAtNextToolBoundary","Output":"--- PASS: TestApplyAgentEventGroupsCompletedCommandsAtNextToolBoundary (0.00s)\n"}
{"Time":"2026-09-20T18:43:15.495857+10:00","Action":"pass","Package":"github.com/ollama/ollama/cmd/tui/chat","Test":"TestApplyAgentEventGroupsCompletedCommandsAtNextToolBoundary","Elapsed":0}
{"Time":"2026-09-20T18:43:15.495871+10:00","Action":"run","Package":"github.com/ollama/ollama/cmd/tui/chat","Test":"TestApplyAgentEventDoesNotGroupCompletedCommandsOnMessageDelta"}
{"Time":"2026-09-20T18:43:15.495904+10:00","Action":"output","Package":"github.com/ollama/ollama/cmd/tui/chat","Test":"TestApplyAgentEventDoesNotGroupCompletedCommandsOnMessageDelta","Output":"=== RUN   TestApplyAgentEventDoesNotGroupCompletedCommandsOnMessageDelta\n"}
{"Time":"2026-09-20T18:43:15.49592+10:00","Action":"output","Package":"github.com/ollama/ollama/cmd/tui/chat","Test":"TestApplyAgentEventDoesNotGroupCompletedCommandsOnMessageDelta","Output":"--- PASS: TestApplyAgentEventDoesNotGroupCompletedCommandsOnMessageDelta (0.00s)\n"}
{"Time":"2026-09-20T18:43:15.496014+10:00","Action":"pass","Package":"github.com/ollama/ollama/cmd/tui/chat","Test":"TestApplyAgentEventDoesNotGroupCompletedCommandsOnMessageDelta","Elapsed":0}
{"Time":"2026-09-20T18:43:15.496032+10:00","Action":"run","Package":"github.com/ollama/ollama/cmd/tui/chat","Test":"TestApplyAgentEventGroupsPreviouslyDeniedCommandsAtNextToolBoundary"}
{"Time":"2026-09-20T18:43:15.496053+10:00","Action":"output","Package":"github.com/ollama/ollama/cmd/tui/chat","Test":"TestApplyAgentEventGroupsPreviouslyDeniedCommandsAtNextToolBoundary","Output":"=== RUN   TestApplyAgentEventGroupsPreviouslyDeniedCommandsAtNextToolBoundary\n"}
{"Time":"2026-09-20T18:43:15.496635+10:00","Action":"output","Package":"github.com/ollama/ollama/cmd/tui/chat","Test":"TestApplyAgentEventGroupsPreviouslyDeniedCommandsAtNextToolBoundary","Output":"--- PASS: TestApplyAgentEventGroupsPreviouslyDeniedCommandsAtNextToolBoundary (0.00s)\n"}
{"Time":"2026-09-20T18:43:15.496726+10:00","Action":"pass","Package":"github.com/ollama/ollama/cmd/tui/chat","Test":"TestApplyAgentEventGroupsPreviouslyDeniedCommandsAtNextToolBoundary","Elapsed":0}
{"Time":"2026-09-20T18:43:15.496744+10:00","Action":"run","Package":"github.com/ollama/ollama/cmd/tui/chat","Test":"TestMessagesEndWithCompactionResult"}
{"Time":"2026-09-20T18:43:15.49676+10:00","Action":"output","Package":"github.com/ollama/ollama/cmd/tui/chat","Test":"TestMessagesEndWithCompactionResult","Output":"=== RUN   TestMessagesEndWithCompactionResult\n"}
{"Time":"2026-09-20T18:43:15.496777+10:00","Action":"output","Package":"github.com/ollama/ollama/cmd/tui/chat","Test":"TestMessagesEndWithCompactionResult","Output":"--- PASS: TestMessagesEndWithCompactionResult (0.00s)\n"}
{"Time":"2026-09-20T18:43:15.501478+10:00","Action":"pass","Package":"github.com/ollama/ollama/cmd/tui/chat","Test":"TestMessagesEndWithCompactionResult","Elapsed":0}
{"Time":"2026-09-20T18:43:15.501577+10:00","Action":"run","Package":"github.com/ollama/ollama/cmd/tui/chat","Test":"TestChatHelpCommandShowsV1Commands"}
{"Time":"2026-09-20T18:43:15.501606+10:00","Action":"output","Package":"github.com/ollama/ollama/cmd/tui/chat","Test":"TestChatHelpCommandShowsV1Commands","Output":"=== RUN   TestChatHelpCommandShowsV1Commands\n"}
{"Time":"2026-09-20T18:43:15.501627+10:00","Action":"output","Package":"github.com/ollama/ollama/cmd/tui/chat","Test":"TestChatHelpCommandShowsV1Commands","Output":"--- PASS: TestChatHelpCommandShowsV1Commands (0.00s)\n"}
{"Time":"2026-09-20T18:43:15.501642+10:00","Action":"pass","Package":"github.com/ollama/ollama/cmd/tui/chat","Test":"TestChatHelpCommandShowsV1Commands","Elapsed":0}
{"Time":"2026-09-20T18:43:15.501656+10:00","Action":"run","Package":"github.com/ollama/ollama/cmd/tui/chat","Test":"TestChatNewCommandRepaintsFromTop"}
{"Time":"2026-09-20T18:43:15.50167+10:00","Action":"output","Package":"github.com/ollama/ollama/cmd/tui/chat","Test":"TestChatNewCommandRepaintsFromTop","Output":"=== RUN   TestChatNewCommandRepaintsFromTop\n"}
{"Time":"2026-09-20T18:43:15.501686+10:00","Action":"output","Package":"github.com/ollama/ollama/cmd/tui/chat","Test":"TestChatNewCommandRepaintsFromTop","Output":"--- PASS: TestChatNewCommandRepaintsFromTop (0.00s)\n"}
{"Time":"2026-09-20T18:43:15.501783+10:00","Action":"pass","Package":"github.com/ollama/ollama/cmd/tui/chat","Test":"TestChatNewCommandRepaintsFromTop","Elapsed":0}
{"Time":"2026-09-20T18:43:15.501806+10:00","Action":"run","Package":"github.com/ollama/ollama/cmd/tui/chat","Test":"TestChatNewCommandPreservesLaunchFullAccessDefault"}
{"Time":"2026-09-20T18:43:15.501868+10:00","Action":"output","Package":"github.com/ollama/ollama/cmd/tui/chat","Test":"TestChatNewCommandPreservesLaunchFullAccessDefault","Output":"=== RUN   TestChatNewCommandPreservesLaunchFullAccessDefault\n"}
{"Time":"2026-09-20T18:43:15.501891+10:00","Action":"output","Package":"github.com/ollama/ollama/cmd/tui/chat","Test":"TestChatNewCommandPreservesLaunchFullAccessDefault","Output":"--- PASS: TestChatNewCommandPreservesLaunchFullAccessDefault (0.00s)\n"}
{"Time":"2026-09-20T18:43:15.501906+10:00","Action":"pass","Package":"github.com/ollama/ollama/cmd/tui/chat","Test":"TestChatNewCommandPreservesLaunchFullAccessDefault","Elapsed":0}
{"Time":"2026-09-20T18:43:15.503309+10:00","Action":"run","Package":"github.com/ollama/ollama/cmd/tui/chat","Test":"TestChatSaveCommandRequiresFilename"}
{"Time":"2026-09-20T18:43:15.503769+10:00","Action":"output","Package":"github.com/ollama/ollama/cmd/tui/chat","Test":"TestChatSaveCommandRequiresFilename","Output":"=== RUN   TestChatSaveCommandRequiresFilename\n"}
{"Time":"2026-09-20T18:43:15.505821+10:00","Action":"output","Package":"github.com/ollama/ollama/cmd/tui/chat","Test":"TestChatSaveCommandRequiresFilename","Output":"--- PASS: TestChatSaveCommandRequiresFilename (0.00s)\n"}
{"Time":"2026-09-20T18:43:15.505877+10:00","Action":"pass","Package":"github.com/ollama/ollama/cmd/tui/chat","Test":"TestChatSaveCommandRequiresFilename","Elapsed":0}
{"Time":"2026-09-20T18:43:15.505895+10:00","Action":"run","Package":"github.com/ollama/ollama/cmd/tui/chat","Test":"TestChatSaveCommandWritesRequestJSON"}
{"Time":"2026-09-20T18:43:15.505911+10:00","Action":"output","Package":"github.com/ollama/ollama/cmd/tui/chat","Test":"TestChatSaveCommandWritesRequestJSON","Output":"=== RUN   TestChatSaveCommandWritesRequestJSON\n"}
{"Time":"2026-09-20T18:43:15.508967+10:00","Action":"output","Package":"github.com/ollama/ollama/cmd/tui/chat","Test":"TestChatSaveCommandWritesRequestJSON","Output":"--- PASS: TestChatSaveCommandWritesRequestJSON (0.01s)\n"}
{"Time":"2026-09-20T18:43:15.509028+10:00","Action":"pass","Package":"github.com/ollama/ollama/cmd/tui/chat","Test":"TestChatSaveCommandWritesRequestJSON","Elapsed":0.01}
{"Time":"2026-09-20T18:43:15.509055+10:00","Action":"run","Package":"github.com/ollama/ollama/cmd/tui/chat","Test":"TestChatSaveCommandRejectsPath"}
{"Time":"2026-09-20T18:43:15.50907+10:00","Action":"output","Package":"github.com/ollama/ollama/cmd/tui/chat","Test":"TestChatSaveCommandRejectsPath","Output":"=== RUN   TestChatSaveCommandRejectsPath\n"}
{"Time":"2026-09-20T18:43:15.518271+10:00","Action":"output","Package":"github.com/ollama/ollama/cmd/tui/chat","Test":"TestChatSaveCommandRejectsPath","Output":"--- PASS: TestChatSaveCommandRejectsPath (0.01s)\n"}
{"Time":"2026-09-20T18:43:15.518414+10:00","Action":"pass","Package":"github.com/ollama/ollama/cmd/tui/chat","Test":"TestChatSaveCommandRejectsPath","Elapsed":0.01}
{"Time":"2026-09-20T18:43:15.519476+10:00","Action":"run","Package":"github.com/ollama/ollama/cmd/tui/chat","Test":"TestChatPromptCommandOpensPromptDebugScreen"}
{"Time":"2026-09-20T18:43:15.51954+10:00","Action":"output","Package":"github.com/ollama/ollama/cmd/tui/chat","Test":"TestChatPromptCommandOpensPromptDebugScreen","Output":"=== RUN   TestChatPromptCommandOpensPromptDebugScreen\n"}
{"Time":"2026-09-20T18:43:15.519568+10:00","Action":"output","Package":"github.com/ollama/ollama/cmd/tui/chat","Test":"TestChatPromptCommandOpensPromptDebugScreen","Output":"--- PASS: TestChatPromptCommandOpensPromptDebugScreen (0.00s)\n"}
{"Time":"2026-09-20T18:43:15.519591+10:00","Action":"pass","Package":"github.com/ollama/ollama/cmd/tui/chat","Test":"TestChatPromptCommandOpensPromptDebugScreen","Elapsed":0}
{"Time":"2026-09-20T18:43:15.519625+10:00","Action":"run","Package":"github.com/ollama/ollama/cmd/tui/chat","Test":"TestChatPromptDebugCapsToolResultPreview"}
{"Time":"2026-09-20T18:43:15.519653+10:00","Action":"output","Package":"github.com/ollama/ollama/cmd/tui/chat","Test":"TestChatPromptDebugCapsToolResultPreview","Output":"=== RUN   TestChatPromptDebugCapsToolResultPreview\n"}
{"Time":"2026-09-20T18:43:15.519674+10:00","Action":"output","Package":"github.com/ollama/ollama/cmd/tui/chat","Test":"TestChatPromptDebugCapsToolResultPreview","Output":"--- PASS: TestChatPromptDebugCapsToolResultPreview (0.00s)\n"}
{"Time":"2026-09-20T18:43:15.519721+10:00","Action":"pass","Package":"github.com/ollama/ollama/cmd/tui/chat","Test":"TestChatPromptDebugCapsToolResultPreview","Elapsed":0}
{"Time":"2026-09-20T18:43:15.519745+10:00","Action":"run","Package":"github.com/ollama/ollama/cmd/tui/chat","Test":"TestChatPromptDebugMouseWheelScrolls"}
{"Time":"2026-09-20T18:43:15.519789+10:00","Action":"output","Package":"github.com/ollama/ollama/cmd/tui/chat","Test":"TestChatPromptDebugMouseWheelScrolls","Output":"=== RUN   TestChatPromptDebugMouseWheelScrolls\n"}
{"Time":"2026-09-20T18:43:15.519828+10:00","Action":"output","Package":"github.com/ollama/ollama/cmd/tui/chat","Test":"TestChatPromptDebugMouseWheelScrolls","Output":"--- PASS: TestChatPromptDebugMouseWheelScrolls (0.00s)\n"}
{"Time":"2026-09-20T18:43:15.519854+10:00","Action":"pass","Package":"github.com/ollama/ollama/cmd/tui/chat","Test":"TestChatPromptDebugMouseWheelScrolls","Elapsed":0}
{"Time":"2026-09-20T18:43:15.519878+10:00","Action":"run","Package":"github.com/ollama/ollama/cmd/tui/chat","Test":"TestChatPromptDebugCachesLinesByWidth"}
{"Time":"2026-09-20T18:43:15.519893+10:00","Action":"output","Package":"github.com/ollama/ollama/cmd/tui/chat","Test":"TestChatPromptDebugCachesLinesByWidth","Output":"=== RUN   TestChatPromptDebugCachesLinesByWidth\n"}
{"Time":"2026-09-20T18:43:15.520629+10:00","Action":"output","Package":"github.com/ollama/ollama/cmd/tui/chat","Test":"TestChatPromptDebugCachesLinesByWidth","Output":"--- PASS: TestChatPromptDebugCachesLinesByWidth (0.00s)\n"}
{"Time":"2026-09-20T18:43:15.520683+10:00","Action":"pass","Package":"github.com/ollama/ollama/cmd/tui/chat","Test":"TestChatPromptDebugCachesLinesByWidth","Elapsed":0}
{"Time":"2026-09-20T18:43:15.520709+10:00","Action":"run","Package":"github.com/ollama/ollama/cmd/tui/chat","Test":"TestTruncateInputLineUsesDisplayWidth"}
{"Time":"2026-09-20T18:43:15.520723+10:00","Action":"output","Package":"github.com/ollama/ollama/cmd/tui/chat","Test":"TestTruncateInputLineUsesDisplayWidth","Output":"=== RUN   TestTruncateInputLineUsesDisplayWidth\n"}
{"Time":"2026-09-20T18:43:15.520737+10:00","Action":"output","Package":"github.com/ollama/ollama/cmd/tui/chat","Test":"TestTruncateInputLineUsesDisplayWidth","Output":"--- PASS: TestTruncateInputLineUsesDisplayWidth (0.00s)\n"}
{"Time":"2026-09-20T18:43:15.520752+10:00","Action":"pass","Package":"github.com/ollama/ollama/cmd/tui/chat","Test":"TestTruncateInputLineUsesDisplayWidth","Elapsed":0}
{"Time":"2026-09-20T18:43:15.520764+10:00","Action":"run","Package":"github.com/ollama/ollama/cmd/tui/chat","Test":"TestRenderInputBoxTruncationUsesSingleContinuationMarker"}
{"Time":"2026-09-20T18:43:15.52078+10:00","Action":"output","Package":"github.com/ollama/ollama/cmd/tui/chat","Test":"TestRenderInputBoxTruncationUsesSingleContinuationMarker","Output":"=== RUN   TestRenderInputBoxTruncationUsesSingleContinuationMarker\n"}
{"Time":"2026-09-20T18:43:15.520798+10:00","Action":"output","Package":"github.com/ollama/ollama/cmd/tui/chat","Test":"TestRenderInputBoxTruncationUsesSingleContinuationMarker","Output":"--- PASS: TestRenderInputBoxTruncationUsesSingleContinuationMarker (0.00s)\n"}
{"Time":"2026-09-20T18:43:15.520812+10:00","Action":"pass","Package":"github.com/ollama/ollama/cmd/tui/chat","Test":"TestRenderInputBoxTruncationUsesSingleContinuationMarker","Elapsed":0}
{"Time":"2026-09-20T18:43:15.520827+10:00","Action":"run","Package":"github.com/ollama/ollama/cmd/tui/chat","Test":"TestChatInputHandlesShiftEnterCSIMessage"}
{"Time":"2026-09-20T18:43:15.520843+10:00","Action":"output","Package":"github.com/ollama/ollama/cmd/tui/chat","Test":"TestChatInputHandlesShiftEnterCSIMessage","Output":"=== RUN   TestChatInputHandlesShiftEnterCSIMessage\n"}
{"Time":"2026-09-20T18:43:15.520859+10:00","Action":"output","Package":"github.com/ollama/ollama/cmd/tui/chat","Test":"TestChatInputHandlesShiftEnterCSIMessage","Output":"--- PASS: TestChatInputHandlesShiftEnterCSIMessage (0.00s)\n"}
{"Time":"2026-09-20T18:43:15.520937+10:00","Action":"pass","Package":"github.com/ollama/ollama/cmd/tui/chat","Test":"TestChatInputHandlesShiftEnterCSIMessage","Elapsed":0}
{"Time":"2026-09-20T18:43:15.520955+10:00","Action":"run","Package":"github.com/ollama/ollama/cmd/tui/chat","Test":"TestChatInputAcceptsSpace"}
{"Time":"2026-09-20T18:43:15.520969+10:00","Action":"output","Package":"github.com/ollama/ollama/cmd/tui/chat","Test":"TestChatInputAcceptsSpace","Output":"=== RUN   TestChatInputAcceptsSpace\n"}
{"Time":"2026-09-20T18:43:15.52099+10:00","Action":"output","Package":"github.com/ollama/ollama/cmd/tui/chat","Test":"TestChatInputAcceptsSpace","Output":"--- PASS: TestChatInputAcceptsSpace (0.00s)\n"}
{"Time":"2026-09-20T18:43:15.521005+10:00","Action":"pass","Package":"github.com/ollama/ollama/cmd/tui/chat","Test":"TestChatInputAcceptsSpace","Elapsed":0}
{"Time":"2026-09-20T18:43:15.521028+10:00","Action":"run","Package":"github.com/ollama/ollama/cmd/tui/chat","Test":"TestChatCloudModelDefaultToolRoundsStopAtLimit"}
{"Time":"2026-09-20T18:43:15.521044+10:00","Action":"output","Package":"github.com/ollama/ollama/cmd/tui/chat","Test":"TestChatCloudModelDefaultToolRoundsStopAtLimit","Output":"=== RUN   TestChatCloudModelDefaultToolRoundsStopAtLimit\n"}
{"Time":"2026-09-20T18:43:15.57729+10:00","Action":"output","Package":"github.com/ollama/ollama/cmd/tui/chat","Test":"TestChatCloudModelDefaultToolRoundsStopAtLimit","Output":"--- PASS: TestChatCloudModelDefaultToolRoundsStopAtLimit (0.06s)\n"}
{"Time":"2026-09-20T18:43:15.577389+10:00","Action":"pass","Package":"github.com/ollama/ollama/cmd/tui/chat","Test":"TestChatCloudModelDefaultToolRoundsStopAtLimit","Elapsed":0.06}
{"Time":"2026-09-20T18:43:15.57741+10:00","Action":"run","Package":"github.com/ollama/ollama/cmd/tui/chat","Test":"TestChatLargePasteUsesPlaceholderAndExpandsOnSubmit"}
{"Time":"2026-09-20T18:43:15.577426+10:00","Action":"output","Package":"github.com/ollama/ollama/cmd/tui/chat","Test":"TestChatLargePasteUsesPlaceholderAndExpandsOnSubmit","Output":"=== RUN   TestChatLargePasteUsesPlaceholderAndExpandsOnSubmit\n"}
{"Time":"2026-09-20T18:43:15.577447+10:00","Action":"output","Package":"github.com/ollama/ollama/cmd/tui/chat","Test":"TestChatLargePasteUsesPlaceholderAndExpandsOnSubmit","Output":"--- PASS: TestChatLargePasteUsesPlaceholderAndExpandsOnSubmit (0.00s)\n"}
{"Time":"2026-09-20T18:43:15.577463+10:00","Action":"pass","Package":"github.com/ollama/ollama/cmd/tui/chat","Test":"TestChatLargePasteUsesPlaceholderAndExpandsOnSubmit","Elapsed":0}
{"Time":"2026-09-20T18:43:15.577478+10:00","Action":"run","Package":"github.com/ollama/ollama/cmd/tui/chat","Test":"TestChatBackspaceDeletesWholePastedTextPlaceholder"}
{"Time":"2026-09-20T18:43:15.577493+10:00","Action":"output","Package":"github.com/ollama/ollama/cmd/tui/chat","Test":"TestChatBackspaceDeletesWholePastedTextPlaceholder","Output":"=== RUN   TestChatBackspaceDeletesWholePastedTextPlaceholder\n"}
{"Time":"2026-09-20T18:43:15.577514+10:00","Action":"output","Package":"github.com/ollama/ollama/cmd/tui/chat","Test":"TestChatBackspaceDeletesWholePastedTextPlaceholder","Output":"--- PASS: TestChatBackspaceDeletesWholePastedTextPlaceholder (0.00s)\n"}
{"Time":"2026-09-20T18:43:15.577548+10:00","Action":"pass","Package":"github.com/ollama/ollama/cmd/tui/chat","Test":"TestChatBackspaceDeletesWholePastedTextPlaceholder","Elapsed":0}
{"Time":"2026-09-20T18:43:15.577561+10:00","Action":"run","Package":"github.com/ollama/ollama/cmd/tui/chat","Test":"TestInitialPromptHistoryLoadsFromMessages"}
{"Time":"2026-09-20T18:43:15.577575+10:00","Action":"output","Package":"github.com/ollama/ollama/cmd/tui/chat","Test":"TestInitialPromptHistoryLoadsFromMessages","Output":"=== RUN   TestInitialPromptHistoryLoadsFromMessages\n"}
{"Time":"2026-09-20T18:43:15.577596+10:00","Action":"output","Package":"github.com/ollama/ollama/cmd/tui/chat","Test":"TestInitialPromptHistoryLoadsFromMessages","Output":"--- PASS: TestInitialPromptHistoryLoadsFromMessages (0.00s)\n"}
{"Time":"2026-09-20T18:43:15.577615+10:00","Action":"pass","Package":"github.com/ollama/ollama/cmd/tui/chat","Test":"TestInitialPromptHistoryLoadsFromMessages","Elapsed":0}
{"Time":"2026-09-20T18:43:15.577695+10:00","Action":"run","Package":"github.com/ollama/ollama/cmd/tui/chat","Test":"TestSkillCommandsListAndPersistSyntheticToolCall"}
{"Time":"2026-09-20T18:43:15.577734+10:00","Action":"output","Package":"github.com/ollama/ollama/cmd/tui/chat","Test":"TestSkillCommandsListAndPersistSyntheticToolCall","Output":"=== RUN   TestSkillCommandsListAndPersistSyntheticToolCall\n"}
{"Time":"2026-09-20T18:43:15.600067+10:00","Action":"output","Package":"github.com/ollama/ollama/cmd/tui/chat","Test":"TestSkillCommandsListAndPersistSyntheticToolCall","Output":"--- PASS: TestSkillCommandsListAndPersistSyntheticToolCall (0.02s)\n"}
{"Time":"2026-09-20T18:43:15.600537+10:00","Action":"pass","Package":"github.com/ollama/ollama/cmd/tui/chat","Test":"TestSkillCommandsListAndPersistSyntheticToolCall","Elapsed":0.02}
{"Time":"2026-09-20T18:43:15.600595+10:00","Action":"run","Package":"github.com/ollama/ollama/cmd/tui/chat","Test":"TestSkillsImportReloadsCatalogRegistryAndSystemPrompt"}
{"Time":"2026-09-20T18:43:15.600614+10:00","Action":"output","Package":"github.com/ollama/ollama/cmd/tui/chat","Test":"TestSkillsImportReloadsCatalogRegistryAndSystemPrompt","Output":"=== RUN   TestSkillsImportReloadsCatalogRegistryAndSystemPrompt\n"}
{"Time":"2026-09-20T18:43:15.614717+10:00","Action":"output","Package":"github.com/ollama/ollama/cmd/tui/chat","Test":"TestSkillsImportReloadsCatalogRegistryAndSystemPrompt","Output":"--- PASS: TestSkillsImportReloadsCatalogRegistryAndSystemPrompt (0.01s)\n"}
{"Time":"2026-09-20T18:43:15.614797+10:00","Action":"pass","Package":"github.com/ollama/ollama/cmd/tui/chat","Test":"TestSkillsImportReloadsCatalogRegistryAndSystemPrompt","Elapsed":0.01}
{"Time":"2026-09-20T18:43:15.614835+10:00","Action":"run","Package":"github.com/ollama/ollama/cmd/tui/chat","Test":"TestSkillsImportUsage"}
{"Time":"2026-09-20T18:43:15.614851+10:00","Action":"output","Package":"github.com/ollama/ollama/cmd/tui/chat","Test":"TestSkillsImportUsage","Output":"=== RUN   TestSkillsImportUsage\n"}
{"Time":"2026-09-20T18:43:15.614898+10:00","Action":"output","Package":"github.com/ollama/ollama/cmd/tui/chat","Test":"TestSkillsImportUsage","Output":"--- PASS: TestSkillsImportUsage (0.00s)\n"}
{"Time":"2026-09-20T18:43:15.615264+10:00","Action":"pass","Package":"github.com/ollama/ollama/cmd/tui/chat","Test":"TestSkillsImportUsage","Elapsed":0}
{"Time":"2026-09-20T18:43:15.615338+10:00","Action":"run","Package":"github.com/ollama/ollama/cmd/tui/chat","Test":"TestSkillSlashCommandPromptBecomesUserMessage"}
{"Time":"2026-09-20T18:43:15.615359+10:00","Action":"output","Package":"github.com/ollama/ollama/cmd/tui/chat","Test":"TestSkillSlashCommandPromptBecomesUserMessage","Output":"=== RUN   TestSkillSlashCommandPromptBecomesUserMessage\n"}
{"Time":"2026-09-20T18:43:15.620746+10:00","Action":"output","Package":"github.com/ollama/ollama/cmd/tui/chat","Test":"TestSkillSlashCommandPromptBecomesUserMessage","Output":"--- PASS: TestSkillSlashCommandPromptBecomesUserMessage (0.01s)\n"}
{"Time":"2026-09-20T18:43:15.620803+10:00","Action":"pass","Package":"github.com/ollama/ollama/cmd/tui/chat","Test":"TestSkillSlashCommandPromptBecomesUserMessage","Elapsed":0.01}
{"Time":"2026-09-20T18:43:15.620823+10:00","Action":"run","Package":"github.com/ollama/ollama/cmd/tui/chat","Test":"TestChatSkillSubmitWhileActiveRunKeepsActiveState"}
{"Time":"2026-09-20T18:43:15.620862+10:00","Action":"output","Package":"github.com/ollama/ollama/cmd/tui/chat","Test":"TestChatSkillSubmitWhileActiveRunKeepsActiveState","Output":"=== RUN   TestChatSkillSubmitWhileActiveRunKeepsActiveState\n"}
{"Time":"2026-09-20T18:43:15.622593+10:00","Action":"run","Package":"github.com/ollama/ollama/cmd/tui/chat","Test":"TestChatSkillSubmitWhileActiveRunKeepsActiveState/running"}
{"Time":"2026-09-20T18:43:15.622637+10:00","Action":"output","Package":"github.com/ollama/ollama/cmd/tui/chat","Test":"TestChatSkillSubmitWhileActiveRunKeepsActiveState/running","Output":"=== RUN   TestChatSkillSubmitWhileActiveRunKeepsActiveState/running\n"}
{"Time":"2026-09-20T18:43:15.622661+10:00","Action":"output","Package":"github.com/ollama/ollama/cmd/tui/chat","Test":"TestChatSkillSubmitWhileActiveRunKeepsActiveState/running","Output":"--- PASS: TestChatSkillSubmitWhileActiveRunKeepsActiveState/running (0.00s)\n"}
{"Time":"2026-09-20T18:43:15.622678+10:00","Action":"pass","Package":"github.com/ollama/ollama/cmd/tui/chat","Test":"TestChatSkillSubmitWhileActiveRunKeepsActiveState/running","Elapsed":0}
{"Time":"2026-09-20T18:43:15.622695+10:00","Action":"run","Package":"github.com/ollama/ollama/cmd/tui/chat","Test":"TestChatSkillSubmitWhileActiveRunKeepsActiveState/compacting"}
{"Time":"2026-09-20T18:43:15.622728+10:00","Action":"output","Package":"github.com/ollama/ollama/cmd/tui/chat","Test":"TestChatSkillSubmitWhileActiveRunKeepsActiveState/compacting","Output":"=== RUN   TestChatSkillSubmitWhileActiveRunKeepsActiveState/compacting\n"}
{"Time":"2026-09-20T18:43:15.622749+10:00","Action":"output","Package":"github.com/ollama/ollama/cmd/tui/chat","Test":"TestChatSkillSubmitWhileActiveRunKeepsActiveState/compacting","Output":"--- PASS: TestChatSkillSubmitWhileActiveRunKeepsActiveState/compacting (0.00s)\n"}
{"Time":"2026-09-20T18:43:15.622765+10:00","Action":"pass","Package":"github.com/ollama/ollama/cmd/tui/chat","Test":"TestChatSkillSubmitWhileActiveRunKeepsActiveState/compacting","Elapsed":0}
{"Time":"2026-09-20T18:43:15.625337+10:00","Action":"output","Package":"github.com/ollama/ollama/cmd/tui/chat","Test":"TestChatSkillSubmitWhileActiveRunKeepsActiveState","Output":"--- PASS: TestChatSkillSubmitWhileActiveRunKeepsActiveState (0.00s)\n"}
{"Time":"2026-09-20T18:43:15.625408+10:00","Action":"pass","Package":"github.com/ollama/ollama/cmd/tui/chat","Test":"TestChatSkillSubmitWhileActiveRunKeepsActiveState","Elapsed":0}
{"Time":"2026-09-20T18:43:15.625432+10:00","Action":"run","Package":"github.com/ollama/ollama/cmd/tui/chat","Test":"TestSkillSlashCommandAppearsInCompletions"}
{"Time":"2026-09-20T18:43:15.625447+10:00","Action":"output","Package":"github.com/ollama/ollama/cmd/tui/chat","Test":"TestSkillSlashCommandAppearsInCompletions","Output":"=== RUN   TestSkillSlashCommandAppearsInCompletions\n"}
{"Time":"2026-09-20T18:43:15.637392+10:00","Action":"output","Package":"github.com/ollama/ollama/cmd/tui/chat","Test":"TestSkillSlashCommandAppearsInCompletions","Output":"--- PASS: TestSkillSlashCommandAppearsInCompletions (0.01s)\n"}
{"Time":"2026-09-20T18:43:15.637466+10:00","Action":"pass","Package":"github.com/ollama/ollama/cmd/tui/chat","Test":"TestSkillSlashCommandAppearsInCompletions","Elapsed":0.01}
{"Time":"2026-09-20T18:43:15.637491+10:00","Action":"run","Package":"github.com/ollama/ollama/cmd/tui/chat","Test":"TestSkillsImportSlashCompletions"}
{"Time":"2026-09-20T18:43:15.637508+10:00","Action":"output","Package":"github.com/ollama/ollama/cmd/tui/chat","Test":"TestSkillsImportSlashCompletions","Output":"=== RUN   TestSkillsImportSlashCompletions\n"}
{"Time":"2026-09-20T18:43:15.637522+10:00","Action":"run","Package":"github.com/ollama/ollama/cmd/tui/chat","Test":"TestSkillsImportSlashCompletions//skills"}
{"Time":"2026-09-20T18:43:15.637558+10:00","Action":"output","Package":"github.com/ollama/ollama/cmd/tui/chat","Test":"TestSkillsImportSlashCompletions//skills","Output":"=== RUN   TestSkillsImportSlashCompletions//skills\n"}
{"Time":"2026-09-20T18:43:15.637576+10:00","Action":"output","Package":"github.com/ollama/ollama/cmd/tui/chat","Test":"TestSkillsImportSlashCompletions//skills","Output":"--- PASS: TestSkillsImportSlashCompletions//skills (0.00s)\n"}
{"Time":"2026-09-20T18:43:15.63759+10:00","Action":"pass","Package":"github.com/ollama/ollama/cmd/tui/chat","Test":"TestSkillsImportSlashCompletions//skills","Elapsed":0}
{"Time":"2026-09-20T18:43:15.637605+10:00","Action":"run","Package":"github.com/ollama/ollama/cmd/tui/chat","Test":"TestSkillsImportSlashCompletions//skills_impo"}
{"Time":"2026-09-20T18:43:15.637619+10:00","Action":"output","Package":"github.com/ollama/ollama/cmd/tui/chat","Test":"TestSkillsImportSlashCompletions//skills_impo","Output":"=== RUN   TestSkillsImportSlashCompletions//skills_impo\n"}
{"Time":"2026-09-20T18:43:15.637633+10:00","Action":"output","Package":"github.com/ollama/ollama/cmd/tui/chat","Test":"TestSkillsImportSlashCompletions//skills_impo","Output":"--- PASS: TestSkillsImportSlashCompletions//skills_impo (0.00s)\n"}
{"Time":"2026-09-20T18:43:15.637648+10:00","Action":"pass","Package":"github.com/ollama/ollama/cmd/tui/chat","Test":"TestSkillsImportSlashCompletions//skills_impo","Elapsed":0}
{"Time":"2026-09-20T18:43:15.637865+10:00","Action":"run","Package":"github.com/ollama/ollama/cmd/tui/chat","Test":"TestSkillsImportSlashCompletions//skills_import_"}
{"Time":"2026-09-20T18:43:15.637887+10:00","Action":"output","Package":"github.com/ollama/ollama/cmd/tui/chat","Test":"TestSkillsImportSlashCompletions//skills_import_","Output":"=== RUN   TestSkillsImportSlashCompletions//skills_import_\n"}
{"Time":"2026-09-20T18:43:15.637905+10:00","Action":"output","Package":"github.com/ollama/ollama/cmd/tui/chat","Test":"TestSkillsImportSlashCompletions//skills_import_","Output":"--- PASS: TestSkillsImportSlashCompletions//skills_import_ (0.00s)\n"}
{"Time":"2026-09-20T18:43:15.637923+10:00","Action":"pass","Package":"github.com/ollama/ollama/cmd/tui/chat","Test":"TestSkillsImportSlashCompletions//skills_import_","Elapsed":0}
{"Time":"2026-09-20T18:43:15.63794+10:00","Action":"run","Package":"github.com/ollama/ollama/cmd/tui/chat","Test":"TestSkillsImportSlashCompletions//skills_import_c"}
{"Time":"2026-09-20T18:43:15.637958+10:00","Action":"output","Package":"github.com/ollama/ollama/cmd/tui/chat","Test":"TestSkillsImportSlashCompletions//skills_import_c","Output":"=== RUN   TestSkillsImportSlashCompletions//skills_import_c\n"}
{"Time":"2026-09-20T18:43:15.638002+10:00","Action":"output","Package":"github.com/ollama/ollama/cmd/tui/chat","Test":"TestSkillsImportSlashCompletions//skills_import_c","Output":"--- PASS: TestSkillsImportSlashCompletions//skills_import_c (0.00s)\n"}
{"Time":"2026-09-20T18:43:15.638028+10:00","Action":"pass","Package":"github.com/ollama/ollama/cmd/tui/chat","Test":"TestSkillsImportSlashCompletions//skills_import_c","Elapsed":0}
{"Time":"2026-09-20T18:43:15.638083+10:00","Action":"run","Package":"github.com/ollama/ollama/cmd/tui/chat","Test":"TestSkillsImportSlashCompletions//skills_import_pi"}
{"Time":"2026-09-20T18:43:15.6381+10:00","Action":"output","Package":"github.com/ollama/ollama/cmd/tui/chat","Test":"TestSkillsImportSlashCompletions//skills_import_pi","Output":"=== RUN   TestSkillsImportSlashCompletions//skills_import_pi\n"}
{"Time":"2026-09-20T18:43:15.638119+10:00","Action":"output","Package":"github.com/ollama/ollama/cmd/tui/chat","Test":"TestSkillsImportSlashCompletions//skills_import_pi","Output":"--- PASS: TestSkillsImportSlashCompletions//skills_import_pi (0.00s)\n"}
{"Time":"2026-09-20T18:43:15.638141+10:00","Action":"pass","Package":"github.com/ollama/ollama/cmd/tui/chat","Test":"TestSkillsImportSlashCompletions//skills_import_pi","Elapsed":0}
{"Time":"2026-09-20T18:43:15.638156+10:00","Action":"output","Package":"github.com/ollama/ollama/cmd/tui/chat","Test":"TestSkillsImportSlashCompletions","Output":"--- PASS: TestSkillsImportSlashCompletions (0.00s)\n"}
{"Time":"2026-09-20T18:43:15.638172+10:00","Action":"pass","Package":"github.com/ollama/ollama/cmd/tui/chat","Test":"TestSkillsImportSlashCompletions","Elapsed":0}
{"Time":"2026-09-20T18:43:15.638199+10:00","Action":"run","Package":"github.com/ollama/ollama/cmd/tui/chat","Test":"TestSkillSlashPromptHidesCommandCompletions"}
{"Time":"2026-09-20T18:43:15.638215+10:00","Action":"output","Package":"github.com/ollama/ollama/cmd/tui/chat","Test":"TestSkillSlashPromptHidesCommandCompletions","Output":"=== RUN   TestSkillSlashPromptHidesCommandCompletions\n"}
{"Time":"2026-09-20T18:43:15.639553+10:00","Action":"run","Package":"github.com/ollama/ollama/cmd/tui/chat","Test":"TestSkillSlashPromptHidesCommandCompletions//release-notes_"}
{"Time":"2026-09-20T18:43:15.639598+10:00","Action":"output","Package":"github.com/ollama/ollama/cmd/tui/chat","Test":"TestSkillSlashPromptHidesCommandCompletions//release-notes_","Output":"=== RUN   TestSkillSlashPromptHidesCommandCompletions//release-notes_\n"}
{"Time":"2026-09-20T18:43:15.639626+10:00","Action":"output","Package":"github.com/ollama/ollama/cmd/tui/chat","Test":"TestSkillSlashPromptHidesCommandCompletions//release-notes_","Output":"--- PASS: TestSkillSlashPromptHidesCommandCompletions//release-notes_ (0.00s)\n"}
{"Time":"2026-09-20T18:43:15.639642+10:00","Action":"pass","Package":"github.com/ollama/ollama/cmd/tui/chat","Test":"TestSkillSlashPromptHidesCommandCompletions//release-notes_","Elapsed":0}
{"Time":"2026-09-20T18:43:15.639658+10:00","Action":"run","Package":"github.com/ollama/ollama/cmd/tui/chat","Test":"TestSkillSlashPromptHidesCommandCompletions//release-notes_draft_the_release_notes"}
{"Time":"2026-09-20T18:43:15.639673+10:00","Action":"output","Package":"github.com/ollama/ollama/cmd/tui/chat","Test":"TestSkillSlashPromptHidesCommandCompletions//release-notes_draft_the_release_notes","Output":"=== RUN   TestSkillSlashPromptHidesCommandCompletions//release-notes_draft_the_release_notes\n"}
{"Time":"2026-09-20T18:43:15.639713+10:00","Action":"output","Package":"github.com/ollama/ollama/cmd/tui/chat","Test":"TestSkillSlashPromptHidesCommandCompletions//release-notes_draft_the_release_notes","Output":"--- PASS: TestSkillSlashPromptHidesCommandCompletions//release-notes_draft_the_release_notes (0.00s)\n"}
{"Time":"2026-09-20T18:43:15.639729+10:00","Action":"pass","Package":"github.com/ollama/ollama/cmd/tui/chat","Test":"TestSkillSlashPromptHidesCommandCompletions//release-notes_draft_the_release_notes","Elapsed":0}
{"Time":"2026-09-20T18:43:15.676589+10:00","Action":"output","Package":"github.com/ollama/ollama/cmd/tui/chat","Test":"TestSkillSlashPromptHidesCommandCompletions","Output":"--- PASS: TestSkillSlashPromptHidesCommandCompletions (0.04s)\n"}
{"Time":"2026-09-20T18:43:15.676654+10:00","Action":"pass","Package":"github.com/ollama/ollama/cmd/tui/chat","Test":"TestSkillSlashPromptHidesCommandCompletions","Elapsed":0.04}
{"Time":"2026-09-20T18:43:15.676674+10:00","Action":"run","Package":"github.com/ollama/ollama/cmd/tui/chat","Test":"TestSkillSlashNameResolvesAndRejectsArgsAndUnknown"}
{"Time":"2026-09-20T18:43:15.676693+10:00","Action":"output","Package":"github.com/ollama/ollama/cmd/tui/chat","Test":"TestSkillSlashNameResolvesAndRejectsArgsAndUnknown","Output":"=== RUN   TestSkillSlashNameResolvesAndRejectsArgsAndUnknown\n"}
{"Time":"2026-09-20T18:43:15.95891+10:00","Action":"output","Package":"github.com/ollama/ollama/cmd/tui/chat","Test":"TestSkillSlashNameResolvesAndRejectsArgsAndUnknown","Output":"--- PASS: TestSkillSlashNameResolvesAndRejectsArgsAndUnknown (0.27s)\n"}
{"Time":"2026-09-20T18:43:15.958971+10:00","Action":"pass","Package":"github.com/ollama/ollama/cmd/tui/chat","Test":"TestSkillSlashNameResolvesAndRejectsArgsAndUnknown","Elapsed":0.27}
{"Time":"2026-09-20T18:43:15.958998+10:00","Action":"run","Package":"github.com/ollama/ollama/cmd/tui/chat","Test":"TestChatDeletedSlashCommandsAreUnknown"}
{"Time":"2026-09-20T18:43:15.959067+10:00","Action":"output","Package":"github.com/ollama/ollama/cmd/tui/chat","Test":"TestChatDeletedSlashCommandsAreUnknown","Output":"=== RUN   TestChatDeletedSlashCommandsAreUnknown\n"}
{"Time":"2026-09-20T18:43:15.960445+10:00","Action":"run","Package":"github.com/ollama/ollama/cmd/tui/chat","Test":"TestChatDeletedSlashCommandsAreUnknown//clear"}
{"Time":"2026-09-20T18:43:15.960486+10:00","Action":"output","Package":"github.com/ollama/ollama/cmd/tui/chat","Test":"TestChatDeletedSlashCommandsAreUnknown//clear","Output":"=== RUN   TestChatDeletedSlashCommandsAreUnknown//clear\n"}
{"Time":"2026-09-20T18:43:15.960529+10:00","Action":"output","Package":"github.com/ollama/ollama/cmd/tui/chat","Test":"TestChatDeletedSlashCommandsAreUnknown//clear","Output":"--- PASS: TestChatDeletedSlashCommandsAreUnknown//clear (0.00s)\n"}
{"Time":"2026-09-20T18:43:15.96055+10:00","Action":"pass","Package":"github.com/ollama/ollama/cmd/tui/chat","Test":"TestChatDeletedSlashCommandsAreUnknown//clear","Elapsed":0}
{"Time":"2026-09-20T18:43:15.96057+10:00","Action":"run","Package":"github.com/ollama/ollama/cmd/tui/chat","Test":"TestChatDeletedSlashCommandsAreUnknown//copy"}
{"Time":"2026-09-20T18:43:15.960585+10:00","Action":"output","Package":"github.com/ollama/ollama/cmd/tui/chat","Test":"TestChatDeletedSlashCommandsAreUnknown//copy","Output":"=== RUN   TestChatDeletedSlashCommandsAreUnknown//copy\n"}
{"Time":"2026-09-20T18:43:15.960601+10:00","Action":"output","Package":"github.com/ollama/ollama/cmd/tui/chat","Test":"TestChatDeletedSlashCommandsAreUnknown//copy","Output":"--- PASS: TestChatDeletedSlashCommandsAreUnknown//copy (0.00s)\n"}
{"Time":"2026-09-20T18:43:15.960615+10:00","Action":"pass","Package":"github.com/ollama/ollama/cmd/tui/chat","Test":"TestChatDeletedSlashCommandsAreUnknown//copy","Elapsed":0}
{"Time":"2026-09-20T18:43:15.960632+10:00","Action":"run","Package":"github.com/ollama/ollama/cmd/tui/chat","Test":"TestChatDeletedSlashCommandsAreUnknown//copy-all"}
{"Time":"2026-09-20T18:43:15.960655+10:00","Action":"output","Package":"github.com/ollama/ollama/cmd/tui/chat","Test":"TestChatDeletedSlashCommandsAreUnknown//copy-all","Output":"=== RUN   TestChatDeletedSlashCommandsAreUnknown//copy-all\n"}
{"Time":"2026-09-20T18:43:15.961368+10:00","Action":"output","Package":"github.com/ollama/ollama/cmd/tui/chat","Test":"TestChatDeletedSlashCommandsAreUnknown//copy-all","Output":"--- PASS: TestChatDeletedSlashCommandsAreUnknown//copy-all (0.00s)\n"}
{"Time":"2026-09-20T18:43:15.961398+10:00","Action":"pass","Package":"github.com/ollama/ollama/cmd/tui/chat","Test":"TestChatDeletedSlashCommandsAreUnknown//copy-all","Elapsed":0}
{"Time":"2026-09-20T18:43:15.961415+10:00","Action":"run","Package":"github.com/ollama/ollama/cmd/tui/chat","Test":"TestChatDeletedSlashCommandsAreUnknown//launch"}
{"Time":"2026-09-20T18:43:15.961428+10:00","Action":"output","Package":"github.com/ollama/ollama/cmd/tui/chat","Test":"TestChatDeletedSlashCommandsAreUnknown//launch","Output":"=== RUN   TestChatDeletedSlashCommandsAreUnknown//launch\n"}
{"Time":"2026-09-20T18:43:15.961445+10:00","Action":"output","Package":"github.com/ollama/ollama/cmd/tui/chat","Test":"TestChatDeletedSlashCommandsAreUnknown//launch","Output":"--- PASS: TestChatDeletedSlashCommandsAreUnknown//launch (0.00s)\n"}
{"Time":"2026-09-20T18:43:15.961465+10:00","Action":"pass","Package":"github.com/ollama/ollama/cmd/tui/chat","Test":"TestChatDeletedSlashCommandsAreUnknown//launch","Elapsed":0}
{"Time":"2026-09-20T18:43:15.96149+10:00","Action":"run","Package":"github.com/ollama/ollama/cmd/tui/chat","Test":"TestChatDeletedSlashCommandsAreUnknown//history"}
{"Time":"2026-09-20T18:43:15.961505+10:00","Action":"output","Package":"github.com/ollama/ollama/cmd/tui/chat","Test":"TestChatDeletedSlashCommandsAreUnknown//history","Output":"=== RUN   TestChatDeletedSlashCommandsAreUnknown//history\n"}
{"Time":"2026-09-20T18:43:15.961525+10:00","Action":"output","Package":"github.com/ollama/ollama/cmd/tui/chat","Test":"TestChatDeletedSlashCommandsAreUnknown//history","Output":"--- PASS: TestChatDeletedSlashCommandsAreUnknown//history (0.00s)\n"}
{"Time":"2026-09-20T18:43:15.961539+10:00","Action":"pass","Package":"github.com/ollama/ollama/cmd/tui/chat","Test":"TestChatDeletedSlashCommandsAreUnknown//history","Elapsed":0}
{"Time":"2026-09-20T18:43:15.961553+10:00","Action":"run","Package":"github.com/ollama/ollama/cmd/tui/chat","Test":"TestChatDeletedSlashCommandsAreUnknown//load"}
{"Time":"2026-09-20T18:43:15.961566+10:00","Action":"output","Package":"github.com/ollama/ollama/cmd/tui/chat","Test":"TestChatDeletedSlashCommandsAreUnknown//load","Output":"=== RUN   TestChatDeletedSlashCommandsAreUnknown//load\n"}
{"Time":"2026-09-20T18:43:15.961581+10:00","Action":"output","Package":"github.com/ollama/ollama/cmd/tui/chat","Test":"TestChatDeletedSlashCommandsAreUnknown//load","Output":"--- PASS: TestChatDeletedSlashCommandsAreUnknown//load (0.00s)\n"}
{"Time":"2026-09-20T18:43:15.961594+10:00","Action":"pass","Package":"github.com/ollama/ollama/cmd/tui/chat","Test":"TestChatDeletedSlashCommandsAreUnknown//load","Elapsed":0}
{"Time":"2026-09-20T18:43:15.961607+10:00","Action":"run","Package":"github.com/ollama/ollama/cmd/tui/chat","Test":"TestChatDeletedSlashCommandsAreUnknown//raw"}
{"Time":"2026-09-20T18:43:15.961619+10:00","Action":"output","Package":"github.com/ollama/ollama/cmd/tui/chat","Test":"TestChatDeletedSlashCommandsAreUnknown//raw","Output":"=== RUN   TestChatDeletedSlashCommandsAreUnknown//raw\n"}
{"Time":"2026-09-20T18:43:15.961635+10:00","Action":"output","Package":"github.com/ollama/ollama/cmd/tui/chat","Test":"TestChatDeletedSlashCommandsAreUnknown//raw","Output":"--- PASS: TestChatDeletedSlashCommandsAreUnknown//raw (0.00s)\n"}
{"Time":"2026-09-20T18:43:15.961654+10:00","Action":"pass","Package":"github.com/ollama/ollama/cmd/tui/chat","Test":"TestChatDeletedSlashCommandsAreUnknown//raw","Elapsed":0}
{"Time":"2026-09-20T18:43:15.961675+10:00","Action":"run","Package":"github.com/ollama/ollama/cmd/tui/chat","Test":"TestChatDeletedSlashCommandsAreUnknown//resume"}
{"Time":"2026-09-20T18:43:15.961706+10:00","Action":"output","Package":"github.com/ollama/ollama/cmd/tui/chat","Test":"TestChatDeletedSlashCommandsAreUnknown//resume","Output":"=== RUN   TestChatDeletedSlashCommandsAreUnknown//resume\n"}
{"Time":"2026-09-20T18:43:15.961722+10:00","Action":"output","Package":"github.com/ollama/ollama/cmd/tui/chat","Test":"TestChatDeletedSlashCommandsAreUnknown//resume","Output":"--- PASS: TestChatDeletedSlashCommandsAreUnknown//resume (0.00s)\n"}
{"Time":"2026-09-20T18:43:15.961738+10:00","Action":"pass","Package":"github.com/ollama/ollama/cmd/tui/chat","Test":"TestChatDeletedSlashCommandsAreUnknown//resume","Elapsed":0}
{"Time":"2026-09-20T18:43:15.961751+10:00","Action":"run","Package":"github.com/ollama/ollama/cmd/tui/chat","Test":"TestChatDeletedSlashCommandsAreUnknown//set"}
{"Time":"2026-09-20T18:43:15.961779+10:00","Action":"output","Package":"github.com/ollama/ollama/cmd/tui/chat","Test":"TestChatDeletedSlashCommandsAreUnknown//set","Output":"=== RUN   TestChatDeletedSlashCommandsAreUnknown//set\n"}
{"Time":"2026-09-20T18:43:15.961816+10:00","Action":"output","Package":"github.com/ollama/ollama/cmd/tui/chat","Test":"TestChatDeletedSlashCommandsAreUnknown//set","Output":"--- PASS: TestChatDeletedSlashCommandsAreUnknown//set (0.00s)\n"}
{"Time":"2026-09-20T18:43:15.961835+10:00","Action":"pass","Package":"github.com/ollama/ollama/cmd/tui/chat","Test":"TestChatDeletedSlashCommandsAreUnknown//set","Elapsed":0}
{"Time":"2026-09-20T18:43:15.961851+10:00","Action":"run","Package":"github.com/ollama/ollama/cmd/tui/chat","Test":"TestChatDeletedSlashCommandsAreUnknown//show"}
{"Time":"2026-09-20T18:43:15.961867+10:00","Action":"output","Package":"github.com/ollama/ollama/cmd/tui/chat","Test":"TestChatDeletedSlashCommandsAreUnknown//show","Output":"=== RUN   TestChatDeletedSlashCommandsAreUnknown//show\n"}
{"Time":"2026-09-20T18:43:15.961916+10:00","Action":"output","Package":"github.com/ollama/ollama/cmd/tui/chat","Test":"TestChatDeletedSlashCommandsAreUnknown//show","Output":"--- PASS: TestChatDeletedSlashCommandsAreUnknown//show (0.00s)\n"}
{"Time":"2026-09-20T18:43:15.96196+10:00","Action":"pass","Package":"github.com/ollama/ollama/cmd/tui/chat","Test":"TestChatDeletedSlashCommandsAreUnknown//show","Elapsed":0}
{"Time":"2026-09-20T18:43:15.961982+10:00","Action":"run","Package":"github.com/ollama/ollama/cmd/tui/chat","Test":"TestChatDeletedSlashCommandsAreUnknown//verbose"}
{"Time":"2026-09-20T18:43:15.962159+10:00","Action":"output","Package":"github.com/ollama/ollama/cmd/tui/chat","Test":"TestChatDeletedSlashCommandsAreUnknown//verbose","Output":"=== RUN   TestChatDeletedSlashCommandsAreUnknown//verbose\n"}
{"Time":"2026-09-20T18:43:15.962202+10:00","Action":"output","Package":"github.com/ollama/ollama/cmd/tui/chat","Test":"TestChatDeletedSlashCommandsAreUnknown//verbose","Output":"--- PASS: TestChatDeletedSlashCommandsAreUnknown//verbose (0.00s)\n"}
{"Time":"2026-09-20T18:43:15.962244+10:00","Action":"pass","Package":"github.com/ollama/ollama/cmd/tui/chat","Test":"TestChatDeletedSlashCommandsAreUnknown//verbose","Elapsed":0}
{"Time":"2026-09-20T18:43:15.962265+10:00","Action":"output","Package":"github.com/ollama/ollama/cmd/tui/chat","Test":"TestChatDeletedSlashCommandsAreUnknown","Output":"--- PASS: TestChatDeletedSlashCommandsAreUnknown (0.01s)\n"}
{"Time":"2026-09-20T18:43:15.962282+10:00","Action":"pass","Package":"github.com/ollama/ollama/cmd/tui/chat","Test":"TestChatDeletedSlashCommandsAreUnknown","Elapsed":0.01}
{"Time":"2026-09-20T18:43:15.962297+10:00","Action":"run","Package":"github.com/ollama/ollama/cmd/tui/chat","Test":"TestChatViewRendersSlashCommandSuggestions"}
{"Time":"2026-09-20T18:43:15.962312+10:00","Action":"output","Package":"github.com/ollama/ollama/cmd/tui/chat","Test":"TestChatViewRendersSlashCommandSuggestions","Output":"=== RUN   TestChatViewRendersSlashCommandSuggestions\n"}
{"Time":"2026-09-20T18:43:15.962356+10:00","Action":"output","Package":"github.com/ollama/ollama/cmd/tui/chat","Test":"TestChatViewRendersSlashCommandSuggestions","Output":"--- PASS: TestChatViewRendersSlashCommandSuggestions (0.00s)\n"}
{"Time":"2026-09-20T18:43:15.962376+10:00","Action":"pass","Package":"github.com/ollama/ollama/cmd/tui/chat","Test":"TestChatViewRendersSlashCommandSuggestions","Elapsed":0}
{"Time":"2026-09-20T18:43:15.962394+10:00","Action":"run","Package":"github.com/ollama/ollama/cmd/tui/chat","Test":"TestChatToolsCommandTogglesToolRegistry"}
{"Time":"2026-09-20T18:43:15.96241+10:00","Action":"output","Package":"github.com/ollama/ollama/cmd/tui/chat","Test":"TestChatToolsCommandTogglesToolRegistry","Output":"=== RUN   TestChatToolsCommandTogglesToolRegistry\n"}
{"Time":"2026-09-20T18:43:15.962429+10:00","Action":"output","Package":"github.com/ollama/ollama/cmd/tui/chat","Test":"TestChatToolsCommandTogglesToolRegistry","Output":"--- PASS: TestChatToolsCommandTogglesToolRegistry (0.00s)\n"}
{"Time":"2026-09-20T18:43:15.962445+10:00","Action":"pass","Package":"github.com/ollama/ollama/cmd/tui/chat","Test":"TestChatToolsCommandTogglesToolRegistry","Elapsed":0}
{"Time":"2026-09-20T18:43:15.963448+10:00","Action":"run","Package":"github.com/ollama/ollama/cmd/tui/chat","Test":"TestChatToolsCommandRefreshesCapabilityAwareSystemPrompt"}
{"Time":"2026-09-20T18:43:15.964848+10:00","Action":"output","Package":"github.com/ollama/ollama/cmd/tui/chat","Test":"TestChatToolsCommandRefreshesCapabilityAwareSystemPrompt","Output":"=== RUN   TestChatToolsCommandRefreshesCapabilityAwareSystemPrompt\n"}
{"Time":"2026-09-20T18:43:15.964902+10:00","Action":"output","Package":"github.com/ollama/ollama/cmd/tui/chat","Test":"TestChatToolsCommandRefreshesCapabilityAwareSystemPrompt","Output":"--- PASS: TestChatToolsCommandRefreshesCapabilityAwareSystemPrompt (0.00s)\n"}
{"Time":"2026-09-20T18:43:15.964922+10:00","Action":"pass","Package":"github.com/ollama/ollama/cmd/tui/chat","Test":"TestChatToolsCommandRefreshesCapabilityAwareSystemPrompt","Elapsed":0}
{"Time":"2026-09-20T18:43:15.964956+10:00","Action":"run","Package":"github.com/ollama/ollama/cmd/tui/chat","Test":"TestChatToolsCommandUsage"}
{"Time":"2026-09-20T18:43:15.964975+10:00","Action":"output","Package":"github.com/ollama/ollama/cmd/tui/chat","Test":"TestChatToolsCommandUsage","Output":"=== RUN   TestChatToolsCommandUsage\n"}
{"Time":"2026-09-20T18:43:15.96499+10:00","Action":"output","Package":"github.com/ollama/ollama/cmd/tui/chat","Test":"TestChatToolsCommandUsage","Output":"--- PASS: TestChatToolsCommandUsage (0.00s)\n"}
{"Time":"2026-09-20T18:43:15.965005+10:00","Action":"pass","Package":"github.com/ollama/ollama/cmd/tui/chat","Test":"TestChatToolsCommandUsage","Elapsed":0}
{"Time":"2026-09-20T18:43:15.965019+10:00","Action":"run","Package":"github.com/ollama/ollama/cmd/tui/chat","Test":"TestChatSystemCommandControlsBuiltInSystemPrompt"}
{"Time":"2026-09-20T18:43:15.965033+10:00","Action":"output","Package":"github.com/ollama/ollama/cmd/tui/chat","Test":"TestChatSystemCommandControlsBuiltInSystemPrompt","Output":"=== RUN   TestChatSystemCommandControlsBuiltInSystemPrompt\n"}
{"Time":"2026-09-20T18:43:15.965161+10:00","Action":"output","Package":"github.com/ollama/ollama/cmd/tui/chat","Test":"TestChatSystemCommandControlsBuiltInSystemPrompt","Output":"--- PASS: TestChatSystemCommandControlsBuiltInSystemPrompt (0.00s)\n"}
{"Time":"2026-09-20T18:43:15.965179+10:00","Action":"pass","Package":"github.com/ollama/ollama/cmd/tui/chat","Test":"TestChatSystemCommandControlsBuiltInSystemPrompt","Elapsed":0}
{"Time":"2026-09-20T18:43:15.965197+10:00","Action":"run","Package":"github.com/ollama/ollama/cmd/tui/chat","Test":"TestChatSystemCommandArgumentCompletions"}
{"Time":"2026-09-20T18:43:15.965216+10:00","Action":"output","Package":"github.com/ollama/ollama/cmd/tui/chat","Test":"TestChatSystemCommandArgumentCompletions","Output":"=== RUN   TestChatSystemCommandArgumentCompletions\n"}
{"Time":"2026-09-20T18:43:15.965231+10:00","Action":"run","Package":"github.com/ollama/ollama/cmd/tui/chat","Test":"TestChatSystemCommandArgumentCompletions//system_"}
{"Time":"2026-09-20T18:43:15.965249+10:00","Action":"output","Package":"github.com/ollama/ollama/cmd/tui/chat","Test":"TestChatSystemCommandArgumentCompletions//system_","Output":"=== RUN   TestChatSystemCommandArgumentCompletions//system_\n"}
{"Time":"2026-09-20T18:43:15.965266+10:00","Action":"output","Package":"github.com/ollama/ollama/cmd/tui/chat","Test":"TestChatSystemCommandArgumentCompletions//system_","Output":"--- PASS: TestChatSystemCommandArgumentCompletions//system_ (0.00s)\n"}
{"Time":"2026-09-20T18:43:15.965305+10:00","Action":"pass","Package":"github.com/ollama/ollama/cmd/tui/chat","Test":"TestChatSystemCommandArgumentCompletions//system_","Elapsed":0}
{"Time":"2026-09-20T18:43:15.96532+10:00","Action":"run","Package":"github.com/ollama/ollama/cmd/tui/chat","Test":"TestChatSystemCommandArgumentCompletions//system_o"}
{"Time":"2026-09-20T18:43:15.965333+10:00","Action":"output","Package":"github.com/ollama/ollama/cmd/tui/chat","Test":"TestChatSystemCommandArgumentCompletions//system_o","Output":"=== RUN   TestChatSystemCommandArgumentCompletions//system_o\n"}
{"Time":"2026-09-20T18:43:15.965347+10:00","Action":"output","Package":"github.com/ollama/ollama/cmd/tui/chat","Test":"TestChatSystemCommandArgumentCompletions//system_o","Output":"--- PASS: TestChatSystemCommandArgumentCompletions//system_o (0.00s)\n"}
{"Time":"2026-09-20T18:43:15.965361+10:00","Action":"pass","Package":"github.com/ollama/ollama/cmd/tui/chat","Test":"TestChatSystemCommandArgumentCompletions//system_o","Elapsed":0}
{"Time":"2026-09-20T18:43:15.965376+10:00","Action":"run","Package":"github.com/ollama/ollama/cmd/tui/chat","Test":"TestChatSystemCommandArgumentCompletions//system_on"}
{"Time":"2026-09-20T18:43:15.965414+10:00","Action":"output","Package":"github.com/ollama/ollama/cmd/tui/chat","Test":"TestChatSystemCommandArgumentCompletions//system_on","Output":"=== RUN   TestChatSystemCommandArgumentCompletions//system_on\n"}
{"Time":"2026-09-20T18:43:15.965456+10:00","Action":"output","Package":"github.com/ollama/ollama/cmd/tui/chat","Test":"TestChatSystemCommandArgumentCompletions//system_on","Output":"--- PASS: TestChatSystemCommandArgumentCompletions//system_on (0.00s)\n"}
{"Time":"2026-09-20T18:43:15.965477+10:00","Action":"pass","Package":"github.com/ollama/ollama/cmd/tui/chat","Test":"TestChatSystemCommandArgumentCompletions//system_on","Elapsed":0}
{"Time":"2026-09-20T18:43:15.965494+10:00","Action":"output","Package":"github.com/ollama/ollama/cmd/tui/chat","Test":"TestChatSystemCommandArgumentCompletions","Output":"--- PASS: TestChatSystemCommandArgumentCompletions (0.00s)\n"}
{"Time":"2026-09-20T18:43:15.96551+10:00","Action":"pass","Package":"github.com/ollama/ollama/cmd/tui/chat","Test":"TestChatSystemCommandArgumentCompletions","Elapsed":0}
{"Time":"2026-09-20T18:43:15.96553+10:00","Action":"run","Package":"github.com/ollama/ollama/cmd/tui/chat","Test":"TestChatSlashCommandSuggestionsIncludePromptAndSave"}
{"Time":"2026-09-20T18:43:15.965547+10:00","Action":"output","Package":"github.com/ollama/ollama/cmd/tui/chat","Test":"TestChatSlashCommandSuggestionsIncludePromptAndSave","Output":"=== RUN   TestChatSlashCommandSuggestionsIncludePromptAndSave\n"}
{"Time":"2026-09-20T18:43:15.965561+10:00","Action":"run","Package":"github.com/ollama/ollama/cmd/tui/chat","Test":"TestChatSlashCommandSuggestionsIncludePromptAndSave//prompt"}
{"Time":"2026-09-20T18:43:15.965574+10:00","Action":"output","Package":"github.com/ollama/ollama/cmd/tui/chat","Test":"TestChatSlashCommandSuggestionsIncludePromptAndSave//prompt","Output":"=== RUN   TestChatSlashCommandSuggestionsIncludePromptAndSave//prompt\n"}
{"Time":"2026-09-20T18:43:15.965588+10:00","Action":"output","Package":"github.com/ollama/ollama/cmd/tui/chat","Test":"TestChatSlashCommandSuggestionsIncludePromptAndSave//prompt","Output":"--- PASS: TestChatSlashCommandSuggestionsIncludePromptAndSave//prompt (0.00s)\n"}
{"Time":"2026-09-20T18:43:15.965607+10:00","Action":"pass","Package":"github.com/ollama/ollama/cmd/tui/chat","Test":"TestChatSlashCommandSuggestionsIncludePromptAndSave//prompt","Elapsed":0}
{"Time":"2026-09-20T18:43:15.965624+10:00","Action":"run","Package":"github.com/ollama/ollama/cmd/tui/chat","Test":"TestChatSlashCommandSuggestionsIncludePromptAndSave//save"}
{"Time":"2026-09-20T18:43:15.966229+10:00","Action":"output","Package":"github.com/ollama/ollama/cmd/tui/chat","Test":"TestChatSlashCommandSuggestionsIncludePromptAndSave//save","Output":"=== RUN   TestChatSlashCommandSuggestionsIncludePromptAndSave//save\n"}
{"Time":"2026-09-20T18:43:15.966273+10:00","Action":"output","Package":"github.com/ollama/ollama/cmd/tui/chat","Test":"TestChatSlashCommandSuggestionsIncludePromptAndSave//save","Output":"--- PASS: TestChatSlashCommandSuggestionsIncludePromptAndSave//save (0.00s)\n"}
{"Time":"2026-09-20T18:43:15.966288+10:00","Action":"pass","Package":"github.com/ollama/ollama/cmd/tui/chat","Test":"TestChatSlashCommandSuggestionsIncludePromptAndSave//save","Elapsed":0}
{"Time":"2026-09-20T18:43:15.966304+10:00","Action":"output","Package":"github.com/ollama/ollama/cmd/tui/chat","Test":"TestChatSlashCommandSuggestionsIncludePromptAndSave","Output":"--- PASS: TestChatSlashCommandSuggestionsIncludePromptAndSave (0.00s)\n"}
{"Time":"2026-09-20T18:43:15.966319+10:00","Action":"pass","Package":"github.com/ollama/ollama/cmd/tui/chat","Test":"TestChatSlashCommandSuggestionsIncludePromptAndSave","Elapsed":0}
{"Time":"2026-09-20T18:43:15.966334+10:00","Action":"run","Package":"github.com/ollama/ollama/cmd/tui/chat","Test":"TestChatSlashCommandSuggestionsIncludeThink"}
{"Time":"2026-09-20T18:43:15.966347+10:00","Action":"output","Package":"github.com/ollama/ollama/cmd/tui/chat","Test":"TestChatSlashCommandSuggestionsIncludeThink","Output":"=== RUN   TestChatSlashCommandSuggestionsIncludeThink\n"}
{"Time":"2026-09-20T18:43:15.966364+10:00","Action":"output","Package":"github.com/ollama/ollama/cmd/tui/chat","Test":"TestChatSlashCommandSuggestionsIncludeThink","Output":"--- PASS: TestChatSlashCommandSuggestionsIncludeThink (0.00s)\n"}
{"Time":"2026-09-20T18:43:15.966379+10:00","Action":"pass","Package":"github.com/ollama/ollama/cmd/tui/chat","Test":"TestChatSlashCommandSuggestionsIncludeThink","Elapsed":0}
{"Time":"2026-09-20T18:43:15.966394+10:00","Action":"run","Package":"github.com/ollama/ollama/cmd/tui/chat","Test":"TestChatEnterFillsSelectedSlashCommandBeforeSubmitting"}
{"Time":"2026-09-20T18:43:15.966407+10:00","Action":"output","Package":"github.com/ollama/ollama/cmd/tui/chat","Test":"TestChatEnterFillsSelectedSlashCommandBeforeSubmitting","Output":"=== RUN   TestChatEnterFillsSelectedSlashCommandBeforeSubmitting\n"}
{"Time":"2026-09-20T18:43:15.966422+10:00","Action":"output","Package":"github.com/ollama/ollama/cmd/tui/chat","Test":"TestChatEnterFillsSelectedSlashCommandBeforeSubmitting","Output":"--- PASS: TestChatEnterFillsSelectedSlashCommandBeforeSubmitting (0.00s)\n"}
{"Time":"2026-09-20T18:43:15.966443+10:00","Action":"pass","Package":"github.com/ollama/ollama/cmd/tui/chat","Test":"TestChatEnterFillsSelectedSlashCommandBeforeSubmitting","Elapsed":0}
{"Time":"2026-09-20T18:43:15.966499+10:00","Action":"run","Package":"github.com/ollama/ollama/cmd/tui/chat","Test":"TestChatEnterSubmitsExactSlashCommandAliases"}
{"Time":"2026-09-20T18:43:15.966517+10:00","Action":"output","Package":"github.com/ollama/ollama/cmd/tui/chat","Test":"TestChatEnterSubmitsExactSlashCommandAliases","Output":"=== RUN   TestChatEnterSubmitsExactSlashCommandAliases\n"}
{"Time":"2026-09-20T18:43:15.966532+10:00","Action":"run","Package":"github.com/ollama/ollama/cmd/tui/chat","Test":"TestChatEnterSubmitsExactSlashCommandAliases/help"}
{"Time":"2026-09-20T18:43:15.966553+10:00","Action":"output","Package":"github.com/ollama/ollama/cmd/tui/chat","Test":"TestChatEnterSubmitsExactSlashCommandAliases/help","Output":"=== RUN   TestChatEnterSubmitsExactSlashCommandAliases/help\n"}
{"Time":"2026-09-20T18:43:15.966568+10:00","Action":"output","Package":"github.com/ollama/ollama/cmd/tui/chat","Test":"TestChatEnterSubmitsExactSlashCommandAliases/help","Output":"--- PASS: TestChatEnterSubmitsExactSlashCommandAliases/help (0.00s)\n"}
{"Time":"2026-09-20T18:43:15.966581+10:00","Action":"pass","Package":"github.com/ollama/ollama/cmd/tui/chat","Test":"TestChatEnterSubmitsExactSlashCommandAliases/help","Elapsed":0}
{"Time":"2026-09-20T18:43:15.966593+10:00","Action":"run","Package":"github.com/ollama/ollama/cmd/tui/chat","Test":"TestChatEnterSubmitsExactSlashCommandAliases/exit"}
{"Time":"2026-09-20T18:43:15.966605+10:00","Action":"output","Package":"github.com/ollama/ollama/cmd/tui/chat","Test":"TestChatEnterSubmitsExactSlashCommandAliases/exit","Output":"=== RUN   TestChatEnterSubmitsExactSlashCommandAliases/exit\n"}
{"Time":"2026-09-20T18:43:15.966621+10:00","Action":"output","Package":"github.com/ollama/ollama/cmd/tui/chat","Test":"TestChatEnterSubmitsExactSlashCommandAliases/exit","Output":"--- PASS: TestChatEnterSubmitsExactSlashCommandAliases/exit (0.00s)\n"}
{"Time":"2026-09-20T18:43:15.966634+10:00","Action":"pass","Package":"github.com/ollama/ollama/cmd/tui/chat","Test":"TestChatEnterSubmitsExactSlashCommandAliases/exit","Elapsed":0}
{"Time":"2026-09-20T18:43:15.96665+10:00","Action":"output","Package":"github.com/ollama/ollama/cmd/tui/chat","Test":"TestChatEnterSubmitsExactSlashCommandAliases","Output":"--- PASS: TestChatEnterSubmitsExactSlashCommandAliases (0.00s)\n"}
{"Time":"2026-09-20T18:43:15.966673+10:00","Action":"pass","Package":"github.com/ollama/ollama/cmd/tui/chat","Test":"TestChatEnterSubmitsExactSlashCommandAliases","Elapsed":0}
{"Time":"2026-09-20T18:43:15.966687+10:00","Action":"run","Package":"github.com/ollama/ollama/cmd/tui/chat","Test":"TestChatSlashCommandsRunWhileModelResponds"}
{"Time":"2026-09-20T18:43:15.966706+10:00","Action":"output","Package":"github.com/ollama/ollama/cmd/tui/chat","Test":"TestChatSlashCommandsRunWhileModelResponds","Output":"=== RUN   TestChatSlashCommandsRunWhileModelResponds\n"}
{"Time":"2026-09-20T18:43:15.966721+10:00","Action":"output","Package":"github.com/ollama/ollama/cmd/tui/chat","Test":"TestChatSlashCommandsRunWhileModelResponds","Output":"--- PASS: TestChatSlashCommandsRunWhileModelResponds (0.00s)\n"}
{"Time":"2026-09-20T18:43:15.966737+10:00","Action":"pass","Package":"github.com/ollama/ollama/cmd/tui/chat","Test":"TestChatSlashCommandsRunWhileModelResponds","Elapsed":0}
{"Time":"2026-09-20T18:43:15.966807+10:00","Action":"run","Package":"github.com/ollama/ollama/cmd/tui/chat","Test":"TestChatMessageSubmitWhileRunningPreservesDraft"}
{"Time":"2026-09-20T18:43:15.966836+10:00","Action":"output","Package":"github.com/ollama/ollama/cmd/tui/chat","Test":"TestChatMessageSubmitWhileRunningPreservesDraft","Output":"=== RUN   TestChatMessageSubmitWhileRunningPreservesDraft\n"}
{"Time":"2026-09-20T18:43:15.966854+10:00","Action":"output","Package":"github.com/ollama/ollama/cmd/tui/chat","Test":"TestChatMessageSubmitWhileRunningPreservesDraft","Output":"--- PASS: TestChatMessageSubmitWhileRunningPreservesDraft (0.00s)\n"}
{"Time":"2026-09-20T18:43:15.966878+10:00","Action":"pass","Package":"github.com/ollama/ollama/cmd/tui/chat","Test":"TestChatMessageSubmitWhileRunningPreservesDraft","Elapsed":0}
{"Time":"2026-09-20T18:43:15.966894+10:00","Action":"run","Package":"github.com/ollama/ollama/cmd/tui/chat","Test":"TestChatThinkCommandOpensPicker"}
{"Time":"2026-09-20T18:43:15.966916+10:00","Action":"output","Package":"github.com/ollama/ollama/cmd/tui/chat","Test":"TestChatThinkCommandOpensPicker","Output":"=== RUN   TestChatThinkCommandOpensPicker\n"}
{"Time":"2026-09-20T18:43:15.967261+10:00","Action":"output","Package":"github.com/ollama/ollama/cmd/tui/chat","Test":"TestChatThinkCommandOpensPicker","Output":"--- PASS: TestChatThinkCommandOpensPicker (0.00s)\n"}
{"Time":"2026-09-20T18:43:15.967297+10:00","Action":"pass","Package":"github.com/ollama/ollama/cmd/tui/chat","Test":"TestChatThinkCommandOpensPicker","Elapsed":0}
{"Time":"2026-09-20T18:43:15.967316+10:00","Action":"run","Package":"github.com/ollama/ollama/cmd/tui/chat","Test":"TestChatThinkCommandSetsModes"}
{"Time":"2026-09-20T18:43:15.967335+10:00","Action":"output","Package":"github.com/ollama/ollama/cmd/tui/chat","Test":"TestChatThinkCommandSetsModes","Output":"=== RUN   TestChatThinkCommandSetsModes\n"}
{"Time":"2026-09-20T18:43:15.96737+10:00","Action":"run","Package":"github.com/ollama/ollama/cmd/tui/chat","Test":"TestChatThinkCommandSetsModes//think_on"}
{"Time":"2026-09-20T18:43:15.967394+10:00","Action":"output","Package":"github.com/ollama/ollama/cmd/tui/chat","Test":"TestChatThinkCommandSetsModes//think_on","Output":"=== RUN   TestChatThinkCommandSetsModes//think_on\n"}
{"Time":"2026-09-20T18:43:15.967421+10:00","Action":"output","Package":"github.com/ollama/ollama/cmd/tui/chat","Test":"TestChatThinkCommandSetsModes//think_on","Output":"--- PASS: TestChatThinkCommandSetsModes//think_on (0.00s)\n"}
{"Time":"2026-09-20T18:43:15.96746+10:00","Action":"pass","Package":"github.com/ollama/ollama/cmd/tui/chat","Test":"TestChatThinkCommandSetsModes//think_on","Elapsed":0}
{"Time":"2026-09-20T18:43:15.967493+10:00","Action":"run","Package":"github.com/ollama/ollama/cmd/tui/chat","Test":"TestChatThinkCommandSetsModes//think_off"}
{"Time":"2026-09-20T18:43:15.967541+10:00","Action":"output","Package":"github.com/ollama/ollama/cmd/tui/chat","Test":"TestChatThinkCommandSetsModes//think_off","Output":"=== RUN   TestChatThinkCommandSetsModes//think_off\n"}
{"Time":"2026-09-20T18:43:15.967615+10:00","Action":"output","Package":"github.com/ollama/ollama/cmd/tui/chat","Test":"TestChatThinkCommandSetsModes//think_off","Output":"--- PASS: TestChatThinkCommandSetsModes//think_off (0.00s)\n"}
{"Time":"2026-09-20T18:43:15.967667+10:00","Action":"pass","Package":"github.com/ollama/ollama/cmd/tui/chat","Test":"TestChatThinkCommandSetsModes//think_off","Elapsed":0}
{"Time":"2026-09-20T18:43:15.967686+10:00","Action":"run","Package":"github.com/ollama/ollama/cmd/tui/chat","Test":"TestChatThinkCommandSetsModes//think_high"}
{"Time":"2026-09-20T18:43:15.967701+10:00","Action":"output","Package":"github.com/ollama/ollama/cmd/tui/chat","Test":"TestChatThinkCommandSetsModes//think_high","Output":"=== RUN   TestChatThinkCommandSetsModes//think_high\n"}
{"Time":"2026-09-20T18:43:15.967762+10:00","Action":"output","Package":"github.com/ollama/ollama/cmd/tui/chat","Test":"TestChatThinkCommandSetsModes//think_high","Output":"--- PASS: TestChatThinkCommandSetsModes//think_high (0.00s)\n"}
{"Time":"2026-09-20T18:43:15.967782+10:00","Action":"pass","Package":"github.com/ollama/ollama/cmd/tui/chat","Test":"TestChatThinkCommandSetsModes//think_high","Elapsed":0}
{"Time":"2026-09-20T18:43:15.967799+10:00","Action":"output","Package":"github.com/ollama/ollama/cmd/tui/chat","Test":"TestChatThinkCommandSetsModes","Output":"--- PASS: TestChatThinkCommandSetsModes (0.00s)\n"}
{"Time":"2026-09-20T18:43:15.967815+10:00","Action":"pass","Package":"github.com/ollama/ollama/cmd/tui/chat","Test":"TestChatThinkCommandSetsModes","Elapsed":0}
{"Time":"2026-09-20T18:43:15.96783+10:00","Action":"run","Package":"github.com/ollama/ollama/cmd/tui/chat","Test":"TestChatViewRendersFileMentionSuggestions"}
{"Time":"2026-09-20T18:43:15.967845+10:00","Action":"output","Package":"github.com/ollama/ollama/cmd/tui/chat","Test":"TestChatViewRendersFileMentionSuggestions","Output":"=== RUN   TestChatViewRendersFileMentionSuggestions\n"}
{"Time":"2026-09-20T18:43:16.003366+10:00","Action":"output","Package":"github.com/ollama/ollama/cmd/tui/chat","Test":"TestChatViewRendersFileMentionSuggestions","Output":"--- PASS: TestChatViewRendersFileMentionSuggestions (0.04s)\n"}
{"Time":"2026-09-20T18:43:16.003799+10:00","Action":"pass","Package":"github.com/ollama/ollama/cmd/tui/chat","Test":"TestChatViewRendersFileMentionSuggestions","Elapsed":0.04}
{"Time":"2026-09-20T18:43:16.003851+10:00","Action":"run","Package":"github.com/ollama/ollama/cmd/tui/chat","Test":"TestChatFileMentionSuggestionsFilterAndComplete"}
{"Time":"2026-09-20T18:43:16.003874+10:00","Action":"output","Package":"github.com/ollama/ollama/cmd/tui/chat","Test":"TestChatFileMentionSuggestionsFilterAndComplete","Output":"=== RUN   TestChatFileMentionSuggestionsFilterAndComplete\n"}
{"Time":"2026-09-20T18:43:16.023799+10:00","Action":"output","Package":"github.com/ollama/ollama/cmd/tui/chat","Test":"TestChatFileMentionSuggestionsFilterAndComplete","Output":"--- PASS: TestChatFileMentionSuggestionsFilterAndComplete (0.02s)\n"}
{"Time":"2026-09-20T18:43:16.024041+10:00","Action":"pass","Package":"github.com/ollama/ollama/cmd/tui/chat","Test":"TestChatFileMentionSuggestionsFilterAndComplete","Elapsed":0.02}
{"Time":"2026-09-20T18:43:16.024066+10:00","Action":"run","Package":"github.com/ollama/ollama/cmd/tui/chat","Test":"TestChatEnterCompletesHighlightedFileMentionWithoutSubmitting"}
{"Time":"2026-09-20T18:43:16.024081+10:00","Action":"output","Package":"github.com/ollama/ollama/cmd/tui/chat","Test":"TestChatEnterCompletesHighlightedFileMentionWithoutSubmitting","Output":"=== RUN   TestChatEnterCompletesHighlightedFileMentionWithoutSubmitting\n"}
{"Time":"2026-09-20T18:43:16.029069+10:00","Action":"run","Package":"github.com/ollama/ollama/app/store","Test":"TestCloudDisabled"}
{"Time":"2026-09-20T18:43:16.029157+10:00","Action":"output","Package":"github.com/ollama/ollama/app/store","Test":"TestCloudDisabled","Output":"=== RUN   TestCloudDisabled\n"}
{"Time":"2026-09-20T18:43:16.029894+10:00","Action":"run","Package":"github.com/ollama/ollama/app/store","Test":"TestCloudDisabled/default_enabled"}
{"Time":"2026-09-20T18:43:16.029933+10:00","Action":"output","Package":"github.com/ollama/ollama/app/store","Test":"TestCloudDisabled/default_enabled","Output":"=== RUN   TestCloudDisabled/default_enabled\n"}
{"Time":"2026-09-20T18:43:16.03718+10:00","Action":"output","Package":"github.com/ollama/ollama/cmd/tui/chat","Test":"TestChatEnterCompletesHighlightedFileMentionWithoutSubmitting","Output":"--- PASS: TestChatEnterCompletesHighlightedFileMentionWithoutSubmitting (0.01s)\n"}
{"Time":"2026-09-20T18:43:16.037373+10:00","Action":"pass","Package":"github.com/ollama/ollama/cmd/tui/chat","Test":"TestChatEnterCompletesHighlightedFileMentionWithoutSubmitting","Elapsed":0.01}
{"Time":"2026-09-20T18:43:16.038943+10:00","Action":"run","Package":"github.com/ollama/ollama/cmd/tui/chat","Test":"TestMCPSlashCommandIsOffered"}
{"Time":"2026-09-20T18:43:16.038995+10:00","Action":"output","Package":"github.com/ollama/ollama/cmd/tui/chat","Test":"TestMCPSlashCommandIsOffered","Output":"=== RUN   TestMCPSlashCommandIsOffered\n"}
{"Time":"2026-09-20T18:43:16.039016+10:00","Action":"output","Package":"github.com/ollama/ollama/cmd/tui/chat","Test":"TestMCPSlashCommandIsOffered","Output":"--- PASS: TestMCPSlashCommandIsOffered (0.00s)\n"}
{"Time":"2026-09-20T18:43:16.039036+10:00","Action":"pass","Package":"github.com/ollama/ollama/cmd/tui/chat","Test":"TestMCPSlashCommandIsOffered","Elapsed":0}
{"Time":"2026-09-20T18:43:16.039153+10:00","Action":"run","Package":"github.com/ollama/ollama/cmd/tui/chat","Test":"TestMCPListsServersWithStatusAndSkippedTools"}
{"Time":"2026-09-20T18:43:16.039211+10:00","Action":"output","Package":"github.com/ollama/ollama/cmd/tui/chat","Test":"TestMCPListsServersWithStatusAndSkippedTools","Output":"=== RUN   TestMCPListsServersWithStatusAndSkippedTools\n"}
{"Time":"2026-09-20T18:43:16.039263+10:00","Action":"output","Package":"github.com/ollama/ollama/cmd/tui/chat","Test":"TestMCPListsServersWithStatusAndSkippedTools","Output":"--- PASS: TestMCPListsServersWithStatusAndSkippedTools (0.00s)\n"}
{"Time":"2026-09-20T18:43:16.039283+10:00","Action":"pass","Package":"github.com/ollama/ollama/cmd/tui/chat","Test":"TestMCPListsServersWithStatusAndSkippedTools","Elapsed":0}
{"Time":"2026-09-20T18:43:16.039301+10:00","Action":"run","Package":"github.com/ollama/ollama/cmd/tui/chat","Test":"TestMCPWithNothingConfigured"}
{"Time":"2026-09-20T18:43:16.039317+10:00","Action":"output","Package":"github.com/ollama/ollama/cmd/tui/chat","Test":"TestMCPWithNothingConfigured","Output":"=== RUN   TestMCPWithNothingConfigured\n"}
{"Time":"2026-09-20T18:43:16.050382+10:00","Action":"output","Package":"github.com/ollama/ollama/cmd/tui/chat","Test":"TestMCPWithNothingConfigured","Output":"--- PASS: TestMCPWithNothingConfigured (0.00s)\n"}
{"Time":"2026-09-20T18:43:16.05043+10:00","Action":"pass","Package":"github.com/ollama/ollama/cmd/tui/chat","Test":"TestMCPWithNothingConfigured","Elapsed":0}
{"Time":"2026-09-20T18:43:16.050471+10:00","Action":"run","Package":"github.com/ollama/ollama/cmd/tui/chat","Test":"TestMCPWhenUnavailable"}
{"Time":"2026-09-20T18:43:16.050489+10:00","Action":"output","Package":"github.com/ollama/ollama/cmd/tui/chat","Test":"TestMCPWhenUnavailable","Output":"=== RUN   TestMCPWhenUnavailable\n"}
{"Time":"2026-09-20T18:43:16.050506+10:00","Action":"output","Package":"github.com/ollama/ollama/cmd/tui/chat","Test":"TestMCPWhenUnavailable","Output":"--- PASS: TestMCPWhenUnavailable (0.00s)\n"}
{"Time":"2026-09-20T18:43:16.050522+10:00","Action":"pass","Package":"github.com/ollama/ollama/cmd/tui/chat","Test":"TestMCPWhenUnavailable","Elapsed":0}
{"Time":"2026-09-20T18:43:16.050542+10:00","Action":"run","Package":"github.com/ollama/ollama/cmd/tui/chat","Test":"TestMCPEnableAppliesTheChangeAndRebuildsTheToolList"}
{"Time":"2026-09-20T18:43:16.050558+10:00","Action":"output","Package":"github.com/ollama/ollama/cmd/tui/chat","Test":"TestMCPEnableAppliesTheChangeAndRebuildsTheToolList","Output":"=== RUN   TestMCPEnableAppliesTheChangeAndRebuildsTheToolList\n"}
{"Time":"2026-09-20T18:43:16.050579+10:00","Action":"output","Package":"github.com/ollama/ollama/cmd/tui/chat","Test":"TestMCPEnableAppliesTheChangeAndRebuildsTheToolList","Output":"--- PASS: TestMCPEnableAppliesTheChangeAndRebuildsTheToolList (0.00s)\n"}
{"Time":"2026-09-20T18:43:16.050594+10:00","Action":"pass","Package":"github.com/ollama/ollama/cmd/tui/chat","Test":"TestMCPEnableAppliesTheChangeAndRebuildsTheToolList","Elapsed":0}
{"Time":"2026-09-20T18:43:16.050608+10:00","Action":"run","Package":"github.com/ollama/ollama/cmd/tui/chat","Test":"TestMCPDisablePassesFalse"}
{"Time":"2026-09-20T18:43:16.050621+10:00","Action":"output","Package":"github.com/ollama/ollama/cmd/tui/chat","Test":"TestMCPDisablePassesFalse","Output":"=== RUN   TestMCPDisablePassesFalse\n"}
{"Time":"2026-09-20T18:43:16.050635+10:00","Action":"output","Package":"github.com/ollama/ollama/cmd/tui/chat","Test":"TestMCPDisablePassesFalse","Output":"--- PASS: TestMCPDisablePassesFalse (0.00s)\n"}
{"Time":"2026-09-20T18:43:16.05065+10:00","Action":"pass","Package":"github.com/ollama/ollama/cmd/tui/chat","Test":"TestMCPDisablePassesFalse","Elapsed":0}
{"Time":"2026-09-20T18:43:16.050702+10:00","Action":"run","Package":"github.com/ollama/ollama/cmd/tui/chat","Test":"TestMCPEnableReportsFailureAndDoesNotRebuild"}
{"Time":"2026-09-20T18:43:16.050722+10:00","Action":"output","Package":"github.com/ollama/ollama/cmd/tui/chat","Test":"TestMCPEnableReportsFailureAndDoesNotRebuild","Output":"=== RUN   TestMCPEnableReportsFailureAndDoesNotRebuild\n"}
{"Time":"2026-09-20T18:43:16.050738+10:00","Action":"output","Package":"github.com/ollama/ollama/cmd/tui/chat","Test":"TestMCPEnableReportsFailureAndDoesNotRebuild","Output":"--- PASS: TestMCPEnableReportsFailureAndDoesNotRebuild (0.00s)\n"}
{"Time":"2026-09-20T18:43:16.051061+10:00","Action":"pass","Package":"github.com/ollama/ollama/cmd/tui/chat","Test":"TestMCPEnableReportsFailureAndDoesNotRebuild","Elapsed":0}
{"Time":"2026-09-20T18:43:16.051115+10:00","Action":"run","Package":"github.com/ollama/ollama/cmd/tui/chat","Test":"TestMCPRejectsMalformedArguments"}
{"Time":"2026-09-20T18:43:16.051135+10:00","Action":"output","Package":"github.com/ollama/ollama/cmd/tui/chat","Test":"TestMCPRejectsMalformedArguments","Output":"=== RUN   TestMCPRejectsMalformedArguments\n"}
{"Time":"2026-09-20T18:43:16.051158+10:00","Action":"run","Package":"github.com/ollama/ollama/cmd/tui/chat","Test":"TestMCPRejectsMalformedArguments//mcp_enable"}
{"Time":"2026-09-20T18:43:16.051173+10:00","Action":"output","Package":"github.com/ollama/ollama/cmd/tui/chat","Test":"TestMCPRejectsMalformedArguments//mcp_enable","Output":"=== RUN   TestMCPRejectsMalformedArguments//mcp_enable\n"}
{"Time":"2026-09-20T18:43:16.051199+10:00","Action":"output","Package":"github.com/ollama/ollama/cmd/tui/chat","Test":"TestMCPRejectsMalformedArguments//mcp_enable","Output":"--- PASS: TestMCPRejectsMalformedArguments//mcp_enable (0.00s)\n"}
{"Time":"2026-09-20T18:43:16.051221+10:00","Action":"pass","Package":"github.com/ollama/ollama/cmd/tui/chat","Test":"TestMCPRejectsMalformedArguments//mcp_enable","Elapsed":0}
{"Time":"2026-09-20T18:43:16.05131+10:00","Action":"run","Package":"github.com/ollama/ollama/cmd/tui/chat","Test":"TestMCPRejectsMalformedArguments//mcp_toggle_files"}
{"Time":"2026-09-20T18:43:16.051339+10:00","Action":"output","Package":"github.com/ollama/ollama/cmd/tui/chat","Test":"TestMCPRejectsMalformedArguments//mcp_toggle_files","Output":"=== RUN   TestMCPRejectsMalformedArguments//mcp_toggle_files\n"}
{"Time":"2026-09-20T18:43:16.051391+10:00","Action":"output","Package":"github.com/ollama/ollama/cmd/tui/chat","Test":"TestMCPRejectsMalformedArguments//mcp_toggle_files","Output":"--- PASS: TestMCPRejectsMalformedArguments//mcp_toggle_files (0.00s)\n"}
{"Time":"2026-09-20T18:43:16.051408+10:00","Action":"pass","Package":"github.com/ollama/ollama/cmd/tui/chat","Test":"TestMCPRejectsMalformedArguments//mcp_toggle_files","Elapsed":0}
{"Time":"2026-09-20T18:43:16.052019+10:00","Action":"run","Package":"github.com/ollama/ollama/cmd/tui/chat","Test":"TestMCPRejectsMalformedArguments//mcp_enable_a_b"}
{"Time":"2026-09-20T18:43:16.052037+10:00","Action":"output","Package":"github.com/ollama/ollama/cmd/tui/chat","Test":"TestMCPRejectsMalformedArguments//mcp_enable_a_b","Output":"=== RUN   TestMCPRejectsMalformedArguments//mcp_enable_a_b\n"}
{"Time":"2026-09-20T18:43:16.052054+10:00","Action":"output","Package":"github.com/ollama/ollama/cmd/tui/chat","Test":"TestMCPRejectsMalformedArguments//mcp_enable_a_b","Output":"--- PASS: TestMCPRejectsMalformedArguments//mcp_enable_a_b (0.00s)\n"}
{"Time":"2026-09-20T18:43:16.05207+10:00","Action":"pass","Package":"github.com/ollama/ollama/cmd/tui/chat","Test":"TestMCPRejectsMalformedArguments//mcp_enable_a_b","Elapsed":0}
{"Time":"2026-09-20T18:43:16.052086+10:00","Action":"run","Package":"github.com/ollama/ollama/cmd/tui/chat","Test":"TestMCPRejectsMalformedArguments//mcp_disable"}
{"Time":"2026-09-20T18:43:16.05236+10:00","Action":"output","Package":"github.com/ollama/ollama/cmd/tui/chat","Test":"TestMCPRejectsMalformedArguments//mcp_disable","Output":"=== RUN   TestMCPRejectsMalformedArguments//mcp_disable\n"}
{"Time":"2026-09-20T18:43:16.05268+10:00","Action":"output","Package":"github.com/ollama/ollama/cmd/tui/chat","Test":"TestMCPRejectsMalformedArguments//mcp_disable","Output":"--- PASS: TestMCPRejectsMalformedArguments//mcp_disable (0.00s)\n"}
{"Time":"2026-09-20T18:43:16.052746+10:00","Action":"pass","Package":"github.com/ollama/ollama/cmd/tui/chat","Test":"TestMCPRejectsMalformedArguments//mcp_disable","Elapsed":0}
{"Time":"2026-09-20T18:43:16.052861+10:00","Action":"output","Package":"github.com/ollama/ollama/cmd/tui/chat","Test":"TestMCPRejectsMalformedArguments","Output":"--- PASS: TestMCPRejectsMalformedArguments (0.00s)\n"}
{"Time":"2026-09-20T18:43:16.052899+10:00","Action":"pass","Package":"github.com/ollama/ollama/cmd/tui/chat","Test":"TestMCPRejectsMalformedArguments","Elapsed":0}
{"Time":"2026-09-20T18:43:16.052921+10:00","Action":"run","Package":"github.com/ollama/ollama/cmd/tui/chat","Test":"TestMCPCannotApprove"}
{"Time":"2026-09-20T18:43:16.052941+10:00","Action":"output","Package":"github.com/ollama/ollama/cmd/tui/chat","Test":"TestMCPCannotApprove","Output":"=== RUN   TestMCPCannotApprove\n"}
{"Time":"2026-09-20T18:43:16.052958+10:00","Action":"output","Package":"github.com/ollama/ollama/cmd/tui/chat","Test":"TestMCPCannotApprove","Output":"--- PASS: TestMCPCannotApprove (0.00s)\n"}
{"Time":"2026-09-20T18:43:16.052985+10:00","Action":"pass","Package":"github.com/ollama/ollama/cmd/tui/chat","Test":"TestMCPCannotApprove","Elapsed":0}
{"Time":"2026-09-20T18:43:16.053+10:00","Action":"run","Package":"github.com/ollama/ollama/cmd/tui/chat","Test":"TestChatModelCommandOpensPicker"}
{"Time":"2026-09-20T18:43:16.053015+10:00","Action":"output","Package":"github.com/ollama/ollama/cmd/tui/chat","Test":"TestChatModelCommandOpensPicker","Output":"=== RUN   TestChatModelCommandOpensPicker\n"}
{"Time":"2026-09-20T18:43:16.053032+10:00","Action":"output","Package":"github.com/ollama/ollama/cmd/tui/chat","Test":"TestChatModelCommandOpensPicker","Output":"--- PASS: TestChatModelCommandOpensPicker (0.00s)\n"}
{"Time":"2026-09-20T18:43:16.053048+10:00","Action":"pass","Package":"github.com/ollama/ollama/cmd/tui/chat","Test":"TestChatModelCommandOpensPicker","Elapsed":0}
{"Time":"2026-09-20T18:43:16.053063+10:00","Action":"run","Package":"github.com/ollama/ollama/cmd/tui/chat","Test":"TestChatModelCommandShowsRecommendedFirstWithoutSections"}
{"Time":"2026-09-20T18:43:16.053108+10:00","Action":"output","Package":"github.com/ollama/ollama/cmd/tui/chat","Test":"TestChatModelCommandShowsRecommendedFirstWithoutSections","Output":"=== RUN   TestChatModelCommandShowsRecommendedFirstWithoutSections\n"}
{"Time":"2026-09-20T18:43:16.05313+10:00","Action":"output","Package":"github.com/ollama/ollama/cmd/tui/chat","Test":"TestChatModelCommandShowsRecommendedFirstWithoutSections","Output":"--- PASS: TestChatModelCommandShowsRecommendedFirstWithoutSections (0.00s)\n"}
{"Time":"2026-09-20T18:43:16.053145+10:00","Action":"pass","Package":"github.com/ollama/ollama/cmd/tui/chat","Test":"TestChatModelCommandShowsRecommendedFirstWithoutSections","Elapsed":0}
{"Time":"2026-09-20T18:43:16.053243+10:00","Action":"run","Package":"github.com/ollama/ollama/cmd/tui/chat","Test":"TestChatModelCommandOpensSmallPicker"}
{"Time":"2026-09-20T18:43:16.053314+10:00","Action":"output","Package":"github.com/ollama/ollama/cmd/tui/chat","Test":"TestChatModelCommandOpensSmallPicker","Output":"=== RUN   TestChatModelCommandOpensSmallPicker\n"}
{"Time":"2026-09-20T18:43:16.053332+10:00","Action":"output","Package":"github.com/ollama/ollama/cmd/tui/chat","Test":"TestChatModelCommandOpensSmallPicker","Output":"--- PASS: TestChatModelCommandOpensSmallPicker (0.00s)\n"}
{"Time":"2026-09-20T18:43:16.053348+10:00","Action":"pass","Package":"github.com/ollama/ollama/cmd/tui/chat","Test":"TestChatModelCommandOpensSmallPicker","Elapsed":0}
{"Time":"2026-09-20T18:43:16.053363+10:00","Action":"run","Package":"github.com/ollama/ollama/cmd/tui/chat","Test":"TestChatModelPickerStaysInlineWhenSmall"}
{"Time":"2026-09-20T18:43:16.053377+10:00","Action":"output","Package":"github.com/ollama/ollama/cmd/tui/chat","Test":"TestChatModelPickerStaysInlineWhenSmall","Output":"=== RUN   TestChatModelPickerStaysInlineWhenSmall\n"}
{"Time":"2026-09-20T18:43:16.058963+10:00","Action":"output","Package":"github.com/ollama/ollama/cmd/tui/chat","Test":"TestChatModelPickerStaysInlineWhenSmall","Output":"--- PASS: TestChatModelPickerStaysInlineWhenSmall (0.00s)\n"}
{"Time":"2026-09-20T18:43:16.0593+10:00","Action":"pass","Package":"github.com/ollama/ollama/cmd/tui/chat","Test":"TestChatModelPickerStaysInlineWhenSmall","Elapsed":0}
{"Time":"2026-09-20T18:43:16.059327+10:00","Action":"run","Package":"github.com/ollama/ollama/cmd/tui/chat","Test":"TestChatModelPickerShowsRecommendedModelsFirst"}
{"Time":"2026-09-20T18:43:16.059347+10:00","Action":"output","Package":"github.com/ollama/ollama/cmd/tui/chat","Test":"TestChatModelPickerShowsRecommendedModelsFirst","Output":"=== RUN   TestChatModelPickerShowsRecommendedModelsFirst\n"}
{"Time":"2026-09-20T18:43:16.059387+10:00","Action":"output","Package":"github.com/ollama/ollama/cmd/tui/chat","Test":"TestChatModelPickerShowsRecommendedModelsFirst","Output":"--- PASS: TestChatModelPickerShowsRecommendedModelsFirst (0.00s)\n"}
{"Time":"2026-09-20T18:43:16.059404+10:00","Action":"pass","Package":"github.com/ollama/ollama/cmd/tui/chat","Test":"TestChatModelPickerShowsRecommendedModelsFirst","Elapsed":0}
{"Time":"2026-09-20T18:43:16.05942+10:00","Action":"run","Package":"github.com/ollama/ollama/cmd/tui/chat","Test":"TestChatModelPickerPinsCurrentThenRecommendedModels"}
{"Time":"2026-09-20T18:43:16.059434+10:00","Action":"output","Package":"github.com/ollama/ollama/cmd/tui/chat","Test":"TestChatModelPickerPinsCurrentThenRecommendedModels","Output":"=== RUN   TestChatModelPickerPinsCurrentThenRecommendedModels\n"}
{"Time":"2026-09-20T18:43:16.059451+10:00","Action":"output","Package":"github.com/ollama/ollama/cmd/tui/chat","Test":"TestChatModelPickerPinsCurrentThenRecommendedModels","Output":"--- PASS: TestChatModelPickerPinsCurrentThenRecommendedModels (0.00s)\n"}
{"Time":"2026-09-20T18:43:16.059466+10:00","Action":"pass","Package":"github.com/ollama/ollama/cmd/tui/chat","Test":"TestChatModelPickerPinsCurrentThenRecommendedModels","Elapsed":0}
{"Time":"2026-09-20T18:43:16.059481+10:00","Action":"run","Package":"github.com/ollama/ollama/cmd/tui/chat","Test":"TestInitialModelPickerRendersBeforeChatShell"}
{"Time":"2026-09-20T18:43:16.059495+10:00","Action":"output","Package":"github.com/ollama/ollama/cmd/tui/chat","Test":"TestInitialModelPickerRendersBeforeChatShell","Output":"=== RUN   TestInitialModelPickerRendersBeforeChatShell\n"}
{"Time":"2026-09-20T18:43:16.059517+10:00","Action":"output","Package":"github.com/ollama/ollama/cmd/tui/chat","Test":"TestInitialModelPickerRendersBeforeChatShell","Output":"--- PASS: TestInitialModelPickerRendersBeforeChatShell (0.00s)\n"}
{"Time":"2026-09-20T18:43:16.059531+10:00","Action":"pass","Package":"github.com/ollama/ollama/cmd/tui/chat","Test":"TestInitialModelPickerRendersBeforeChatShell","Elapsed":0}
{"Time":"2026-09-20T18:43:16.059577+10:00","Action":"run","Package":"github.com/ollama/ollama/cmd/tui/chat","Test":"TestChatModelPickerRanksClosestFilteredModelFirst"}
{"Time":"2026-09-20T18:43:16.059599+10:00","Action":"output","Package":"github.com/ollama/ollama/cmd/tui/chat","Test":"TestChatModelPickerRanksClosestFilteredModelFirst","Output":"=== RUN   TestChatModelPickerRanksClosestFilteredModelFirst\n"}
{"Time":"2026-09-20T18:43:16.059616+10:00","Action":"output","Package":"github.com/ollama/ollama/cmd/tui/chat","Test":"TestChatModelPickerRanksClosestFilteredModelFirst","Output":"--- PASS: TestChatModelPickerRanksClosestFilteredModelFirst (0.00s)\n"}
{"Time":"2026-09-20T18:43:16.059677+10:00","Action":"pass","Package":"github.com/ollama/ollama/cmd/tui/chat","Test":"TestChatModelPickerRanksClosestFilteredModelFirst","Elapsed":0}
{"Time":"2026-09-20T18:43:16.05973+10:00","Action":"run","Package":"github.com/ollama/ollama/cmd/tui/chat","Test":"TestChatModelPickerFiltersAndSwitchesModel"}
{"Time":"2026-09-20T18:43:16.060095+10:00","Action":"output","Package":"github.com/ollama/ollama/cmd/tui/chat","Test":"TestChatModelPickerFiltersAndSwitchesModel","Output":"=== RUN   TestChatModelPickerFiltersAndSwitchesModel\n"}
{"Time":"2026-09-20T18:43:16.060124+10:00","Action":"output","Package":"github.com/ollama/ollama/cmd/tui/chat","Test":"TestChatModelPickerFiltersAndSwitchesModel","Output":"--- PASS: TestChatModelPickerFiltersAndSwitchesModel (0.01s)\n"}
{"Time":"2026-09-20T18:43:16.060146+10:00","Action":"pass","Package":"github.com/ollama/ollama/cmd/tui/chat","Test":"TestChatModelPickerFiltersAndSwitchesModel","Elapsed":0.01}
{"Time":"2026-09-20T18:43:16.060167+10:00","Action":"run","Package":"github.com/ollama/ollama/cmd/tui/chat","Test":"TestChatModelSelectionStartsBackgroundPreload"}
{"Time":"2026-09-20T18:43:16.060182+10:00","Action":"output","Package":"github.com/ollama/ollama/cmd/tui/chat","Test":"TestChatModelSelectionStartsBackgroundPreload","Output":"=== RUN   TestChatModelSelectionStartsBackgroundPreload\n"}
{"Time":"2026-09-20T18:43:16.060199+10:00","Action":"output","Package":"github.com/ollama/ollama/cmd/tui/chat","Test":"TestChatModelSelectionStartsBackgroundPreload","Output":"--- PASS: TestChatModelSelectionStartsBackgroundPreload (0.00s)\n"}
{"Time":"2026-09-20T18:43:16.060214+10:00","Action":"pass","Package":"github.com/ollama/ollama/cmd/tui/chat","Test":"TestChatModelSelectionStartsBackgroundPreload","Elapsed":0}
{"Time":"2026-09-20T18:43:16.060228+10:00","Action":"run","Package":"github.com/ollama/ollama/cmd/tui/chat","Test":"TestChatModelSwitchNextRunKeepsHistory"}
{"Time":"2026-09-20T18:43:16.060244+10:00","Action":"output","Package":"github.com/ollama/ollama/cmd/tui/chat","Test":"TestChatModelSwitchNextRunKeepsHistory","Output":"=== RUN   TestChatModelSwitchNextRunKeepsHistory\n"}
{"Time":"2026-09-20T18:43:16.060262+10:00","Action":"output","Package":"github.com/ollama/ollama/cmd/tui/chat","Test":"TestChatModelSwitchNextRunKeepsHistory","Output":"--- PASS: TestChatModelSwitchNextRunKeepsHistory (0.00s)\n"}
{"Time":"2026-09-20T18:43:16.060279+10:00","Action":"pass","Package":"github.com/ollama/ollama/cmd/tui/chat","Test":"TestChatModelSwitchNextRunKeepsHistory","Elapsed":0}
{"Time":"2026-09-20T18:43:16.060293+10:00","Action":"run","Package":"github.com/ollama/ollama/cmd/tui/chat","Test":"TestChatStartRunAttachesDroppedImagePath"}
{"Time":"2026-09-20T18:43:16.060305+10:00","Action":"output","Package":"github.com/ollama/ollama/cmd/tui/chat","Test":"TestChatStartRunAttachesDroppedImagePath","Output":"=== RUN   TestChatStartRunAttachesDroppedImagePath\n"}
{"Time":"2026-09-20T18:43:16.064361+10:00","Action":"output","Package":"github.com/ollama/ollama/cmd/tui/chat","Test":"TestChatStartRunAttachesDroppedImagePath","Output":"--- PASS: TestChatStartRunAttachesDroppedImagePath (0.01s)\n"}
{"Time":"2026-09-20T18:43:16.064413+10:00","Action":"pass","Package":"github.com/ollama/ollama/cmd/tui/chat","Test":"TestChatStartRunAttachesDroppedImagePath","Elapsed":0.01}
{"Time":"2026-09-20T18:43:16.064432+10:00","Action":"run","Package":"github.com/ollama/ollama/cmd/tui/chat","Test":"TestChatStartRunAttachesDroppedFileURL"}
{"Time":"2026-09-20T18:43:16.064447+10:00","Action":"output","Package":"github.com/ollama/ollama/cmd/tui/chat","Test":"TestChatStartRunAttachesDroppedFileURL","Output":"=== RUN   TestChatStartRunAttachesDroppedFileURL\n"}
{"Time":"2026-09-20T18:43:16.069075+10:00","Action":"output","Package":"github.com/ollama/ollama/app/store","Test":"TestCloudDisabled/default_enabled","Output":"--- PASS: TestCloudDisabled/default_enabled (0.04s)\n"}
{"Time":"2026-09-20T18:43:16.069137+10:00","Action":"pass","Package":"github.com/ollama/ollama/app/store","Test":"TestCloudDisabled/default_enabled","Elapsed":0.04}
{"Time":"2026-09-20T18:43:16.069162+10:00","Action":"run","Package":"github.com/ollama/ollama/app/store","Test":"TestCloudDisabled/env_disables_cloud"}
{"Time":"2026-09-20T18:43:16.069178+10:00","Action":"output","Package":"github.com/ollama/ollama/app/store","Test":"TestCloudDisabled/env_disables_cloud","Output":"=== RUN   TestCloudDisabled/env_disables_cloud\n"}
{"Time":"2026-09-20T18:43:16.071579+10:00","Action":"output","Package":"github.com/ollama/ollama/cmd/tui/chat","Test":"TestChatStartRunAttachesDroppedFileURL","Output":"--- PASS: TestChatStartRunAttachesDroppedFileURL (0.01s)\n"}
{"Time":"2026-09-20T18:43:16.071639+10:00","Action":"pass","Package":"github.com/ollama/ollama/cmd/tui/chat","Test":"TestChatStartRunAttachesDroppedFileURL","Elapsed":0.01}
{"Time":"2026-09-20T18:43:16.071658+10:00","Action":"run","Package":"github.com/ollama/ollama/cmd/tui/chat","Test":"TestChatPasteImagePathAttachesOnSubmit"}
{"Time":"2026-09-20T18:43:16.071675+10:00","Action":"output","Package":"github.com/ollama/ollama/cmd/tui/chat","Test":"TestChatPasteImagePathAttachesOnSubmit","Output":"=== RUN   TestChatPasteImagePathAttachesOnSubmit\n"}
{"Time":"2026-09-20T18:43:16.078818+10:00","Action":"output","Package":"github.com/ollama/ollama/cmd/tui/chat","Test":"TestChatPasteImagePathAttachesOnSubmit","Output":"--- PASS: TestChatPasteImagePathAttachesOnSubmit (0.01s)\n"}
{"Time":"2026-09-20T18:43:16.078873+10:00","Action":"pass","Package":"github.com/ollama/ollama/cmd/tui/chat","Test":"TestChatPasteImagePathAttachesOnSubmit","Elapsed":0.01}
{"Time":"2026-09-20T18:43:16.078894+10:00","Action":"run","Package":"github.com/ollama/ollama/cmd/tui/chat","Test":"TestChatPasteImagePathAfterSwitchingToMultimodalModel"}
{"Time":"2026-09-20T18:43:16.078909+10:00","Action":"output","Package":"github.com/ollama/ollama/cmd/tui/chat","Test":"TestChatPasteImagePathAfterSwitchingToMultimodalModel","Output":"=== RUN   TestChatPasteImagePathAfterSwitchingToMultimodalModel\n"}
{"Time":"2026-09-20T18:43:16.087595+10:00","Action":"output","Package":"github.com/ollama/ollama/cmd/tui/chat","Test":"TestChatPasteImagePathAfterSwitchingToMultimodalModel","Output":"--- PASS: TestChatPasteImagePathAfterSwitchingToMultimodalModel (0.01s)\n"}
{"Time":"2026-09-20T18:43:16.08765+10:00","Action":"pass","Package":"github.com/ollama/ollama/cmd/tui/chat","Test":"TestChatPasteImagePathAfterSwitchingToMultimodalModel","Elapsed":0.01}
{"Time":"2026-09-20T18:43:16.087667+10:00","Action":"run","Package":"github.com/ollama/ollama/cmd/tui/chat","Test":"TestChatImagePlaceholdersUseSessionNumbers"}
{"Time":"2026-09-20T18:43:16.087696+10:00","Action":"output","Package":"github.com/ollama/ollama/cmd/tui/chat","Test":"TestChatImagePlaceholdersUseSessionNumbers","Output":"=== RUN   TestChatImagePlaceholdersUseSessionNumbers\n"}
{"Time":"2026-09-20T18:43:16.089483+10:00","Action":"output","Package":"github.com/ollama/ollama/app/store","Test":"TestCloudDisabled/env_disables_cloud","Output":"--- PASS: TestCloudDisabled/env_disables_cloud (0.02s)\n"}
{"Time":"2026-09-20T18:43:16.089528+10:00","Action":"pass","Package":"github.com/ollama/ollama/app/store","Test":"TestCloudDisabled/env_disables_cloud","Elapsed":0.02}
{"Time":"2026-09-20T18:43:16.089546+10:00","Action":"run","Package":"github.com/ollama/ollama/app/store","Test":"TestCloudDisabled/config_disables_cloud"}
{"Time":"2026-09-20T18:43:16.08956+10:00","Action":"output","Package":"github.com/ollama/ollama/app/store","Test":"TestCloudDisabled/config_disables_cloud","Output":"=== RUN   TestCloudDisabled/config_disables_cloud\n"}
{"Time":"2026-09-20T18:43:16.094195+10:00","Action":"output","Package":"github.com/ollama/ollama/cmd/tui/chat","Test":"TestChatImagePlaceholdersUseSessionNumbers","Output":"--- PASS: TestChatImagePlaceholdersUseSessionNumbers (0.01s)\n"}
{"Time":"2026-09-20T18:43:16.094603+10:00","Action":"pass","Package":"github.com/ollama/ollama/cmd/tui/chat","Test":"TestChatImagePlaceholdersUseSessionNumbers","Elapsed":0.01}
{"Time":"2026-09-20T18:43:16.094639+10:00","Action":"run","Package":"github.com/ollama/ollama/cmd/tui/chat","Test":"TestChatAbsoluteImagePathBypassesSlashCommandParsing"}
{"Time":"2026-09-20T18:43:16.094662+10:00","Action":"output","Package":"github.com/ollama/ollama/cmd/tui/chat","Test":"TestChatAbsoluteImagePathBypassesSlashCommandParsing","Output":"=== RUN   TestChatAbsoluteImagePathBypassesSlashCommandParsing\n"}
{"Time":"2026-09-20T18:43:16.098962+10:00","Action":"output","Package":"github.com/ollama/ollama/cmd/tui/chat","Test":"TestChatAbsoluteImagePathBypassesSlashCommandParsing","Output":"--- PASS: TestChatAbsoluteImagePathBypassesSlashCommandParsing (0.00s)\n"}
{"Time":"2026-09-20T18:43:16.099002+10:00","Action":"pass","Package":"github.com/ollama/ollama/cmd/tui/chat","Test":"TestChatAbsoluteImagePathBypassesSlashCommandParsing","Elapsed":0}
{"Time":"2026-09-20T18:43:16.099026+10:00","Action":"run","Package":"github.com/ollama/ollama/cmd/tui/chat","Test":"TestChatDeletingImagePlaceholderRemovesAttachment"}
{"Time":"2026-09-20T18:43:16.09904+10:00","Action":"output","Package":"github.com/ollama/ollama/cmd/tui/chat","Test":"TestChatDeletingImagePlaceholderRemovesAttachment","Output":"=== RUN   TestChatDeletingImagePlaceholderRemovesAttachment\n"}
{"Time":"2026-09-20T18:43:16.109247+10:00","Action":"output","Package":"github.com/ollama/ollama/cmd/tui/chat","Test":"TestChatDeletingImagePlaceholderRemovesAttachment","Output":"--- PASS: TestChatDeletingImagePlaceholderRemovesAttachment (0.01s)\n"}
{"Time":"2026-09-20T18:43:16.1093+10:00","Action":"pass","Package":"github.com/ollama/ollama/cmd/tui/chat","Test":"TestChatDeletingImagePlaceholderRemovesAttachment","Elapsed":0.01}
{"Time":"2026-09-20T18:43:16.10932+10:00","Action":"run","Package":"github.com/ollama/ollama/cmd/tui/chat","Test":"TestChatWordDeletingImagePlaceholderRemovesAttachment"}
{"Time":"2026-09-20T18:43:16.109335+10:00","Action":"output","Package":"github.com/ollama/ollama/cmd/tui/chat","Test":"TestChatWordDeletingImagePlaceholderRemovesAttachment","Output":"=== RUN   TestChatWordDeletingImagePlaceholderRemovesAttachment\n"}
{"Time":"2026-09-20T18:43:16.12+10:00","Action":"output","Package":"github.com/ollama/ollama/app/store","Test":"TestCloudDisabled/config_disables_cloud","Output":"--- PASS: TestCloudDisabled/config_disables_cloud (0.03s)\n"}
{"Time":"2026-09-20T18:43:16.120069+10:00","Action":"pass","Package":"github.com/ollama/ollama/app/store","Test":"TestCloudDisabled/config_disables_cloud","Elapsed":0.03}
{"Time":"2026-09-20T18:43:16.120088+10:00","Action":"run","Package":"github.com/ollama/ollama/app/store","Test":"TestCloudDisabled/env_and_config"}
{"Time":"2026-09-20T18:43:16.120103+10:00","Action":"output","Package":"github.com/ollama/ollama/app/store","Test":"TestCloudDisabled/env_and_config","Output":"=== RUN   TestCloudDisabled/env_and_config\n"}
{"Time":"2026-09-20T18:43:16.123252+10:00","Action":"output","Package":"github.com/ollama/ollama/cmd/tui/chat","Test":"TestChatWordDeletingImagePlaceholderRemovesAttachment","Output":"--- PASS: TestChatWordDeletingImagePlaceholderRemovesAttachment (0.01s)\n"}
{"Time":"2026-09-20T18:43:16.123325+10:00","Action":"pass","Package":"github.com/ollama/ollama/cmd/tui/chat","Test":"TestChatWordDeletingImagePlaceholderRemovesAttachment","Elapsed":0.01}
{"Time":"2026-09-20T18:43:16.123953+10:00","Action":"run","Package":"github.com/ollama/ollama/cmd/tui/chat","Test":"TestChatAssistantEntryHasNoLabel"}
{"Time":"2026-09-20T18:43:16.123976+10:00","Action":"output","Package":"github.com/ollama/ollama/cmd/tui/chat","Test":"TestChatAssistantEntryHasNoLabel","Output":"=== RUN   TestChatAssistantEntryHasNoLabel\n"}
{"Time":"2026-09-20T18:43:16.123994+10:00","Action":"output","Package":"github.com/ollama/ollama/cmd/tui/chat","Test":"TestChatAssistantEntryHasNoLabel","Output":"--- PASS: TestChatAssistantEntryHasNoLabel (0.00s)\n"}
{"Time":"2026-09-20T18:43:16.124086+10:00","Action":"pass","Package":"github.com/ollama/ollama/cmd/tui/chat","Test":"TestChatAssistantEntryHasNoLabel","Elapsed":0}
{"Time":"2026-09-20T18:43:16.124108+10:00","Action":"run","Package":"github.com/ollama/ollama/cmd/tui/chat","Test":"TestChatViewRendersEmptyPromptHint"}
{"Time":"2026-09-20T18:43:16.124123+10:00","Action":"output","Package":"github.com/ollama/ollama/cmd/tui/chat","Test":"TestChatViewRendersEmptyPromptHint","Output":"=== RUN   TestChatViewRendersEmptyPromptHint\n"}
{"Time":"2026-09-20T18:43:16.12414+10:00","Action":"output","Package":"github.com/ollama/ollama/cmd/tui/chat","Test":"TestChatViewRendersEmptyPromptHint","Output":"--- PASS: TestChatViewRendersEmptyPromptHint (0.00s)\n"}
{"Time":"2026-09-20T18:43:16.124941+10:00","Action":"pass","Package":"github.com/ollama/ollama/cmd/tui/chat","Test":"TestChatViewRendersEmptyPromptHint","Elapsed":0}
{"Time":"2026-09-20T18:43:16.125043+10:00","Action":"run","Package":"github.com/ollama/ollama/cmd/tui/chat","Test":"TestChatUserEntryHasNoLabel"}
{"Time":"2026-09-20T18:43:16.125062+10:00","Action":"output","Package":"github.com/ollama/ollama/cmd/tui/chat","Test":"TestChatUserEntryHasNoLabel","Output":"=== RUN   TestChatUserEntryHasNoLabel\n"}
{"Time":"2026-09-20T18:43:16.125082+10:00","Action":"output","Package":"github.com/ollama/ollama/cmd/tui/chat","Test":"TestChatUserEntryHasNoLabel","Output":"--- PASS: TestChatUserEntryHasNoLabel (0.00s)\n"}
{"Time":"2026-09-20T18:43:16.125101+10:00","Action":"pass","Package":"github.com/ollama/ollama/cmd/tui/chat","Test":"TestChatUserEntryHasNoLabel","Elapsed":0}
{"Time":"2026-09-20T18:43:16.125118+10:00","Action":"run","Package":"github.com/ollama/ollama/cmd/tui/chat","Test":"TestChatSystemEntryHasNoLabel"}
{"Time":"2026-09-20T18:43:16.125132+10:00","Action":"output","Package":"github.com/ollama/ollama/cmd/tui/chat","Test":"TestChatSystemEntryHasNoLabel","Output":"=== RUN   TestChatSystemEntryHasNoLabel\n"}
{"Time":"2026-09-20T18:43:16.125146+10:00","Action":"output","Package":"github.com/ollama/ollama/cmd/tui/chat","Test":"TestChatSystemEntryHasNoLabel","Output":"--- PASS: TestChatSystemEntryHasNoLabel (0.00s)\n"}
{"Time":"2026-09-20T18:43:16.125177+10:00","Action":"pass","Package":"github.com/ollama/ollama/cmd/tui/chat","Test":"TestChatSystemEntryHasNoLabel","Elapsed":0}
{"Time":"2026-09-20T18:43:16.125216+10:00","Action":"run","Package":"github.com/ollama/ollama/cmd/tui/chat","Test":"TestChatMixedToolGroupUsesMixedPrefix"}
{"Time":"2026-09-20T18:43:16.125582+10:00","Action":"output","Package":"github.com/ollama/ollama/cmd/tui/chat","Test":"TestChatMixedToolGroupUsesMixedPrefix","Output":"=== RUN   TestChatMixedToolGroupUsesMixedPrefix\n"}
{"Time":"2026-09-20T18:43:16.125623+10:00","Action":"output","Package":"github.com/ollama/ollama/cmd/tui/chat","Test":"TestChatMixedToolGroupUsesMixedPrefix","Output":"--- PASS: TestChatMixedToolGroupUsesMixedPrefix (0.00s)\n"}
{"Time":"2026-09-20T18:43:16.125689+10:00","Action":"pass","Package":"github.com/ollama/ollama/cmd/tui/chat","Test":"TestChatMixedToolGroupUsesMixedPrefix","Elapsed":0}
{"Time":"2026-09-20T18:43:16.12571+10:00","Action":"run","Package":"github.com/ollama/ollama/cmd/tui/chat","Test":"TestChatToolStatusLineDoesNotUseDisclosureGlyph"}
{"Time":"2026-09-20T18:43:16.125725+10:00","Action":"output","Package":"github.com/ollama/ollama/cmd/tui/chat","Test":"TestChatToolStatusLineDoesNotUseDisclosureGlyph","Output":"=== RUN   TestChatToolStatusLineDoesNotUseDisclosureGlyph\n"}
{"Time":"2026-09-20T18:43:16.125742+10:00","Action":"output","Package":"github.com/ollama/ollama/cmd/tui/chat","Test":"TestChatToolStatusLineDoesNotUseDisclosureGlyph","Output":"--- PASS: TestChatToolStatusLineDoesNotUseDisclosureGlyph (0.00s)\n"}
{"Time":"2026-09-20T18:43:16.125758+10:00","Action":"pass","Package":"github.com/ollama/ollama/cmd/tui/chat","Test":"TestChatToolStatusLineDoesNotUseDisclosureGlyph","Elapsed":0}
{"Time":"2026-09-20T18:43:16.125772+10:00","Action":"run","Package":"github.com/ollama/ollama/cmd/tui/chat","Test":"TestChatCompletedToolStatusLineUsesResultStyle"}
{"Time":"2026-09-20T18:43:16.125786+10:00","Action":"output","Package":"github.com/ollama/ollama/cmd/tui/chat","Test":"TestChatCompletedToolStatusLineUsesResultStyle","Output":"=== RUN   TestChatCompletedToolStatusLineUsesResultStyle\n"}
{"Time":"2026-09-20T18:43:16.125802+10:00","Action":"output","Package":"github.com/ollama/ollama/cmd/tui/chat","Test":"TestChatCompletedToolStatusLineUsesResultStyle","Output":"--- PASS: TestChatCompletedToolStatusLineUsesResultStyle (0.00s)\n"}
{"Time":"2026-09-20T18:43:16.125815+10:00","Action":"pass","Package":"github.com/ollama/ollama/cmd/tui/chat","Test":"TestChatCompletedToolStatusLineUsesResultStyle","Elapsed":0}
{"Time":"2026-09-20T18:43:16.125831+10:00","Action":"run","Package":"github.com/ollama/ollama/cmd/tui/chat","Test":"TestChatToolStatusMarkerUsesStateColors"}
{"Time":"2026-09-20T18:43:16.125845+10:00","Action":"output","Package":"github.com/ollama/ollama/cmd/tui/chat","Test":"TestChatToolStatusMarkerUsesStateColors","Output":"=== RUN   TestChatToolStatusMarkerUsesStateColors\n"}
{"Time":"2026-09-20T18:43:16.12586+10:00","Action":"output","Package":"github.com/ollama/ollama/cmd/tui/chat","Test":"TestChatToolStatusMarkerUsesStateColors","Output":"--- PASS: TestChatToolStatusMarkerUsesStateColors (0.00s)\n"}
{"Time":"2026-09-20T18:43:16.125877+10:00","Action":"pass","Package":"github.com/ollama/ollama/cmd/tui/chat","Test":"TestChatToolStatusMarkerUsesStateColors","Elapsed":0}
{"Time":"2026-09-20T18:43:16.125894+10:00","Action":"run","Package":"github.com/ollama/ollama/cmd/tui/chat","Test":"TestChatViewRendersInputBox"}
{"Time":"2026-09-20T18:43:16.125909+10:00","Action":"output","Package":"github.com/ollama/ollama/cmd/tui/chat","Test":"TestChatViewRendersInputBox","Output":"=== RUN   TestChatViewRendersInputBox\n"}
{"Time":"2026-09-20T18:43:16.125924+10:00","Action":"output","Package":"github.com/ollama/ollama/cmd/tui/chat","Test":"TestChatViewRendersInputBox","Output":"--- PASS: TestChatViewRendersInputBox (0.00s)\n"}
{"Time":"2026-09-20T18:43:16.125943+10:00","Action":"pass","Package":"github.com/ollama/ollama/cmd/tui/chat","Test":"TestChatViewRendersInputBox","Elapsed":0}
{"Time":"2026-09-20T18:43:16.125958+10:00","Action":"run","Package":"github.com/ollama/ollama/cmd/tui/chat","Test":"TestChatViewRendersSentUserPromptWithoutPrefix"}
{"Time":"2026-09-20T18:43:16.125973+10:00","Action":"output","Package":"github.com/ollama/ollama/cmd/tui/chat","Test":"TestChatViewRendersSentUserPromptWithoutPrefix","Output":"=== RUN   TestChatViewRendersSentUserPromptWithoutPrefix\n"}
{"Time":"2026-09-20T18:43:16.126292+10:00","Action":"output","Package":"github.com/ollama/ollama/cmd/tui/chat","Test":"TestChatViewRendersSentUserPromptWithoutPrefix","Output":"--- PASS: TestChatViewRendersSentUserPromptWithoutPrefix (0.00s)\n"}
{"Time":"2026-09-20T18:43:16.126342+10:00","Action":"pass","Package":"github.com/ollama/ollama/cmd/tui/chat","Test":"TestChatViewRendersSentUserPromptWithoutPrefix","Elapsed":0}
{"Time":"2026-09-20T18:43:16.126364+10:00","Action":"run","Package":"github.com/ollama/ollama/cmd/tui/chat","Test":"TestChatFlowViewStartsAtInputWhenEmpty"}
{"Time":"2026-09-20T18:43:16.126381+10:00","Action":"output","Package":"github.com/ollama/ollama/cmd/tui/chat","Test":"TestChatFlowViewStartsAtInputWhenEmpty","Output":"=== RUN   TestChatFlowViewStartsAtInputWhenEmpty\n"}
{"Time":"2026-09-20T18:43:16.126396+10:00","Action":"output","Package":"github.com/ollama/ollama/cmd/tui/chat","Test":"TestChatFlowViewStartsAtInputWhenEmpty","Output":"--- PASS: TestChatFlowViewStartsAtInputWhenEmpty (0.00s)\n"}
{"Time":"2026-09-20T18:43:16.126415+10:00","Action":"pass","Package":"github.com/ollama/ollama/cmd/tui/chat","Test":"TestChatFlowViewStartsAtInputWhenEmpty","Elapsed":0}
{"Time":"2026-09-20T18:43:16.126435+10:00","Action":"run","Package":"github.com/ollama/ollama/cmd/tui/chat","Test":"TestFlowTranscriptChangedPrefixStartDetectsToolGrouping"}
{"Time":"2026-09-20T18:43:16.126449+10:00","Action":"output","Package":"github.com/ollama/ollama/cmd/tui/chat","Test":"TestFlowTranscriptChangedPrefixStartDetectsToolGrouping","Output":"=== RUN   TestFlowTranscriptChangedPrefixStartDetectsToolGrouping\n"}
{"Time":"2026-09-20T18:43:16.126476+10:00","Action":"output","Package":"github.com/ollama/ollama/cmd/tui/chat","Test":"TestFlowTranscriptChangedPrefixStartDetectsToolGrouping","Output":"--- PASS: TestFlowTranscriptChangedPrefixStartDetectsToolGrouping (0.00s)\n"}
{"Time":"2026-09-20T18:43:16.1265+10:00","Action":"pass","Package":"github.com/ollama/ollama/cmd/tui/chat","Test":"TestFlowTranscriptChangedPrefixStartDetectsToolGrouping","Elapsed":0}
{"Time":"2026-09-20T18:43:16.126515+10:00","Action":"run","Package":"github.com/ollama/ollama/cmd/tui/chat","Test":"TestFlowTranscriptChangedPrefixStartIgnoresAppendedLines"}
{"Time":"2026-09-20T18:43:16.126528+10:00","Action":"output","Package":"github.com/ollama/ollama/cmd/tui/chat","Test":"TestFlowTranscriptChangedPrefixStartIgnoresAppendedLines","Output":"=== RUN   TestFlowTranscriptChangedPrefixStartIgnoresAppendedLines\n"}
{"Time":"2026-09-20T18:43:16.126543+10:00","Action":"output","Package":"github.com/ollama/ollama/cmd/tui/chat","Test":"TestFlowTranscriptChangedPrefixStartIgnoresAppendedLines","Output":"--- PASS: TestFlowTranscriptChangedPrefixStartIgnoresAppendedLines (0.00s)\n"}
{"Time":"2026-09-20T18:43:16.126557+10:00","Action":"pass","Package":"github.com/ollama/ollama/cmd/tui/chat","Test":"TestFlowTranscriptChangedPrefixStartIgnoresAppendedLines","Elapsed":0}
{"Time":"2026-09-20T18:43:16.12657+10:00","Action":"run","Package":"github.com/ollama/ollama/cmd/tui/chat","Test":"TestChatViewRendersCursorWithEmptyPlaceholder"}
{"Time":"2026-09-20T18:43:16.126584+10:00","Action":"output","Package":"github.com/ollama/ollama/cmd/tui/chat","Test":"TestChatViewRendersCursorWithEmptyPlaceholder","Output":"=== RUN   TestChatViewRendersCursorWithEmptyPlaceholder\n"}
{"Time":"2026-09-20T18:43:16.126604+10:00","Action":"output","Package":"github.com/ollama/ollama/cmd/tui/chat","Test":"TestChatViewRendersCursorWithEmptyPlaceholder","Output":"--- PASS: TestChatViewRendersCursorWithEmptyPlaceholder (0.00s)\n"}
{"Time":"2026-09-20T18:43:16.126618+10:00","Action":"pass","Package":"github.com/ollama/ollama/cmd/tui/chat","Test":"TestChatViewRendersCursorWithEmptyPlaceholder","Elapsed":0}
{"Time":"2026-09-20T18:43:16.126632+10:00","Action":"run","Package":"github.com/ollama/ollama/cmd/tui/chat","Test":"TestChatViewRendersModelUnderInputBox"}
{"Time":"2026-09-20T18:43:16.126645+10:00","Action":"output","Package":"github.com/ollama/ollama/cmd/tui/chat","Test":"TestChatViewRendersModelUnderInputBox","Output":"=== RUN   TestChatViewRendersModelUnderInputBox\n"}
{"Time":"2026-09-20T18:43:16.126659+10:00","Action":"output","Package":"github.com/ollama/ollama/cmd/tui/chat","Test":"TestChatViewRendersModelUnderInputBox","Output":"--- PASS: TestChatViewRendersModelUnderInputBox (0.00s)\n"}
{"Time":"2026-09-20T18:43:16.126672+10:00","Action":"pass","Package":"github.com/ollama/ollama/cmd/tui/chat","Test":"TestChatViewRendersModelUnderInputBox","Elapsed":0}
{"Time":"2026-09-20T18:43:16.126684+10:00","Action":"run","Package":"github.com/ollama/ollama/cmd/tui/chat","Test":"TestChatViewExpandsInputBoxForLongPrompt"}
{"Time":"2026-09-20T18:43:16.126704+10:00","Action":"output","Package":"github.com/ollama/ollama/cmd/tui/chat","Test":"TestChatViewExpandsInputBoxForLongPrompt","Output":"=== RUN   TestChatViewExpandsInputBoxForLongPrompt\n"}
{"Time":"2026-09-20T18:43:16.126746+10:00","Action":"output","Package":"github.com/ollama/ollama/cmd/tui/chat","Test":"TestChatViewExpandsInputBoxForLongPrompt","Output":"--- PASS: TestChatViewExpandsInputBoxForLongPrompt (0.00s)\n"}
{"Time":"2026-09-20T18:43:16.130264+10:00","Action":"pass","Package":"github.com/ollama/ollama/cmd/tui/chat","Test":"TestChatViewExpandsInputBoxForLongPrompt","Elapsed":0}
{"Time":"2026-09-20T18:43:16.130342+10:00","Action":"run","Package":"github.com/ollama/ollama/cmd/tui/chat","Test":"TestChatViewCapsTallInputBox"}
{"Time":"2026-09-20T18:43:16.130454+10:00","Action":"output","Package":"github.com/ollama/ollama/cmd/tui/chat","Test":"TestChatViewCapsTallInputBox","Output":"=== RUN   TestChatViewCapsTallInputBox\n"}
{"Time":"2026-09-20T18:43:16.133106+10:00","Action":"output","Package":"github.com/ollama/ollama/cmd/tui/chat","Test":"TestChatViewCapsTallInputBox","Output":"--- PASS: TestChatViewCapsTallInputBox (0.01s)\n"}
{"Time":"2026-09-20T18:43:16.133155+10:00","Action":"pass","Package":"github.com/ollama/ollama/cmd/tui/chat","Test":"TestChatViewCapsTallInputBox","Elapsed":0.01}
{"Time":"2026-09-20T18:43:16.133178+10:00","Action":"run","Package":"github.com/ollama/ollama/cmd/tui/chat","Test":"TestChatViewWrapsNotificationWhenNarrow"}
{"Time":"2026-09-20T18:43:16.133214+10:00","Action":"output","Package":"github.com/ollama/ollama/cmd/tui/chat","Test":"TestChatViewWrapsNotificationWhenNarrow","Output":"=== RUN   TestChatViewWrapsNotificationWhenNarrow\n"}
{"Time":"2026-09-20T18:43:16.13324+10:00","Action":"output","Package":"github.com/ollama/ollama/cmd/tui/chat","Test":"TestChatViewWrapsNotificationWhenNarrow","Output":"--- PASS: TestChatViewWrapsNotificationWhenNarrow (0.00s)\n"}
{"Time":"2026-09-20T18:43:16.133272+10:00","Action":"pass","Package":"github.com/ollama/ollama/cmd/tui/chat","Test":"TestChatViewWrapsNotificationWhenNarrow","Elapsed":0}
{"Time":"2026-09-20T18:43:16.133299+10:00","Action":"run","Package":"github.com/ollama/ollama/cmd/tui/chat","Test":"TestPromptTokenTextDoesNotUseCompactionFallback"}
{"Time":"2026-09-20T18:43:16.133319+10:00","Action":"output","Package":"github.com/ollama/ollama/cmd/tui/chat","Test":"TestPromptTokenTextDoesNotUseCompactionFallback","Output":"=== RUN   TestPromptTokenTextDoesNotUseCompactionFallback\n"}
{"Time":"2026-09-20T18:43:16.133338+10:00","Action":"output","Package":"github.com/ollama/ollama/cmd/tui/chat","Test":"TestPromptTokenTextDoesNotUseCompactionFallback","Output":"--- PASS: TestPromptTokenTextDoesNotUseCompactionFallback (0.00s)\n"}
{"Time":"2026-09-20T18:43:16.133357+10:00","Action":"pass","Package":"github.com/ollama/ollama/cmd/tui/chat","Test":"TestPromptTokenTextDoesNotUseCompactionFallback","Elapsed":0}
{"Time":"2026-09-20T18:43:16.133391+10:00","Action":"run","Package":"github.com/ollama/ollama/cmd/tui/chat","Test":"TestPreloadDoneUpdatesContextWindowTokens"}
{"Time":"2026-09-20T18:43:16.133411+10:00","Action":"output","Package":"github.com/ollama/ollama/cmd/tui/chat","Test":"TestPreloadDoneUpdatesContextWindowTokens","Output":"=== RUN   TestPreloadDoneUpdatesContextWindowTokens\n"}
{"Time":"2026-09-20T18:43:16.133436+10:00","Action":"output","Package":"github.com/ollama/ollama/cmd/tui/chat","Test":"TestPreloadDoneUpdatesContextWindowTokens","Output":"--- PASS: TestPreloadDoneUpdatesContextWindowTokens (0.00s)\n"}
{"Time":"2026-09-20T18:43:16.133464+10:00","Action":"pass","Package":"github.com/ollama/ollama/cmd/tui/chat","Test":"TestPreloadDoneUpdatesContextWindowTokens","Elapsed":0}
{"Time":"2026-09-20T18:43:16.133483+10:00","Action":"run","Package":"github.com/ollama/ollama/cmd/tui/chat","Test":"TestChatViewRendersNotificationAboveInput"}
{"Time":"2026-09-20T18:43:16.133518+10:00","Action":"output","Package":"github.com/ollama/ollama/cmd/tui/chat","Test":"TestChatViewRendersNotificationAboveInput","Output":"=== RUN   TestChatViewRendersNotificationAboveInput\n"}
{"Time":"2026-09-20T18:43:16.133537+10:00","Action":"output","Package":"github.com/ollama/ollama/cmd/tui/chat","Test":"TestChatViewRendersNotificationAboveInput","Output":"--- PASS: TestChatViewRendersNotificationAboveInput (0.00s)\n"}
{"Time":"2026-09-20T18:43:16.133558+10:00","Action":"pass","Package":"github.com/ollama/ollama/cmd/tui/chat","Test":"TestChatViewRendersNotificationAboveInput","Elapsed":0}
{"Time":"2026-09-20T18:43:16.133619+10:00","Action":"run","Package":"github.com/ollama/ollama/cmd/tui/chat","Test":"TestChatNotificationsUseSecondaryStyle"}
{"Time":"2026-09-20T18:43:16.133662+10:00","Action":"output","Package":"github.com/ollama/ollama/cmd/tui/chat","Test":"TestChatNotificationsUseSecondaryStyle","Output":"=== RUN   TestChatNotificationsUseSecondaryStyle\n"}
{"Time":"2026-09-20T18:43:16.133686+10:00","Action":"output","Package":"github.com/ollama/ollama/cmd/tui/chat","Test":"TestChatNotificationsUseSecondaryStyle","Output":"--- PASS: TestChatNotificationsUseSecondaryStyle (0.00s)\n"}
{"Time":"2026-09-20T18:43:16.133745+10:00","Action":"pass","Package":"github.com/ollama/ollama/cmd/tui/chat","Test":"TestChatNotificationsUseSecondaryStyle","Elapsed":0}
{"Time":"2026-09-20T18:43:16.133768+10:00","Action":"run","Package":"github.com/ollama/ollama/cmd/tui/chat","Test":"TestChatSubmittedPromptUsesThemeSecondaryGrey"}
{"Time":"2026-09-20T18:43:16.133788+10:00","Action":"output","Package":"github.com/ollama/ollama/cmd/tui/chat","Test":"TestChatSubmittedPromptUsesThemeSecondaryGrey","Output":"=== RUN   TestChatSubmittedPromptUsesThemeSecondaryGrey\n"}
{"Time":"2026-09-20T18:43:16.133835+10:00","Action":"output","Package":"github.com/ollama/ollama/cmd/tui/chat","Test":"TestChatSubmittedPromptUsesThemeSecondaryGrey","Output":"--- PASS: TestChatSubmittedPromptUsesThemeSecondaryGrey (0.00s)\n"}
{"Time":"2026-09-20T18:43:16.133854+10:00","Action":"pass","Package":"github.com/ollama/ollama/cmd/tui/chat","Test":"TestChatSubmittedPromptUsesThemeSecondaryGrey","Elapsed":0}
{"Time":"2026-09-20T18:43:16.133873+10:00","Action":"run","Package":"github.com/ollama/ollama/cmd/tui/chat","Test":"TestChatToolOutputUsesDistinctSecondaryGrey"}
{"Time":"2026-09-20T18:43:16.133892+10:00","Action":"output","Package":"github.com/ollama/ollama/cmd/tui/chat","Test":"TestChatToolOutputUsesDistinctSecondaryGrey","Output":"=== RUN   TestChatToolOutputUsesDistinctSecondaryGrey\n"}
{"Time":"2026-09-20T18:43:16.133913+10:00","Action":"output","Package":"github.com/ollama/ollama/cmd/tui/chat","Test":"TestChatToolOutputUsesDistinctSecondaryGrey","Output":"--- PASS: TestChatToolOutputUsesDistinctSecondaryGrey (0.00s)\n"}
{"Time":"2026-09-20T18:43:16.133932+10:00","Action":"pass","Package":"github.com/ollama/ollama/cmd/tui/chat","Test":"TestChatToolOutputUsesDistinctSecondaryGrey","Elapsed":0}
{"Time":"2026-09-20T18:43:16.133952+10:00","Action":"run","Package":"github.com/ollama/ollama/cmd/tui/chat","Test":"TestChatInlineCodeDoesNotLookSelected"}
{"Time":"2026-09-20T18:43:16.133969+10:00","Action":"output","Package":"github.com/ollama/ollama/cmd/tui/chat","Test":"TestChatInlineCodeDoesNotLookSelected","Output":"=== RUN   TestChatInlineCodeDoesNotLookSelected\n"}
{"Time":"2026-09-20T18:43:16.134021+10:00","Action":"output","Package":"github.com/ollama/ollama/cmd/tui/chat","Test":"TestChatInlineCodeDoesNotLookSelected","Output":"--- PASS: TestChatInlineCodeDoesNotLookSelected (0.00s)\n"}
{"Time":"2026-09-20T18:43:16.134043+10:00","Action":"pass","Package":"github.com/ollama/ollama/cmd/tui/chat","Test":"TestChatInlineCodeDoesNotLookSelected","Elapsed":0}
{"Time":"2026-09-20T18:43:16.134599+10:00","Action":"run","Package":"github.com/ollama/ollama/cmd/tui/chat","Test":"TestChatViewKeepsInputBoxWhileRunning"}
{"Time":"2026-09-20T18:43:16.134629+10:00","Action":"output","Package":"github.com/ollama/ollama/cmd/tui/chat","Test":"TestChatViewKeepsInputBoxWhileRunning","Output":"=== RUN   TestChatViewKeepsInputBoxWhileRunning\n"}
{"Time":"2026-09-20T18:43:16.134669+10:00","Action":"output","Package":"github.com/ollama/ollama/cmd/tui/chat","Test":"TestChatViewKeepsInputBoxWhileRunning","Output":"--- PASS: TestChatViewKeepsInputBoxWhileRunning (0.00s)\n"}
{"Time":"2026-09-20T18:43:16.134802+10:00","Action":"pass","Package":"github.com/ollama/ollama/cmd/tui/chat","Test":"TestChatViewKeepsInputBoxWhileRunning","Elapsed":0}
{"Time":"2026-09-20T18:43:16.134826+10:00","Action":"run","Package":"github.com/ollama/ollama/cmd/tui/chat","Test":"TestChatToolFinishedUpdatesLiveWorkingDirOnly"}
{"Time":"2026-09-20T18:43:16.134841+10:00","Action":"output","Package":"github.com/ollama/ollama/cmd/tui/chat","Test":"TestChatToolFinishedUpdatesLiveWorkingDirOnly","Output":"=== RUN   TestChatToolFinishedUpdatesLiveWorkingDirOnly\n"}
{"Time":"2026-09-20T18:43:16.137459+10:00","Action":"output","Package":"github.com/ollama/ollama/cmd/tui/chat","Test":"TestChatToolFinishedUpdatesLiveWorkingDirOnly","Output":"--- PASS: TestChatToolFinishedUpdatesLiveWorkingDirOnly (0.00s)\n"}
{"Time":"2026-09-20T18:43:16.137533+10:00","Action":"pass","Package":"github.com/ollama/ollama/cmd/tui/chat","Test":"TestChatToolFinishedUpdatesLiveWorkingDirOnly","Elapsed":0}
{"Time":"2026-09-20T18:43:16.137557+10:00","Action":"run","Package":"github.com/ollama/ollama/cmd/tui/chat","Test":"TestChatBoundedFramePinsInputAfterResize"}
{"Time":"2026-09-20T18:43:16.137587+10:00","Action":"output","Package":"github.com/ollama/ollama/cmd/tui/chat","Test":"TestChatBoundedFramePinsInputAfterResize","Output":"=== RUN   TestChatBoundedFramePinsInputAfterResize\n"}
{"Time":"2026-09-20T18:43:16.137608+10:00","Action":"output","Package":"github.com/ollama/ollama/cmd/tui/chat","Test":"TestChatBoundedFramePinsInputAfterResize","Output":"--- PASS: TestChatBoundedFramePinsInputAfterResize (0.00s)\n"}
{"Time":"2026-09-20T18:43:16.13763+10:00","Action":"pass","Package":"github.com/ollama/ollama/cmd/tui/chat","Test":"TestChatBoundedFramePinsInputAfterResize","Elapsed":0}
{"Time":"2026-09-20T18:43:16.13765+10:00","Action":"run","Package":"github.com/ollama/ollama/cmd/tui/chat","Test":"TestChatViewSeparatesActionStatusFromTranscript"}
{"Time":"2026-09-20T18:43:16.137671+10:00","Action":"output","Package":"github.com/ollama/ollama/cmd/tui/chat","Test":"TestChatViewSeparatesActionStatusFromTranscript","Output":"=== RUN   TestChatViewSeparatesActionStatusFromTranscript\n"}
{"Time":"2026-09-20T18:43:16.137695+10:00","Action":"output","Package":"github.com/ollama/ollama/cmd/tui/chat","Test":"TestChatViewSeparatesActionStatusFromTranscript","Output":"--- PASS: TestChatViewSeparatesActionStatusFromTranscript (0.00s)\n"}
{"Time":"2026-09-20T18:43:16.138254+10:00","Action":"pass","Package":"github.com/ollama/ollama/cmd/tui/chat","Test":"TestChatViewSeparatesActionStatusFromTranscript","Elapsed":0}
{"Time":"2026-09-20T18:43:16.138297+10:00","Action":"run","Package":"github.com/ollama/ollama/cmd/tui/chat","Test":"TestChatViewDoesNotReserveIdleActionSpacerAfterResponse"}
{"Time":"2026-09-20T18:43:16.138317+10:00","Action":"output","Package":"github.com/ollama/ollama/cmd/tui/chat","Test":"TestChatViewDoesNotReserveIdleActionSpacerAfterResponse","Output":"=== RUN   TestChatViewDoesNotReserveIdleActionSpacerAfterResponse\n"}
{"Time":"2026-09-20T18:43:16.138346+10:00","Action":"output","Package":"github.com/ollama/ollama/cmd/tui/chat","Test":"TestChatViewDoesNotReserveIdleActionSpacerAfterResponse","Output":"--- PASS: TestChatViewDoesNotReserveIdleActionSpacerAfterResponse (0.00s)\n"}
{"Time":"2026-09-20T18:43:16.138365+10:00","Action":"pass","Package":"github.com/ollama/ollama/cmd/tui/chat","Test":"TestChatViewDoesNotReserveIdleActionSpacerAfterResponse","Elapsed":0}
{"Time":"2026-09-20T18:43:16.138383+10:00","Action":"run","Package":"github.com/ollama/ollama/cmd/tui/chat","Test":"TestChatViewHidesEmptyHintWhileTyping"}
{"Time":"2026-09-20T18:43:16.138401+10:00","Action":"output","Package":"github.com/ollama/ollama/cmd/tui/chat","Test":"TestChatViewHidesEmptyHintWhileTyping","Output":"=== RUN   TestChatViewHidesEmptyHintWhileTyping\n"}
{"Time":"2026-09-20T18:43:16.138419+10:00","Action":"output","Package":"github.com/ollama/ollama/cmd/tui/chat","Test":"TestChatViewHidesEmptyHintWhileTyping","Output":"--- PASS: TestChatViewHidesEmptyHintWhileTyping (0.00s)\n"}
{"Time":"2026-09-20T18:43:16.138437+10:00","Action":"pass","Package":"github.com/ollama/ollama/cmd/tui/chat","Test":"TestChatViewHidesEmptyHintWhileTyping","Elapsed":0}
{"Time":"2026-09-20T18:43:16.138454+10:00","Action":"run","Package":"github.com/ollama/ollama/cmd/tui/chat","Test":"TestChatScrollsTranscript"}
{"Time":"2026-09-20T18:43:16.138471+10:00","Action":"output","Package":"github.com/ollama/ollama/cmd/tui/chat","Test":"TestChatScrollsTranscript","Output":"=== RUN   TestChatScrollsTranscript\n"}
{"Time":"2026-09-20T18:43:16.139123+10:00","Action":"output","Package":"github.com/ollama/ollama/cmd/tui/chat","Test":"TestChatScrollsTranscript","Output":"--- PASS: TestChatScrollsTranscript (0.00s)\n"}
{"Time":"2026-09-20T18:43:16.139161+10:00","Action":"pass","Package":"github.com/ollama/ollama/cmd/tui/chat","Test":"TestChatScrollsTranscript","Elapsed":0}
{"Time":"2026-09-20T18:43:16.139181+10:00","Action":"run","Package":"github.com/ollama/ollama/cmd/tui/chat","Test":"TestChatStreamingAssistantOutputHoldsLiveMarkdown"}
{"Time":"2026-09-20T18:43:16.139199+10:00","Action":"output","Package":"github.com/ollama/ollama/cmd/tui/chat","Test":"TestChatStreamingAssistantOutputHoldsLiveMarkdown","Output":"=== RUN   TestChatStreamingAssistantOutputHoldsLiveMarkdown\n"}
{"Time":"2026-09-20T18:43:16.139217+10:00","Action":"output","Package":"github.com/ollama/ollama/cmd/tui/chat","Test":"TestChatStreamingAssistantOutputHoldsLiveMarkdown","Output":"--- PASS: TestChatStreamingAssistantOutputHoldsLiveMarkdown (0.00s)\n"}
{"Time":"2026-09-20T18:43:16.139248+10:00","Action":"pass","Package":"github.com/ollama/ollama/cmd/tui/chat","Test":"TestChatStreamingAssistantOutputHoldsLiveMarkdown","Elapsed":0}
{"Time":"2026-09-20T18:43:16.139265+10:00","Action":"run","Package":"github.com/ollama/ollama/cmd/tui/chat","Test":"TestChatStreamingRendersBoldBareURLAfterCompletion"}
{"Time":"2026-09-20T18:43:16.139282+10:00","Action":"output","Package":"github.com/ollama/ollama/cmd/tui/chat","Test":"TestChatStreamingRendersBoldBareURLAfterCompletion","Output":"=== RUN   TestChatStreamingRendersBoldBareURLAfterCompletion\n"}
{"Time":"2026-09-20T18:43:16.139326+10:00","Action":"output","Package":"github.com/ollama/ollama/cmd/tui/chat","Test":"TestChatStreamingRendersBoldBareURLAfterCompletion","Output":"--- PASS: TestChatStreamingRendersBoldBareURLAfterCompletion (0.00s)\n"}
{"Time":"2026-09-20T18:43:16.139348+10:00","Action":"pass","Package":"github.com/ollama/ollama/cmd/tui/chat","Test":"TestChatStreamingRendersBoldBareURLAfterCompletion","Elapsed":0}
{"Time":"2026-09-20T18:43:16.139366+10:00","Action":"run","Package":"github.com/ollama/ollama/cmd/tui/chat","Test":"TestRenderMarkdownInlineWrapsStrongTextWithoutDelimiters"}
{"Time":"2026-09-20T18:43:16.139381+10:00","Action":"output","Package":"github.com/ollama/ollama/cmd/tui/chat","Test":"TestRenderMarkdownInlineWrapsStrongTextWithoutDelimiters","Output":"=== RUN   TestRenderMarkdownInlineWrapsStrongTextWithoutDelimiters\n"}
{"Time":"2026-09-20T18:43:16.1394+10:00","Action":"output","Package":"github.com/ollama/ollama/cmd/tui/chat","Test":"TestRenderMarkdownInlineWrapsStrongTextWithoutDelimiters","Output":"--- PASS: TestRenderMarkdownInlineWrapsStrongTextWithoutDelimiters (0.00s)\n"}
{"Time":"2026-09-20T18:43:16.13942+10:00","Action":"pass","Package":"github.com/ollama/ollama/cmd/tui/chat","Test":"TestRenderMarkdownInlineWrapsStrongTextWithoutDelimiters","Elapsed":0}
{"Time":"2026-09-20T18:43:16.139437+10:00","Action":"run","Package":"github.com/ollama/ollama/cmd/tui/chat","Test":"TestRenderMarkdownPreservesBareURLUnderscores"}
{"Time":"2026-09-20T18:43:16.139456+10:00","Action":"output","Package":"github.com/ollama/ollama/cmd/tui/chat","Test":"TestRenderMarkdownPreservesBareURLUnderscores","Output":"=== RUN   TestRenderMarkdownPreservesBareURLUnderscores\n"}
{"Time":"2026-09-20T18:43:16.139476+10:00","Action":"output","Package":"github.com/ollama/ollama/cmd/tui/chat","Test":"TestRenderMarkdownPreservesBareURLUnderscores","Output":"--- PASS: TestRenderMarkdownPreservesBareURLUnderscores (0.00s)\n"}
{"Time":"2026-09-20T18:43:16.139492+10:00","Action":"pass","Package":"github.com/ollama/ollama/cmd/tui/chat","Test":"TestRenderMarkdownPreservesBareURLUnderscores","Elapsed":0}
{"Time":"2026-09-20T18:43:16.139512+10:00","Action":"run","Package":"github.com/ollama/ollama/cmd/tui/chat","Test":"TestRenderMarkdownStrongAfterPunctuation"}
{"Time":"2026-09-20T18:43:16.13955+10:00","Action":"output","Package":"github.com/ollama/ollama/cmd/tui/chat","Test":"TestRenderMarkdownStrongAfterPunctuation","Output":"=== RUN   TestRenderMarkdownStrongAfterPunctuation\n"}
{"Time":"2026-09-20T18:43:16.139574+10:00","Action":"run","Package":"github.com/ollama/ollama/cmd/tui/chat","Test":"TestRenderMarkdownStrongAfterPunctuation/colon"}
{"Time":"2026-09-20T18:43:16.139592+10:00","Action":"output","Package":"github.com/ollama/ollama/cmd/tui/chat","Test":"TestRenderMarkdownStrongAfterPunctuation/colon","Output":"=== RUN   TestRenderMarkdownStrongAfterPunctuation/colon\n"}
{"Time":"2026-09-20T18:43:16.139643+10:00","Action":"output","Package":"github.com/ollama/ollama/cmd/tui/chat","Test":"TestRenderMarkdownStrongAfterPunctuation/colon","Output":"--- PASS: TestRenderMarkdownStrongAfterPunctuation/colon (0.00s)\n"}
{"Time":"2026-09-20T18:43:16.139664+10:00","Action":"pass","Package":"github.com/ollama/ollama/cmd/tui/chat","Test":"TestRenderMarkdownStrongAfterPunctuation/colon","Elapsed":0}
{"Time":"2026-09-20T18:43:16.139686+10:00","Action":"run","Package":"github.com/ollama/ollama/cmd/tui/chat","Test":"TestRenderMarkdownStrongAfterPunctuation/dash"}
{"Time":"2026-09-20T18:43:16.139704+10:00","Action":"output","Package":"github.com/ollama/ollama/cmd/tui/chat","Test":"TestRenderMarkdownStrongAfterPunctuation/dash","Output":"=== RUN   TestRenderMarkdownStrongAfterPunctuation/dash\n"}
{"Time":"2026-09-20T18:43:16.139722+10:00","Action":"output","Package":"github.com/ollama/ollama/cmd/tui/chat","Test":"TestRenderMarkdownStrongAfterPunctuation/dash","Output":"--- PASS: TestRenderMarkdownStrongAfterPunctuation/dash (0.00s)\n"}
{"Time":"2026-09-20T18:43:16.139784+10:00","Action":"pass","Package":"github.com/ollama/ollama/cmd/tui/chat","Test":"TestRenderMarkdownStrongAfterPunctuation/dash","Elapsed":0}
{"Time":"2026-09-20T18:43:16.139807+10:00","Action":"run","Package":"github.com/ollama/ollama/cmd/tui/chat","Test":"TestRenderMarkdownStrongAfterPunctuation/closing_parenthesis"}
{"Time":"2026-09-20T18:43:16.140467+10:00","Action":"output","Package":"github.com/ollama/ollama/cmd/tui/chat","Test":"TestRenderMarkdownStrongAfterPunctuation/closing_parenthesis","Output":"=== RUN   TestRenderMarkdownStrongAfterPunctuation/closing_parenthesis\n"}
{"Time":"2026-09-20T18:43:16.140513+10:00","Action":"output","Package":"github.com/ollama/ollama/cmd/tui/chat","Test":"TestRenderMarkdownStrongAfterPunctuation/closing_parenthesis","Output":"--- PASS: TestRenderMarkdownStrongAfterPunctuation/closing_parenthesis (0.00s)\n"}
{"Time":"2026-09-20T18:43:16.140533+10:00","Action":"pass","Package":"github.com/ollama/ollama/cmd/tui/chat","Test":"TestRenderMarkdownStrongAfterPunctuation/closing_parenthesis","Elapsed":0}
{"Time":"2026-09-20T18:43:16.140556+10:00","Action":"run","Package":"github.com/ollama/ollama/cmd/tui/chat","Test":"TestRenderMarkdownStrongAfterPunctuation/identifier"}
{"Time":"2026-09-20T18:43:16.140575+10:00","Action":"output","Package":"github.com/ollama/ollama/cmd/tui/chat","Test":"TestRenderMarkdownStrongAfterPunctuation/identifier","Output":"=== RUN   TestRenderMarkdownStrongAfterPunctuation/identifier\n"}
{"Time":"2026-09-20T18:43:16.140595+10:00","Action":"output","Package":"github.com/ollama/ollama/cmd/tui/chat","Test":"TestRenderMarkdownStrongAfterPunctuation/identifier","Output":"--- PASS: TestRenderMarkdownStrongAfterPunctuation/identifier (0.00s)\n"}
{"Time":"2026-09-20T18:43:16.140612+10:00","Action":"pass","Package":"github.com/ollama/ollama/cmd/tui/chat","Test":"TestRenderMarkdownStrongAfterPunctuation/identifier","Elapsed":0}
{"Time":"2026-09-20T18:43:16.14063+10:00","Action":"run","Package":"github.com/ollama/ollama/cmd/tui/chat","Test":"TestRenderMarkdownStrongAfterPunctuation/URL"}
{"Time":"2026-09-20T18:43:16.14065+10:00","Action":"output","Package":"github.com/ollama/ollama/cmd/tui/chat","Test":"TestRenderMarkdownStrongAfterPunctuation/URL","Output":"=== RUN   TestRenderMarkdownStrongAfterPunctuation/URL\n"}
{"Time":"2026-09-20T18:43:16.14067+10:00","Action":"output","Package":"github.com/ollama/ollama/cmd/tui/chat","Test":"TestRenderMarkdownStrongAfterPunctuation/URL","Output":"--- PASS: TestRenderMarkdownStrongAfterPunctuation/URL (0.00s)\n"}
{"Time":"2026-09-20T18:43:16.140714+10:00","Action":"pass","Package":"github.com/ollama/ollama/cmd/tui/chat","Test":"TestRenderMarkdownStrongAfterPunctuation/URL","Elapsed":0}
{"Time":"2026-09-20T18:43:16.140739+10:00","Action":"run","Package":"github.com/ollama/ollama/cmd/tui/chat","Test":"TestRenderMarkdownStrongAfterPunctuation/URL_punctuation"}
{"Time":"2026-09-20T18:43:16.140758+10:00","Action":"output","Package":"github.com/ollama/ollama/cmd/tui/chat","Test":"TestRenderMarkdownStrongAfterPunctuation/URL_punctuation","Output":"=== RUN   TestRenderMarkdownStrongAfterPunctuation/URL_punctuation\n"}
{"Time":"2026-09-20T18:43:16.140794+10:00","Action":"output","Package":"github.com/ollama/ollama/cmd/tui/chat","Test":"TestRenderMarkdownStrongAfterPunctuation/URL_punctuation","Output":"--- PASS: TestRenderMarkdownStrongAfterPunctuation/URL_punctuation (0.00s)\n"}
{"Time":"2026-09-20T18:43:16.140813+10:00","Action":"pass","Package":"github.com/ollama/ollama/cmd/tui/chat","Test":"TestRenderMarkdownStrongAfterPunctuation/URL_punctuation","Elapsed":0}
{"Time":"2026-09-20T18:43:16.140831+10:00","Action":"output","Package":"github.com/ollama/ollama/cmd/tui/chat","Test":"TestRenderMarkdownStrongAfterPunctuation","Output":"--- PASS: TestRenderMarkdownStrongAfterPunctuation (0.00s)\n"}
{"Time":"2026-09-20T18:43:16.140862+10:00","Action":"pass","Package":"github.com/ollama/ollama/cmd/tui/chat","Test":"TestRenderMarkdownStrongAfterPunctuation","Elapsed":0}
{"Time":"2026-09-20T18:43:16.140883+10:00","Action":"run","Package":"github.com/ollama/ollama/cmd/tui/chat","Test":"TestChatMouseWheelScrollsTranscriptWhileRunning"}
{"Time":"2026-09-20T18:43:16.140928+10:00","Action":"output","Package":"github.com/ollama/ollama/cmd/tui/chat","Test":"TestChatMouseWheelScrollsTranscriptWhileRunning","Output":"=== RUN   TestChatMouseWheelScrollsTranscriptWhileRunning\n"}
{"Time":"2026-09-20T18:43:16.140957+10:00","Action":"output","Package":"github.com/ollama/ollama/cmd/tui/chat","Test":"TestChatMouseWheelScrollsTranscriptWhileRunning","Output":"--- PASS: TestChatMouseWheelScrollsTranscriptWhileRunning (0.00s)\n"}
{"Time":"2026-09-20T18:43:16.140977+10:00","Action":"pass","Package":"github.com/ollama/ollama/cmd/tui/chat","Test":"TestChatMouseWheelScrollsTranscriptWhileRunning","Elapsed":0}
{"Time":"2026-09-20T18:43:16.140996+10:00","Action":"run","Package":"github.com/ollama/ollama/cmd/tui/chat","Test":"TestChatWindowsMouseWheelScrollsTranscript"}
{"Time":"2026-09-20T18:43:16.141014+10:00","Action":"output","Package":"github.com/ollama/ollama/cmd/tui/chat","Test":"TestChatWindowsMouseWheelScrollsTranscript","Output":"=== RUN   TestChatWindowsMouseWheelScrollsTranscript\n"}
{"Time":"2026-09-20T18:43:16.141153+10:00","Action":"output","Package":"github.com/ollama/ollama/cmd/tui/chat","Test":"TestChatWindowsMouseWheelScrollsTranscript","Output":"--- PASS: TestChatWindowsMouseWheelScrollsTranscript (0.00s)\n"}
{"Time":"2026-09-20T18:43:16.141177+10:00","Action":"pass","Package":"github.com/ollama/ollama/cmd/tui/chat","Test":"TestChatWindowsMouseWheelScrollsTranscript","Elapsed":0}
{"Time":"2026-09-20T18:43:16.141196+10:00","Action":"run","Package":"github.com/ollama/ollama/cmd/tui/chat","Test":"TestChatMouseDragSelectsTranscriptWithoutAutoCopy"}
{"Time":"2026-09-20T18:43:16.141214+10:00","Action":"output","Package":"github.com/ollama/ollama/cmd/tui/chat","Test":"TestChatMouseDragSelectsTranscriptWithoutAutoCopy","Output":"=== RUN   TestChatMouseDragSelectsTranscriptWithoutAutoCopy\n"}
{"Time":"2026-09-20T18:43:16.14227+10:00","Action":"output","Package":"github.com/ollama/ollama/cmd/tui/chat","Test":"TestChatMouseDragSelectsTranscriptWithoutAutoCopy","Output":"--- PASS: TestChatMouseDragSelectsTranscriptWithoutAutoCopy (0.00s)\n"}
{"Time":"2026-09-20T18:43:16.14235+10:00","Action":"pass","Package":"github.com/ollama/ollama/cmd/tui/chat","Test":"TestChatMouseDragSelectsTranscriptWithoutAutoCopy","Elapsed":0}
{"Time":"2026-09-20T18:43:16.142373+10:00","Action":"run","Package":"github.com/ollama/ollama/cmd/tui/chat","Test":"TestChatWindowsMouseDragCopiesAndClearsTranscriptSelection"}
{"Time":"2026-09-20T18:43:16.142393+10:00","Action":"output","Package":"github.com/ollama/ollama/cmd/tui/chat","Test":"TestChatWindowsMouseDragCopiesAndClearsTranscriptSelection","Output":"=== RUN   TestChatWindowsMouseDragCopiesAndClearsTranscriptSelection\n"}
{"Time":"2026-09-20T18:43:16.142635+10:00","Action":"output","Package":"github.com/ollama/ollama/cmd/tui/chat","Test":"TestChatWindowsMouseDragCopiesAndClearsTranscriptSelection","Output":"--- PASS: TestChatWindowsMouseDragCopiesAndClearsTranscriptSelection (0.00s)\n"}
{"Time":"2026-09-20T18:43:16.14267+10:00","Action":"pass","Package":"github.com/ollama/ollama/cmd/tui/chat","Test":"TestChatWindowsMouseDragCopiesAndClearsTranscriptSelection","Elapsed":0}
{"Time":"2026-09-20T18:43:16.142691+10:00","Action":"run","Package":"github.com/ollama/ollama/cmd/tui/chat","Test":"TestChatMouseDragSelectionUsesDisplayColumns"}
{"Time":"2026-09-20T18:43:16.142706+10:00","Action":"output","Package":"github.com/ollama/ollama/cmd/tui/chat","Test":"TestChatMouseDragSelectionUsesDisplayColumns","Output":"=== RUN   TestChatMouseDragSelectionUsesDisplayColumns\n"}
{"Time":"2026-09-20T18:43:16.143153+10:00","Action":"output","Package":"github.com/ollama/ollama/cmd/tui/chat","Test":"TestChatMouseDragSelectionUsesDisplayColumns","Output":"--- PASS: TestChatMouseDragSelectionUsesDisplayColumns (0.00s)\n"}
{"Time":"2026-09-20T18:43:16.143257+10:00","Action":"pass","Package":"github.com/ollama/ollama/cmd/tui/chat","Test":"TestChatMouseDragSelectionUsesDisplayColumns","Elapsed":0}
{"Time":"2026-09-20T18:43:16.143284+10:00","Action":"run","Package":"github.com/ollama/ollama/cmd/tui/chat","Test":"TestChatBoundedViewDoesNotRenderScrollHeader"}
{"Time":"2026-09-20T18:43:16.143305+10:00","Action":"output","Package":"github.com/ollama/ollama/cmd/tui/chat","Test":"TestChatBoundedViewDoesNotRenderScrollHeader","Output":"=== RUN   TestChatBoundedViewDoesNotRenderScrollHeader\n"}
{"Time":"2026-09-20T18:43:16.143842+10:00","Action":"output","Package":"github.com/ollama/ollama/cmd/tui/chat","Test":"TestChatBoundedViewDoesNotRenderScrollHeader","Output":"--- PASS: TestChatBoundedViewDoesNotRenderScrollHeader (0.00s)\n"}
{"Time":"2026-09-20T18:43:16.143884+10:00","Action":"pass","Package":"github.com/ollama/ollama/cmd/tui/chat","Test":"TestChatBoundedViewDoesNotRenderScrollHeader","Elapsed":0}
{"Time":"2026-09-20T18:43:16.143899+10:00","Action":"run","Package":"github.com/ollama/ollama/cmd/tui/chat","Test":"TestChatMouseDragSelectionUsesScrolledTranscriptCoordinates"}
{"Time":"2026-09-20T18:43:16.143912+10:00","Action":"output","Package":"github.com/ollama/ollama/cmd/tui/chat","Test":"TestChatMouseDragSelectionUsesScrolledTranscriptCoordinates","Output":"=== RUN   TestChatMouseDragSelectionUsesScrolledTranscriptCoordinates\n"}
{"Time":"2026-09-20T18:43:16.144435+10:00","Action":"output","Package":"github.com/ollama/ollama/app/store","Test":"TestCloudDisabled/env_and_config","Output":"--- PASS: TestCloudDisabled/env_and_config (0.03s)\n"}
{"Time":"2026-09-20T18:43:16.144472+10:00","Action":"pass","Package":"github.com/ollama/ollama/app/store","Test":"TestCloudDisabled/env_and_config","Elapsed":0.03}
{"Time":"2026-09-20T18:43:16.144492+10:00","Action":"run","Package":"github.com/ollama/ollama/app/store","Test":"TestCloudDisabled/invalid_config_is_ignored"}
{"Time":"2026-09-20T18:43:16.144511+10:00","Action":"output","Package":"github.com/ollama/ollama/app/store","Test":"TestCloudDisabled/invalid_config_is_ignored","Output":"=== RUN   TestCloudDisabled/invalid_config_is_ignored\n"}
{"Time":"2026-09-20T18:43:16.144545+10:00","Action":"output","Package":"github.com/ollama/ollama/cmd/tui/chat","Test":"TestChatMouseDragSelectionUsesScrolledTranscriptCoordinates","Output":"--- PASS: TestChatMouseDragSelectionUsesScrolledTranscriptCoordinates (0.00s)\n"}
{"Time":"2026-09-20T18:43:16.144593+10:00","Action":"pass","Package":"github.com/ollama/ollama/cmd/tui/chat","Test":"TestChatMouseDragSelectionUsesScrolledTranscriptCoordinates","Elapsed":0}
{"Time":"2026-09-20T18:43:16.14462+10:00","Action":"run","Package":"github.com/ollama/ollama/cmd/tui/chat","Test":"TestChatArrowKeysNavigatePromptHistoryWhenTranscriptScrollable"}
{"Time":"2026-09-20T18:43:16.144639+10:00","Action":"output","Package":"github.com/ollama/ollama/cmd/tui/chat","Test":"TestChatArrowKeysNavigatePromptHistoryWhenTranscriptScrollable","Output":"=== RUN   TestChatArrowKeysNavigatePromptHistoryWhenTranscriptScrollable\n"}
{"Time":"2026-09-20T18:43:16.144876+10:00","Action":"output","Package":"github.com/ollama/ollama/cmd/tui/chat","Test":"TestChatArrowKeysNavigatePromptHistoryWhenTranscriptScrollable","Output":"--- PASS: TestChatArrowKeysNavigatePromptHistoryWhenTranscriptScrollable (0.00s)\n"}
{"Time":"2026-09-20T18:43:16.144911+10:00","Action":"pass","Package":"github.com/ollama/ollama/cmd/tui/chat","Test":"TestChatArrowKeysNavigatePromptHistoryWhenTranscriptScrollable","Elapsed":0}
{"Time":"2026-09-20T18:43:16.144931+10:00","Action":"run","Package":"github.com/ollama/ollama/cmd/tui/chat","Test":"TestEntriesFromMessagesSkipsToolCallOnlyAssistant"}
{"Time":"2026-09-20T18:43:16.144947+10:00","Action":"output","Package":"github.com/ollama/ollama/cmd/tui/chat","Test":"TestEntriesFromMessagesSkipsToolCallOnlyAssistant","Output":"=== RUN   TestEntriesFromMessagesSkipsToolCallOnlyAssistant\n"}
{"Time":"2026-09-20T18:43:16.144965+10:00","Action":"output","Package":"github.com/ollama/ollama/cmd/tui/chat","Test":"TestEntriesFromMessagesSkipsToolCallOnlyAssistant","Output":"--- PASS: TestEntriesFromMessagesSkipsToolCallOnlyAssistant (0.00s)\n"}
{"Time":"2026-09-20T18:43:16.144985+10:00","Action":"pass","Package":"github.com/ollama/ollama/cmd/tui/chat","Test":"TestEntriesFromMessagesSkipsToolCallOnlyAssistant","Elapsed":0}
{"Time":"2026-09-20T18:43:16.145001+10:00","Action":"run","Package":"github.com/ollama/ollama/cmd/tui/chat","Test":"TestToolActionPhraseLoadsSkills"}
{"Time":"2026-09-20T18:43:16.145019+10:00","Action":"output","Package":"github.com/ollama/ollama/cmd/tui/chat","Test":"TestToolActionPhraseLoadsSkills","Output":"=== RUN   TestToolActionPhraseLoadsSkills\n"}
{"Time":"2026-09-20T18:43:16.145036+10:00","Action":"output","Package":"github.com/ollama/ollama/cmd/tui/chat","Test":"TestToolActionPhraseLoadsSkills","Output":"--- PASS: TestToolActionPhraseLoadsSkills (0.00s)\n"}
{"Time":"2026-09-20T18:43:16.145055+10:00","Action":"pass","Package":"github.com/ollama/ollama/cmd/tui/chat","Test":"TestToolActionPhraseLoadsSkills","Elapsed":0}
{"Time":"2026-09-20T18:43:16.145074+10:00","Action":"run","Package":"github.com/ollama/ollama/cmd/tui/chat","Test":"TestEntriesFromMessagesRendersDeniedCommandAsDenied"}
{"Time":"2026-09-20T18:43:16.145093+10:00","Action":"output","Package":"github.com/ollama/ollama/cmd/tui/chat","Test":"TestEntriesFromMessagesRendersDeniedCommandAsDenied","Output":"=== RUN   TestEntriesFromMessagesRendersDeniedCommandAsDenied\n"}
{"Time":"2026-09-20T18:43:16.145116+10:00","Action":"output","Package":"github.com/ollama/ollama/cmd/tui/chat","Test":"TestEntriesFromMessagesRendersDeniedCommandAsDenied","Output":"--- PASS: TestEntriesFromMessagesRendersDeniedCommandAsDenied (0.00s)\n"}
{"Time":"2026-09-20T18:43:16.145134+10:00","Action":"pass","Package":"github.com/ollama/ollama/cmd/tui/chat","Test":"TestEntriesFromMessagesRendersDeniedCommandAsDenied","Elapsed":0}
{"Time":"2026-09-20T18:43:16.145154+10:00","Action":"run","Package":"github.com/ollama/ollama/cmd/tui/chat","Test":"TestEntriesFromMessagesRendersDisabledToolAsSkipped"}
{"Time":"2026-09-20T18:43:16.145185+10:00","Action":"output","Package":"github.com/ollama/ollama/cmd/tui/chat","Test":"TestEntriesFromMessagesRendersDisabledToolAsSkipped","Output":"=== RUN   TestEntriesFromMessagesRendersDisabledToolAsSkipped\n"}
{"Time":"2026-09-20T18:43:16.145201+10:00","Action":"output","Package":"github.com/ollama/ollama/cmd/tui/chat","Test":"TestEntriesFromMessagesRendersDisabledToolAsSkipped","Output":"--- PASS: TestEntriesFromMessagesRendersDisabledToolAsSkipped (0.00s)\n"}
{"Time":"2026-09-20T18:43:16.145215+10:00","Action":"pass","Package":"github.com/ollama/ollama/cmd/tui/chat","Test":"TestEntriesFromMessagesRendersDisabledToolAsSkipped","Elapsed":0}
{"Time":"2026-09-20T18:43:16.145232+10:00","Action":"run","Package":"github.com/ollama/ollama/cmd/tui/chat","Test":"TestEntriesFromMessagesRendersCompactionSummaryCollapsed"}
{"Time":"2026-09-20T18:43:16.14526+10:00","Action":"output","Package":"github.com/ollama/ollama/cmd/tui/chat","Test":"TestEntriesFromMessagesRendersCompactionSummaryCollapsed","Output":"=== RUN   TestEntriesFromMessagesRendersCompactionSummaryCollapsed\n"}
{"Time":"2026-09-20T18:43:16.145278+10:00","Action":"output","Package":"github.com/ollama/ollama/cmd/tui/chat","Test":"TestEntriesFromMessagesRendersCompactionSummaryCollapsed","Output":"--- PASS: TestEntriesFromMessagesRendersCompactionSummaryCollapsed (0.00s)\n"}
{"Time":"2026-09-20T18:43:16.145297+10:00","Action":"pass","Package":"github.com/ollama/ollama/cmd/tui/chat","Test":"TestEntriesFromMessagesRendersCompactionSummaryCollapsed","Elapsed":0}
{"Time":"2026-09-20T18:43:16.145317+10:00","Action":"run","Package":"github.com/ollama/ollama/cmd/tui/chat","Test":"TestEntriesFromMessagesHidesAutomaticCompactionInstruction"}
{"Time":"2026-09-20T18:43:16.145337+10:00","Action":"output","Package":"github.com/ollama/ollama/cmd/tui/chat","Test":"TestEntriesFromMessagesHidesAutomaticCompactionInstruction","Output":"=== RUN   TestEntriesFromMessagesHidesAutomaticCompactionInstruction\n"}
{"Time":"2026-09-20T18:43:16.145356+10:00","Action":"output","Package":"github.com/ollama/ollama/cmd/tui/chat","Test":"TestEntriesFromMessagesHidesAutomaticCompactionInstruction","Output":"--- PASS: TestEntriesFromMessagesHidesAutomaticCompactionInstruction (0.00s)\n"}
{"Time":"2026-09-20T18:43:16.145374+10:00","Action":"pass","Package":"github.com/ollama/ollama/cmd/tui/chat","Test":"TestEntriesFromMessagesHidesAutomaticCompactionInstruction","Elapsed":0}
{"Time":"2026-09-20T18:43:16.14539+10:00","Action":"run","Package":"github.com/ollama/ollama/cmd/tui/chat","Test":"TestEntriesFromMessagesRecognizesLegacySystemCompactionSummary"}
{"Time":"2026-09-20T18:43:16.145406+10:00","Action":"output","Package":"github.com/ollama/ollama/cmd/tui/chat","Test":"TestEntriesFromMessagesRecognizesLegacySystemCompactionSummary","Output":"=== RUN   TestEntriesFromMessagesRecognizesLegacySystemCompactionSummary\n"}
{"Time":"2026-09-20T18:43:16.145424+10:00","Action":"output","Package":"github.com/ollama/ollama/cmd/tui/chat","Test":"TestEntriesFromMessagesRecognizesLegacySystemCompactionSummary","Output":"--- PASS: TestEntriesFromMessagesRecognizesLegacySystemCompactionSummary (0.00s)\n"}
{"Time":"2026-09-20T18:43:16.145442+10:00","Action":"pass","Package":"github.com/ollama/ollama/cmd/tui/chat","Test":"TestEntriesFromMessagesRecognizesLegacySystemCompactionSummary","Elapsed":0}
{"Time":"2026-09-20T18:43:16.145458+10:00","Action":"run","Package":"github.com/ollama/ollama/cmd/tui/chat","Test":"TestEntriesFromMessagesGroupsMultiToolHistoryInMiddle"}
{"Time":"2026-09-20T18:43:16.145475+10:00","Action":"output","Package":"github.com/ollama/ollama/cmd/tui/chat","Test":"TestEntriesFromMessagesGroupsMultiToolHistoryInMiddle","Output":"=== RUN   TestEntriesFromMessagesGroupsMultiToolHistoryInMiddle\n"}
{"Time":"2026-09-20T18:43:16.145493+10:00","Action":"output","Package":"github.com/ollama/ollama/cmd/tui/chat","Test":"TestEntriesFromMessagesGroupsMultiToolHistoryInMiddle","Output":"--- PASS: TestEntriesFromMessagesGroupsMultiToolHistoryInMiddle (0.00s)\n"}
{"Time":"2026-09-20T18:43:16.145618+10:00","Action":"pass","Package":"github.com/ollama/ollama/cmd/tui/chat","Test":"TestEntriesFromMessagesGroupsMultiToolHistoryInMiddle","Elapsed":0}
{"Time":"2026-09-20T18:43:16.145646+10:00","Action":"run","Package":"github.com/ollama/ollama/cmd/tui/chat","Test":"TestChatToolCallDetectedDoesNotRenderQueuedRows"}
{"Time":"2026-09-20T18:43:16.145667+10:00","Action":"output","Package":"github.com/ollama/ollama/cmd/tui/chat","Test":"TestChatToolCallDetectedDoesNotRenderQueuedRows","Output":"=== RUN   TestChatToolCallDetectedDoesNotRenderQueuedRows\n"}
{"Time":"2026-09-20T18:43:16.145689+10:00","Action":"output","Package":"github.com/ollama/ollama/cmd/tui/chat","Test":"TestChatToolCallDetectedDoesNotRenderQueuedRows","Output":"--- PASS: TestChatToolCallDetectedDoesNotRenderQueuedRows (0.00s)\n"}
{"Time":"2026-09-20T18:43:16.145708+10:00","Action":"pass","Package":"github.com/ollama/ollama/cmd/tui/chat","Test":"TestChatToolCallDetectedDoesNotRenderQueuedRows","Elapsed":0}
{"Time":"2026-09-20T18:43:16.145727+10:00","Action":"run","Package":"github.com/ollama/ollama/cmd/tui/chat","Test":"TestChatToolOutputIsHiddenUntilExpanded"}
{"Time":"2026-09-20T18:43:16.145746+10:00","Action":"output","Package":"github.com/ollama/ollama/cmd/tui/chat","Test":"TestChatToolOutputIsHiddenUntilExpanded","Output":"=== RUN   TestChatToolOutputIsHiddenUntilExpanded\n"}
{"Time":"2026-09-20T18:43:16.146595+10:00","Action":"output","Package":"github.com/ollama/ollama/cmd/tui/chat","Test":"TestChatToolOutputIsHiddenUntilExpanded","Output":"--- PASS: TestChatToolOutputIsHiddenUntilExpanded (0.00s)\n"}
{"Time":"2026-09-20T18:43:16.146628+10:00","Action":"pass","Package":"github.com/ollama/ollama/cmd/tui/chat","Test":"TestChatToolOutputIsHiddenUntilExpanded","Elapsed":0}
{"Time":"2026-09-20T18:43:16.146652+10:00","Action":"run","Package":"github.com/ollama/ollama/cmd/tui/chat","Test":"TestChatCompletedToolsGroupWhenNextStepStarts"}
{"Time":"2026-09-20T18:43:16.146666+10:00","Action":"output","Package":"github.com/ollama/ollama/cmd/tui/chat","Test":"TestChatCompletedToolsGroupWhenNextStepStarts","Output":"=== RUN   TestChatCompletedToolsGroupWhenNextStepStarts\n"}
{"Time":"2026-09-20T18:43:16.14668+10:00","Action":"output","Package":"github.com/ollama/ollama/cmd/tui/chat","Test":"TestChatCompletedToolsGroupWhenNextStepStarts","Output":"--- PASS: TestChatCompletedToolsGroupWhenNextStepStarts (0.00s)\n"}
{"Time":"2026-09-20T18:43:16.146693+10:00","Action":"pass","Package":"github.com/ollama/ollama/cmd/tui/chat","Test":"TestChatCompletedToolsGroupWhenNextStepStarts","Elapsed":0}
{"Time":"2026-09-20T18:43:16.146708+10:00","Action":"run","Package":"github.com/ollama/ollama/cmd/tui/chat","Test":"TestChatCompletedToolsGroupAcrossEmptyAssistantEntries"}
{"Time":"2026-09-20T18:43:16.146726+10:00","Action":"output","Package":"github.com/ollama/ollama/cmd/tui/chat","Test":"TestChatCompletedToolsGroupAcrossEmptyAssistantEntries","Output":"=== RUN   TestChatCompletedToolsGroupAcrossEmptyAssistantEntries\n"}
{"Time":"2026-09-20T18:43:16.146739+10:00","Action":"output","Package":"github.com/ollama/ollama/cmd/tui/chat","Test":"TestChatCompletedToolsGroupAcrossEmptyAssistantEntries","Output":"--- PASS: TestChatCompletedToolsGroupAcrossEmptyAssistantEntries (0.00s)\n"}
{"Time":"2026-09-20T18:43:16.146754+10:00","Action":"pass","Package":"github.com/ollama/ollama/cmd/tui/chat","Test":"TestChatCompletedToolsGroupAcrossEmptyAssistantEntries","Elapsed":0}
{"Time":"2026-09-20T18:43:16.146767+10:00","Action":"run","Package":"github.com/ollama/ollama/cmd/tui/chat","Test":"TestChatCompletedToolsGroupAcrossCollapsedThinking"}
{"Time":"2026-09-20T18:43:16.146779+10:00","Action":"output","Package":"github.com/ollama/ollama/cmd/tui/chat","Test":"TestChatCompletedToolsGroupAcrossCollapsedThinking","Output":"=== RUN   TestChatCompletedToolsGroupAcrossCollapsedThinking\n"}
{"Time":"2026-09-20T18:43:16.146797+10:00","Action":"output","Package":"github.com/ollama/ollama/cmd/tui/chat","Test":"TestChatCompletedToolsGroupAcrossCollapsedThinking","Output":"--- PASS: TestChatCompletedToolsGroupAcrossCollapsedThinking (0.00s)\n"}
{"Time":"2026-09-20T18:43:16.146813+10:00","Action":"pass","Package":"github.com/ollama/ollama/cmd/tui/chat","Test":"TestChatCompletedToolsGroupAcrossCollapsedThinking","Elapsed":0}
{"Time":"2026-09-20T18:43:16.146836+10:00","Action":"run","Package":"github.com/ollama/ollama/cmd/tui/chat","Test":"TestChatCtrlOTogglesInlineToolOutput"}
{"Time":"2026-09-20T18:43:16.146853+10:00","Action":"output","Package":"github.com/ollama/ollama/cmd/tui/chat","Test":"TestChatCtrlOTogglesInlineToolOutput","Output":"=== RUN   TestChatCtrlOTogglesInlineToolOutput\n"}
{"Time":"2026-09-20T18:43:16.146884+10:00","Action":"output","Package":"github.com/ollama/ollama/cmd/tui/chat","Test":"TestChatCtrlOTogglesInlineToolOutput","Output":"--- PASS: TestChatCtrlOTogglesInlineToolOutput (0.00s)\n"}
{"Time":"2026-09-20T18:43:16.146904+10:00","Action":"pass","Package":"github.com/ollama/ollama/cmd/tui/chat","Test":"TestChatCtrlOTogglesInlineToolOutput","Elapsed":0}
{"Time":"2026-09-20T18:43:16.146922+10:00","Action":"run","Package":"github.com/ollama/ollama/cmd/tui/chat","Test":"TestChatCtrlOTogglesInlineOutput"}
{"Time":"2026-09-20T18:43:16.146946+10:00","Action":"output","Package":"github.com/ollama/ollama/cmd/tui/chat","Test":"TestChatCtrlOTogglesInlineOutput","Output":"=== RUN   TestChatCtrlOTogglesInlineOutput\n"}
{"Time":"2026-09-20T18:43:16.147118+10:00","Action":"output","Package":"github.com/ollama/ollama/cmd/tui/chat","Test":"TestChatCtrlOTogglesInlineOutput","Output":"--- PASS: TestChatCtrlOTogglesInlineOutput (0.00s)\n"}
{"Time":"2026-09-20T18:43:16.147182+10:00","Action":"pass","Package":"github.com/ollama/ollama/cmd/tui/chat","Test":"TestChatCtrlOTogglesInlineOutput","Elapsed":0}
{"Time":"2026-09-20T18:43:16.147205+10:00","Action":"run","Package":"github.com/ollama/ollama/cmd/tui/chat","Test":"TestChatCtrlODoesNotExpandThinking"}
{"Time":"2026-09-20T18:43:16.147224+10:00","Action":"output","Package":"github.com/ollama/ollama/cmd/tui/chat","Test":"TestChatCtrlODoesNotExpandThinking","Output":"=== RUN   TestChatCtrlODoesNotExpandThinking\n"}
{"Time":"2026-09-20T18:43:16.147248+10:00","Action":"output","Package":"github.com/ollama/ollama/cmd/tui/chat","Test":"TestChatCtrlODoesNotExpandThinking","Output":"--- PASS: TestChatCtrlODoesNotExpandThinking (0.00s)\n"}
{"Time":"2026-09-20T18:43:16.147272+10:00","Action":"pass","Package":"github.com/ollama/ollama/cmd/tui/chat","Test":"TestChatCtrlODoesNotExpandThinking","Elapsed":0}
{"Time":"2026-09-20T18:43:16.147299+10:00","Action":"run","Package":"github.com/ollama/ollama/cmd/tui/chat","Test":"TestChatCtrlOCollapseKeepsInputPromptVisible"}
{"Time":"2026-09-20T18:43:16.147318+10:00","Action":"output","Package":"github.com/ollama/ollama/cmd/tui/chat","Test":"TestChatCtrlOCollapseKeepsInputPromptVisible","Output":"=== RUN   TestChatCtrlOCollapseKeepsInputPromptVisible\n"}
{"Time":"2026-09-20T18:43:16.147739+10:00","Action":"output","Package":"github.com/ollama/ollama/cmd/tui/chat","Test":"TestChatCtrlOCollapseKeepsInputPromptVisible","Output":"--- PASS: TestChatCtrlOCollapseKeepsInputPromptVisible (0.00s)\n"}
{"Time":"2026-09-20T18:43:16.147776+10:00","Action":"pass","Package":"github.com/ollama/ollama/cmd/tui/chat","Test":"TestChatCtrlOCollapseKeepsInputPromptVisible","Elapsed":0}
{"Time":"2026-09-20T18:43:16.147797+10:00","Action":"run","Package":"github.com/ollama/ollama/cmd/tui/chat","Test":"TestChatCtrlOShowsRunningToolOutputInline"}
{"Time":"2026-09-20T18:43:16.147818+10:00","Action":"output","Package":"github.com/ollama/ollama/cmd/tui/chat","Test":"TestChatCtrlOShowsRunningToolOutputInline","Output":"=== RUN   TestChatCtrlOShowsRunningToolOutputInline\n"}
{"Time":"2026-09-20T18:43:16.148731+10:00","Action":"output","Package":"github.com/ollama/ollama/cmd/tui/chat","Test":"TestChatCtrlOShowsRunningToolOutputInline","Output":"--- PASS: TestChatCtrlOShowsRunningToolOutputInline (0.00s)\n"}
{"Time":"2026-09-20T18:43:16.148776+10:00","Action":"pass","Package":"github.com/ollama/ollama/cmd/tui/chat","Test":"TestChatCtrlOShowsRunningToolOutputInline","Elapsed":0}
{"Time":"2026-09-20T18:43:16.148796+10:00","Action":"run","Package":"github.com/ollama/ollama/cmd/tui/chat","Test":"TestChatLongCommandLabelTruncatesAndCtrlOShowsFullCommand"}
{"Time":"2026-09-20T18:43:16.148813+10:00","Action":"output","Package":"github.com/ollama/ollama/cmd/tui/chat","Test":"TestChatLongCommandLabelTruncatesAndCtrlOShowsFullCommand","Output":"=== RUN   TestChatLongCommandLabelTruncatesAndCtrlOShowsFullCommand\n"}
{"Time":"2026-09-20T18:43:16.14939+10:00","Action":"output","Package":"github.com/ollama/ollama/cmd/tui/chat","Test":"TestChatLongCommandLabelTruncatesAndCtrlOShowsFullCommand","Output":"--- PASS: TestChatLongCommandLabelTruncatesAndCtrlOShowsFullCommand (0.00s)\n"}
{"Time":"2026-09-20T18:43:16.149472+10:00","Action":"pass","Package":"github.com/ollama/ollama/cmd/tui/chat","Test":"TestChatLongCommandLabelTruncatesAndCtrlOShowsFullCommand","Elapsed":0}
{"Time":"2026-09-20T18:43:16.149491+10:00","Action":"run","Package":"github.com/ollama/ollama/cmd/tui/chat","Test":"TestChatCtrlOInlineOutputSurvivesToolGrouping"}
{"Time":"2026-09-20T18:43:16.149509+10:00","Action":"output","Package":"github.com/ollama/ollama/cmd/tui/chat","Test":"TestChatCtrlOInlineOutputSurvivesToolGrouping","Output":"=== RUN   TestChatCtrlOInlineOutputSurvivesToolGrouping\n"}
{"Time":"2026-09-20T18:43:16.150233+10:00","Action":"output","Package":"github.com/ollama/ollama/cmd/tui/chat","Test":"TestChatCtrlOInlineOutputSurvivesToolGrouping","Output":"--- PASS: TestChatCtrlOInlineOutputSurvivesToolGrouping (0.00s)\n"}
{"Time":"2026-09-20T18:43:16.150287+10:00","Action":"pass","Package":"github.com/ollama/ollama/cmd/tui/chat","Test":"TestChatCtrlOInlineOutputSurvivesToolGrouping","Elapsed":0}
{"Time":"2026-09-20T18:43:16.15031+10:00","Action":"run","Package":"github.com/ollama/ollama/cmd/tui/chat","Test":"TestChatExpandedToolGroupRendersIndentedToolBlocks"}
{"Time":"2026-09-20T18:43:16.150325+10:00","Action":"output","Package":"github.com/ollama/ollama/cmd/tui/chat","Test":"TestChatExpandedToolGroupRendersIndentedToolBlocks","Output":"=== RUN   TestChatExpandedToolGroupRendersIndentedToolBlocks\n"}
{"Time":"2026-09-20T18:43:16.150341+10:00","Action":"output","Package":"github.com/ollama/ollama/cmd/tui/chat","Test":"TestChatExpandedToolGroupRendersIndentedToolBlocks","Output":"--- PASS: TestChatExpandedToolGroupRendersIndentedToolBlocks (0.00s)\n"}
{"Time":"2026-09-20T18:43:16.150359+10:00","Action":"pass","Package":"github.com/ollama/ollama/cmd/tui/chat","Test":"TestChatExpandedToolGroupRendersIndentedToolBlocks","Elapsed":0}
{"Time":"2026-09-20T18:43:16.150378+10:00","Action":"run","Package":"github.com/ollama/ollama/cmd/tui/chat","Test":"TestChatExpandedToolGroupCapsChildOutput"}
{"Time":"2026-09-20T18:43:16.150398+10:00","Action":"output","Package":"github.com/ollama/ollama/cmd/tui/chat","Test":"TestChatExpandedToolGroupCapsChildOutput","Output":"=== RUN   TestChatExpandedToolGroupCapsChildOutput\n"}
{"Time":"2026-09-20T18:43:16.15042+10:00","Action":"output","Package":"github.com/ollama/ollama/cmd/tui/chat","Test":"TestChatExpandedToolGroupCapsChildOutput","Output":"--- PASS: TestChatExpandedToolGroupCapsChildOutput (0.00s)\n"}
{"Time":"2026-09-20T18:43:16.15044+10:00","Action":"pass","Package":"github.com/ollama/ollama/cmd/tui/chat","Test":"TestChatExpandedToolGroupCapsChildOutput","Elapsed":0}
{"Time":"2026-09-20T18:43:16.150459+10:00","Action":"run","Package":"github.com/ollama/ollama/cmd/tui/chat","Test":"TestChatToolGroupStatusOmitsResultCounts"}
{"Time":"2026-09-20T18:43:16.150478+10:00","Action":"output","Package":"github.com/ollama/ollama/cmd/tui/chat","Test":"TestChatToolGroupStatusOmitsResultCounts","Output":"=== RUN   TestChatToolGroupStatusOmitsResultCounts\n"}
{"Time":"2026-09-20T18:43:16.150504+10:00","Action":"output","Package":"github.com/ollama/ollama/cmd/tui/chat","Test":"TestChatToolGroupStatusOmitsResultCounts","Output":"--- PASS: TestChatToolGroupStatusOmitsResultCounts (0.00s)\n"}
{"Time":"2026-09-20T18:43:16.150539+10:00","Action":"pass","Package":"github.com/ollama/ollama/cmd/tui/chat","Test":"TestChatToolGroupStatusOmitsResultCounts","Elapsed":0}
{"Time":"2026-09-20T18:43:16.150564+10:00","Action":"run","Package":"github.com/ollama/ollama/cmd/tui/chat","Test":"TestChatToolGroupStatusShowsAllSuccessCount"}
{"Time":"2026-09-20T18:43:16.150583+10:00","Action":"output","Package":"github.com/ollama/ollama/cmd/tui/chat","Test":"TestChatToolGroupStatusShowsAllSuccessCount","Output":"=== RUN   TestChatToolGroupStatusShowsAllSuccessCount\n"}
{"Time":"2026-09-20T18:43:16.150602+10:00","Action":"output","Package":"github.com/ollama/ollama/cmd/tui/chat","Test":"TestChatToolGroupStatusShowsAllSuccessCount","Output":"--- PASS: TestChatToolGroupStatusShowsAllSuccessCount (0.00s)\n"}
{"Time":"2026-09-20T18:43:16.150623+10:00","Action":"pass","Package":"github.com/ollama/ollama/cmd/tui/chat","Test":"TestChatToolGroupStatusShowsAllSuccessCount","Elapsed":0}
{"Time":"2026-09-20T18:43:16.15065+10:00","Action":"run","Package":"github.com/ollama/ollama/cmd/tui/chat","Test":"TestChatToolGroupStatusRecomputesCachedLabel"}
{"Time":"2026-09-20T18:43:16.15067+10:00","Action":"output","Package":"github.com/ollama/ollama/cmd/tui/chat","Test":"TestChatToolGroupStatusRecomputesCachedLabel","Output":"=== RUN   TestChatToolGroupStatusRecomputesCachedLabel\n"}
{"Time":"2026-09-20T18:43:16.15069+10:00","Action":"output","Package":"github.com/ollama/ollama/cmd/tui/chat","Test":"TestChatToolGroupStatusRecomputesCachedLabel","Output":"--- PASS: TestChatToolGroupStatusRecomputesCachedLabel (0.00s)\n"}
{"Time":"2026-09-20T18:43:16.150712+10:00","Action":"pass","Package":"github.com/ollama/ollama/cmd/tui/chat","Test":"TestChatToolGroupStatusRecomputesCachedLabel","Elapsed":0}
{"Time":"2026-09-20T18:43:16.150731+10:00","Action":"run","Package":"github.com/ollama/ollama/cmd/tui/chat","Test":"TestChatToolGroupStatusKeepsHiddenDetectedCount"}
{"Time":"2026-09-20T18:43:16.150745+10:00","Action":"output","Package":"github.com/ollama/ollama/cmd/tui/chat","Test":"TestChatToolGroupStatusKeepsHiddenDetectedCount","Output":"=== RUN   TestChatToolGroupStatusKeepsHiddenDetectedCount\n"}
{"Time":"2026-09-20T18:43:16.150776+10:00","Action":"output","Package":"github.com/ollama/ollama/cmd/tui/chat","Test":"TestChatToolGroupStatusKeepsHiddenDetectedCount","Output":"--- PASS: TestChatToolGroupStatusKeepsHiddenDetectedCount (0.00s)\n"}
{"Time":"2026-09-20T18:43:16.150796+10:00","Action":"pass","Package":"github.com/ollama/ollama/cmd/tui/chat","Test":"TestChatToolGroupStatusKeepsHiddenDetectedCount","Elapsed":0}
{"Time":"2026-09-20T18:43:16.150817+10:00","Action":"run","Package":"github.com/ollama/ollama/cmd/tui/chat","Test":"TestChatToolOutputRendersUnifiedDiff"}
{"Time":"2026-09-20T18:43:16.150836+10:00","Action":"output","Package":"github.com/ollama/ollama/cmd/tui/chat","Test":"TestChatToolOutputRendersUnifiedDiff","Output":"=== RUN   TestChatToolOutputRendersUnifiedDiff\n"}
{"Time":"2026-09-20T18:43:16.150857+10:00","Action":"output","Package":"github.com/ollama/ollama/cmd/tui/chat","Test":"TestChatToolOutputRendersUnifiedDiff","Output":"--- PASS: TestChatToolOutputRendersUnifiedDiff (0.00s)\n"}
{"Time":"2026-09-20T18:43:16.151178+10:00","Action":"pass","Package":"github.com/ollama/ollama/cmd/tui/chat","Test":"TestChatToolOutputRendersUnifiedDiff","Elapsed":0}
{"Time":"2026-09-20T18:43:16.151262+10:00","Action":"run","Package":"github.com/ollama/ollama/cmd/tui/chat","Test":"TestChatToolCallRendersPrettyInvocationAndResult"}
{"Time":"2026-09-20T18:43:16.151292+10:00","Action":"output","Package":"github.com/ollama/ollama/cmd/tui/chat","Test":"TestChatToolCallRendersPrettyInvocationAndResult","Output":"=== RUN   TestChatToolCallRendersPrettyInvocationAndResult\n"}
{"Time":"2026-09-20T18:43:16.151318+10:00","Action":"output","Package":"github.com/ollama/ollama/cmd/tui/chat","Test":"TestChatToolCallRendersPrettyInvocationAndResult","Output":"--- PASS: TestChatToolCallRendersPrettyInvocationAndResult (0.00s)\n"}
{"Time":"2026-09-20T18:43:16.151336+10:00","Action":"pass","Package":"github.com/ollama/ollama/cmd/tui/chat","Test":"TestChatToolCallRendersPrettyInvocationAndResult","Elapsed":0}
{"Time":"2026-09-20T18:43:16.151778+10:00","Action":"run","Package":"github.com/ollama/ollama/cmd/tui/chat","Test":"TestChatToolOutputHidesInternalTruncationMarker"}
{"Time":"2026-09-20T18:43:16.15181+10:00","Action":"output","Package":"github.com/ollama/ollama/cmd/tui/chat","Test":"TestChatToolOutputHidesInternalTruncationMarker","Output":"=== RUN   TestChatToolOutputHidesInternalTruncationMarker\n"}
{"Time":"2026-09-20T18:43:16.15183+10:00","Action":"output","Package":"github.com/ollama/ollama/cmd/tui/chat","Test":"TestChatToolOutputHidesInternalTruncationMarker","Output":"--- PASS: TestChatToolOutputHidesInternalTruncationMarker (0.00s)\n"}
{"Time":"2026-09-20T18:43:16.151848+10:00","Action":"pass","Package":"github.com/ollama/ollama/cmd/tui/chat","Test":"TestChatToolOutputHidesInternalTruncationMarker","Elapsed":0}
{"Time":"2026-09-20T18:43:16.151865+10:00","Action":"run","Package":"github.com/ollama/ollama/cmd/tui/chat","Test":"TestChatRenderTranscriptCachesEntryLinesUntilDirty"}
{"Time":"2026-09-20T18:43:16.151884+10:00","Action":"output","Package":"github.com/ollama/ollama/cmd/tui/chat","Test":"TestChatRenderTranscriptCachesEntryLinesUntilDirty","Output":"=== RUN   TestChatRenderTranscriptCachesEntryLinesUntilDirty\n"}
{"Time":"2026-09-20T18:43:16.151905+10:00","Action":"output","Package":"github.com/ollama/ollama/cmd/tui/chat","Test":"TestChatRenderTranscriptCachesEntryLinesUntilDirty","Output":"--- PASS: TestChatRenderTranscriptCachesEntryLinesUntilDirty (0.00s)\n"}
{"Time":"2026-09-20T18:43:16.151922+10:00","Action":"pass","Package":"github.com/ollama/ollama/cmd/tui/chat","Test":"TestChatRenderTranscriptCachesEntryLinesUntilDirty","Elapsed":0}
{"Time":"2026-09-20T18:43:16.151941+10:00","Action":"run","Package":"github.com/ollama/ollama/cmd/tui/chat","Test":"TestWrapChatTextSplitsLongLines"}
{"Time":"2026-09-20T18:43:16.151956+10:00","Action":"output","Package":"github.com/ollama/ollama/cmd/tui/chat","Test":"TestWrapChatTextSplitsLongLines","Output":"=== RUN   TestWrapChatTextSplitsLongLines\n"}
{"Time":"2026-09-20T18:43:16.151973+10:00","Action":"output","Package":"github.com/ollama/ollama/cmd/tui/chat","Test":"TestWrapChatTextSplitsLongLines","Output":"--- PASS: TestWrapChatTextSplitsLongLines (0.00s)\n"}
{"Time":"2026-09-20T18:43:16.151987+10:00","Action":"pass","Package":"github.com/ollama/ollama/cmd/tui/chat","Test":"TestWrapChatTextSplitsLongLines","Elapsed":0}
{"Time":"2026-09-20T18:43:16.152005+10:00","Action":"run","Package":"github.com/ollama/ollama/cmd/tui/chat","Test":"TestWrapChatTextUsesDisplayWidth"}
{"Time":"2026-09-20T18:43:16.152023+10:00","Action":"output","Package":"github.com/ollama/ollama/cmd/tui/chat","Test":"TestWrapChatTextUsesDisplayWidth","Output":"=== RUN   TestWrapChatTextUsesDisplayWidth\n"}
{"Time":"2026-09-20T18:43:16.152042+10:00","Action":"output","Package":"github.com/ollama/ollama/cmd/tui/chat","Test":"TestWrapChatTextUsesDisplayWidth","Output":"--- PASS: TestWrapChatTextUsesDisplayWidth (0.00s)\n"}
{"Time":"2026-09-20T18:43:16.152122+10:00","Action":"pass","Package":"github.com/ollama/ollama/cmd/tui/chat","Test":"TestWrapChatTextUsesDisplayWidth","Elapsed":0}
{"Time":"2026-09-20T18:43:16.152141+10:00","Action":"run","Package":"github.com/ollama/ollama/cmd/tui/chat","Test":"TestRenderMarkdownTableWrapsLongCells"}
{"Time":"2026-09-20T18:43:16.152159+10:00","Action":"output","Package":"github.com/ollama/ollama/cmd/tui/chat","Test":"TestRenderMarkdownTableWrapsLongCells","Output":"=== RUN   TestRenderMarkdownTableWrapsLongCells\n"}
{"Time":"2026-09-20T18:43:16.152181+10:00","Action":"output","Package":"github.com/ollama/ollama/cmd/tui/chat","Test":"TestRenderMarkdownTableWrapsLongCells","Output":"--- PASS: TestRenderMarkdownTableWrapsLongCells (0.00s)\n"}
{"Time":"2026-09-20T18:43:16.152199+10:00","Action":"pass","Package":"github.com/ollama/ollama/cmd/tui/chat","Test":"TestRenderMarkdownTableWrapsLongCells","Elapsed":0}
{"Time":"2026-09-20T18:43:16.152215+10:00","Action":"run","Package":"github.com/ollama/ollama/cmd/tui/chat","Test":"TestRenderMarkdownProseWithPipeExamplesIsNotTable"}
{"Time":"2026-09-20T18:43:16.152233+10:00","Action":"output","Package":"github.com/ollama/ollama/cmd/tui/chat","Test":"TestRenderMarkdownProseWithPipeExamplesIsNotTable","Output":"=== RUN   TestRenderMarkdownProseWithPipeExamplesIsNotTable\n"}
{"Time":"2026-09-20T18:43:16.152248+10:00","Action":"output","Package":"github.com/ollama/ollama/cmd/tui/chat","Test":"TestRenderMarkdownProseWithPipeExamplesIsNotTable","Output":"--- PASS: TestRenderMarkdownProseWithPipeExamplesIsNotTable (0.00s)\n"}
{"Time":"2026-09-20T18:43:16.152262+10:00","Action":"pass","Package":"github.com/ollama/ollama/cmd/tui/chat","Test":"TestRenderMarkdownProseWithPipeExamplesIsNotTable","Elapsed":0}
{"Time":"2026-09-20T18:43:16.15228+10:00","Action":"run","Package":"github.com/ollama/ollama/cmd/tui/chat","Test":"TestRenderMarkdownTablePreservesValidSeparator"}
{"Time":"2026-09-20T18:43:16.152297+10:00","Action":"output","Package":"github.com/ollama/ollama/cmd/tui/chat","Test":"TestRenderMarkdownTablePreservesValidSeparator","Output":"=== RUN   TestRenderMarkdownTablePreservesValidSeparator\n"}
{"Time":"2026-09-20T18:43:16.152315+10:00","Action":"output","Package":"github.com/ollama/ollama/cmd/tui/chat","Test":"TestRenderMarkdownTablePreservesValidSeparator","Output":"--- PASS: TestRenderMarkdownTablePreservesValidSeparator (0.00s)\n"}
{"Time":"2026-09-20T18:43:16.152334+10:00","Action":"pass","Package":"github.com/ollama/ollama/cmd/tui/chat","Test":"TestRenderMarkdownTablePreservesValidSeparator","Elapsed":0}
{"Time":"2026-09-20T18:43:16.15235+10:00","Action":"output","Package":"github.com/ollama/ollama/cmd/tui/chat","Output":"PASS\n"}
{"Time":"2026-09-20T18:43:16.152838+10:00","Action":"output","Package":"github.com/ollama/ollama/cmd/tui/chat","Output":"ok  \tgithub.com/ollama/ollama/cmd/tui/chat\t1.553s\n"}
{"Time":"2026-09-20T18:43:16.152878+10:00","Action":"pass","Package":"github.com/ollama/ollama/cmd/tui/chat","Elapsed":1.553}
{"Time":"2026-09-20T18:43:16.165132+10:00","Action":"output","Package":"github.com/ollama/ollama/app/store","Test":"TestCloudDisabled/invalid_config_is_ignored","Output":"--- PASS: TestCloudDisabled/invalid_config_is_ignored (0.02s)\n"}
{"Time":"2026-09-20T18:43:16.165249+10:00","Action":"pass","Package":"github.com/ollama/ollama/app/store","Test":"TestCloudDisabled/invalid_config_is_ignored","Elapsed":0.02}
{"Time":"2026-09-20T18:43:16.165275+10:00","Action":"output","Package":"github.com/ollama/ollama/app/store","Test":"TestCloudDisabled","Output":"--- PASS: TestCloudDisabled (0.14s)\n"}
{"Time":"2026-09-20T18:43:16.165291+10:00","Action":"pass","Package":"github.com/ollama/ollama/app/store","Test":"TestCloudDisabled","Elapsed":0.14}
{"Time":"2026-09-20T18:43:16.16532+10:00","Action":"run","Package":"github.com/ollama/ollama/app/store","Test":"TestSetCloudEnabled"}
{"Time":"2026-09-20T18:43:16.165343+10:00","Action":"output","Package":"github.com/ollama/ollama/app/store","Test":"TestSetCloudEnabled","Output":"=== RUN   TestSetCloudEnabled\n"}
{"Time":"2026-09-20T18:43:16.191645+10:00","Action":"output","Package":"github.com/ollama/ollama/app/store","Test":"TestSetCloudEnabled","Output":"--- PASS: TestSetCloudEnabled (0.03s)\n"}
{"Time":"2026-09-20T18:43:16.191971+10:00","Action":"pass","Package":"github.com/ollama/ollama/app/store","Test":"TestSetCloudEnabled","Elapsed":0.03}
{"Time":"2026-09-20T18:43:16.191993+10:00","Action":"run","Package":"github.com/ollama/ollama/app/store","Test":"TestSchemaMigrations"}
{"Time":"2026-09-20T18:43:16.192035+10:00","Action":"output","Package":"github.com/ollama/ollama/app/store","Test":"TestSchemaMigrations","Output":"=== RUN   TestSchemaMigrations\n"}
{"Time":"2026-09-20T18:43:16.192097+10:00","Action":"run","Package":"github.com/ollama/ollama/app/store","Test":"TestSchemaMigrations/schema_comparison_after_migration"}
{"Time":"2026-09-20T18:43:16.192123+10:00","Action":"output","Package":"github.com/ollama/ollama/app/store","Test":"TestSchemaMigrations/schema_comparison_after_migration","Output":"=== RUN   TestSchemaMigrations/schema_comparison_after_migration\n"}
{"Time":"2026-09-20T18:43:16.251102+10:00","Action":"output","Package":"github.com/ollama/ollama/app/store","Test":"TestSchemaMigrations/schema_comparison_after_migration","Output":"--- PASS: TestSchemaMigrations/schema_comparison_after_migration (0.06s)\n"}
{"Time":"2026-09-20T18:43:16.251169+10:00","Action":"pass","Package":"github.com/ollama/ollama/app/store","Test":"TestSchemaMigrations/schema_comparison_after_migration","Elapsed":0.06}
{"Time":"2026-09-20T18:43:16.251189+10:00","Action":"run","Package":"github.com/ollama/ollama/app/store","Test":"TestSchemaMigrations/idempotent_migrations"}
{"Time":"2026-09-20T18:43:16.251206+10:00","Action":"output","Package":"github.com/ollama/ollama/app/store","Test":"TestSchemaMigrations/idempotent_migrations","Output":"=== RUN   TestSchemaMigrations/idempotent_migrations\n"}
{"Time":"2026-09-20T18:43:16.308837+10:00","Action":"output","Package":"github.com/ollama/ollama/app/store","Test":"TestSchemaMigrations/idempotent_migrations","Output":"--- PASS: TestSchemaMigrations/idempotent_migrations (0.06s)\n"}
{"Time":"2026-09-20T18:43:16.308901+10:00","Action":"pass","Package":"github.com/ollama/ollama/app/store","Test":"TestSchemaMigrations/idempotent_migrations","Elapsed":0.06}
{"Time":"2026-09-20T18:43:16.308925+10:00","Action":"run","Package":"github.com/ollama/ollama/app/store","Test":"TestSchemaMigrations/init_database_has_correct_schema_version"}
{"Time":"2026-09-20T18:43:16.308963+10:00","Action":"output","Package":"github.com/ollama/ollama/app/store","Test":"TestSchemaMigrations/init_database_has_correct_schema_version","Output":"=== RUN   TestSchemaMigrations/init_database_has_correct_schema_version\n"}
{"Time":"2026-09-20T18:43:16.31828+10:00","Action":"output","Package":"github.com/ollama/ollama/app/store","Test":"TestSchemaMigrations/init_database_has_correct_schema_version","Output":"--- PASS: TestSchemaMigrations/init_database_has_correct_schema_version (0.01s)\n"}
{"Time":"2026-09-20T18:43:16.318334+10:00","Action":"pass","Package":"github.com/ollama/ollama/app/store","Test":"TestSchemaMigrations/init_database_has_correct_schema_version","Elapsed":0.01}
{"Time":"2026-09-20T18:43:16.318372+10:00","Action":"output","Package":"github.com/ollama/ollama/app/store","Test":"TestSchemaMigrations","Output":"--- PASS: TestSchemaMigrations (0.13s)\n"}
{"Time":"2026-09-20T18:43:16.318389+10:00","Action":"pass","Package":"github.com/ollama/ollama/app/store","Test":"TestSchemaMigrations","Elapsed":0.13}
{"Time":"2026-09-20T18:43:16.318716+10:00","Action":"run","Package":"github.com/ollama/ollama/app/store","Test":"TestMigrationV13ToV14ContextLength"}
{"Time":"2026-09-20T18:43:16.318741+10:00","Action":"output","Package":"github.com/ollama/ollama/app/store","Test":"TestMigrationV13ToV14ContextLength","Output":"=== RUN   TestMigrationV13ToV14ContextLength\n"}
{"Time":"2026-09-20T18:43:16.330366+10:00","Action":"output","Package":"github.com/ollama/ollama/app/store","Test":"TestMigrationV13ToV14ContextLength","Output":"--- PASS: TestMigrationV13ToV14ContextLength (0.01s)\n"}
{"Time":"2026-09-20T18:43:16.330425+10:00","Action":"pass","Package":"github.com/ollama/ollama/app/store","Test":"TestMigrationV13ToV14ContextLength","Elapsed":0.01}
{"Time":"2026-09-20T18:43:16.330446+10:00","Action":"run","Package":"github.com/ollama/ollama/app/store","Test":"TestMigrationV15ToV16LastHomeViewDefaultsToLaunch"}
{"Time":"2026-09-20T18:43:16.330462+10:00","Action":"output","Package":"github.com/ollama/ollama/app/store","Test":"TestMigrationV15ToV16LastHomeViewDefaultsToLaunch","Output":"=== RUN   TestMigrationV15ToV16LastHomeViewDefaultsToLaunch\n"}
{"Time":"2026-09-20T18:43:16.362169+10:00","Action":"output","Package":"github.com/ollama/ollama/app/store","Test":"TestMigrationV15ToV16LastHomeViewDefaultsToLaunch","Output":"--- PASS: TestMigrationV15ToV16LastHomeViewDefaultsToLaunch (0.03s)\n"}
{"Time":"2026-09-20T18:43:16.362233+10:00","Action":"pass","Package":"github.com/ollama/ollama/app/store","Test":"TestMigrationV15ToV16LastHomeViewDefaultsToLaunch","Elapsed":0.03}
{"Time":"2026-09-20T18:43:16.362353+10:00","Action":"run","Package":"github.com/ollama/ollama/app/store","Test":"TestChatDeletionWithCascade"}
{"Time":"2026-09-20T18:43:16.362373+10:00","Action":"output","Package":"github.com/ollama/ollama/app/store","Test":"TestChatDeletionWithCascade","Output":"=== RUN   TestChatDeletionWithCascade\n"}
{"Time":"2026-09-20T18:43:16.362419+10:00","Action":"run","Package":"github.com/ollama/ollama/app/store","Test":"TestChatDeletionWithCascade/chat_deletion_cascades_to_related_messages"}
{"Time":"2026-09-20T18:43:16.362436+10:00","Action":"output","Package":"github.com/ollama/ollama/app/store","Test":"TestChatDeletionWithCascade/chat_deletion_cascades_to_related_messages","Output":"=== RUN   TestChatDeletionWithCascade/chat_deletion_cascades_to_related_messages\n"}
{"Time":"2026-09-20T18:43:16.380934+10:00","Action":"output","Package":"github.com/ollama/ollama/app/store","Test":"TestChatDeletionWithCascade/chat_deletion_cascades_to_related_messages","Output":"--- PASS: TestChatDeletionWithCascade/chat_deletion_cascades_to_related_messages (0.02s)\n"}
{"Time":"2026-09-20T18:43:16.381017+10:00","Action":"pass","Package":"github.com/ollama/ollama/app/store","Test":"TestChatDeletionWithCascade/chat_deletion_cascades_to_related_messages","Elapsed":0.02}
{"Time":"2026-09-20T18:43:16.381333+10:00","Action":"run","Package":"github.com/ollama/ollama/app/store","Test":"TestChatDeletionWithCascade/foreign_keys_are_enabled"}
{"Time":"2026-09-20T18:43:16.381474+10:00","Action":"output","Package":"github.com/ollama/ollama/app/store","Test":"TestChatDeletionWithCascade/foreign_keys_are_enabled","Output":"=== RUN   TestChatDeletionWithCascade/foreign_keys_are_enabled\n"}
{"Time":"2026-09-20T18:43:16.395442+10:00","Action":"output","Package":"github.com/ollama/ollama/app/store","Test":"TestChatDeletionWithCascade/foreign_keys_are_enabled","Output":"--- PASS: TestChatDeletionWithCascade/foreign_keys_are_enabled (0.01s)\n"}
{"Time":"2026-09-20T18:43:16.395739+10:00","Action":"pass","Package":"github.com/ollama/ollama/app/store","Test":"TestChatDeletionWithCascade/foreign_keys_are_enabled","Elapsed":0.01}
{"Time":"2026-09-20T18:43:16.395782+10:00","Action":"run","Package":"github.com/ollama/ollama/app/store","Test":"TestChatDeletionWithCascade/cleanup_orphaned_data"}
{"Time":"2026-09-20T18:43:16.395798+10:00","Action":"output","Package":"github.com/ollama/ollama/app/store","Test":"TestChatDeletionWithCascade/cleanup_orphaned_data","Output":"=== RUN   TestChatDeletionWithCascade/cleanup_orphaned_data\n"}
{"Time":"2026-09-20T18:43:16.410938+10:00","Action":"output","Package":"github.com/ollama/ollama/app/store","Test":"TestChatDeletionWithCascade/cleanup_orphaned_data","Output":"--- PASS: TestChatDeletionWithCascade/cleanup_orphaned_data (0.01s)\n"}
{"Time":"2026-09-20T18:43:16.411451+10:00","Action":"pass","Package":"github.com/ollama/ollama/app/store","Test":"TestChatDeletionWithCascade/cleanup_orphaned_data","Elapsed":0.01}
{"Time":"2026-09-20T18:43:16.411508+10:00","Action":"output","Package":"github.com/ollama/ollama/app/store","Test":"TestChatDeletionWithCascade","Output":"--- PASS: TestChatDeletionWithCascade (0.04s)\n"}
{"Time":"2026-09-20T18:43:16.411529+10:00","Action":"pass","Package":"github.com/ollama/ollama/app/store","Test":"TestChatDeletionWithCascade","Elapsed":0.04}
{"Time":"2026-09-20T18:43:16.411628+10:00","Action":"run","Package":"github.com/ollama/ollama/app/store","Test":"TestConfigMigration"}
{"Time":"2026-09-20T18:43:16.411659+10:00","Action":"output","Package":"github.com/ollama/ollama/app/store","Test":"TestConfigMigration","Output":"=== RUN   TestConfigMigration\n"}
{"Time":"2026-09-20T18:43:16.433752+10:00","Action":"output","Package":"github.com/ollama/ollama/app/store","Test":"TestConfigMigration","Output":"2026/09/20 18:43:16 INFO migrated device ID from config.json\n"}
{"Time":"2026-09-20T18:43:16.434287+10:00","Action":"output","Package":"github.com/ollama/ollama/app/store","Test":"TestConfigMigration","Output":"2026/09/20 18:43:16 INFO migrated first run status from config.json hasCompleted=true\n"}
{"Time":"2026-09-20T18:43:16.434314+10:00","Action":"output","Package":"github.com/ollama/ollama/app/store","Test":"TestConfigMigration","Output":"2026/09/20 18:43:16 INFO successfully migrated settings from config.json\n"}
{"Time":"2026-09-20T18:43:16.443467+10:00","Action":"output","Package":"github.com/ollama/ollama/app/store","Test":"TestConfigMigration","Output":"--- PASS: TestConfigMigration (0.04s)\n"}
{"Time":"2026-09-20T18:43:16.443535+10:00","Action":"pass","Package":"github.com/ollama/ollama/app/store","Test":"TestConfigMigration","Elapsed":0.04}
{"Time":"2026-09-20T18:43:16.443556+10:00","Action":"run","Package":"github.com/ollama/ollama/app/store","Test":"TestNoConfigToMigrate"}
{"Time":"2026-09-20T18:43:16.443572+10:00","Action":"output","Package":"github.com/ollama/ollama/app/store","Test":"TestNoConfigToMigrate","Output":"=== RUN   TestNoConfigToMigrate\n"}
{"Time":"2026-09-20T18:43:16.480518+10:00","Action":"output","Package":"github.com/ollama/ollama/app/store","Test":"TestNoConfigToMigrate","Output":"--- PASS: TestNoConfigToMigrate (0.04s)\n"}
{"Time":"2026-09-20T18:43:16.480573+10:00","Action":"pass","Package":"github.com/ollama/ollama/app/store","Test":"TestNoConfigToMigrate","Elapsed":0.04}
{"Time":"2026-09-20T18:43:16.4806+10:00","Action":"run","Package":"github.com/ollama/ollama/app/store","Test":"TestCloudMigrationFromAirplaneMode"}
{"Time":"2026-09-20T18:43:16.480616+10:00","Action":"output","Package":"github.com/ollama/ollama/app/store","Test":"TestCloudMigrationFromAirplaneMode","Output":"=== RUN   TestCloudMigrationFromAirplaneMode\n"}
{"Time":"2026-09-20T18:43:16.525407+10:00","Action":"output","Package":"github.com/ollama/ollama/app/store","Test":"TestCloudMigrationFromAirplaneMode","Output":"--- PASS: TestCloudMigrationFromAirplaneMode (0.04s)\n"}
{"Time":"2026-09-20T18:43:16.525467+10:00","Action":"pass","Package":"github.com/ollama/ollama/app/store","Test":"TestCloudMigrationFromAirplaneMode","Elapsed":0.04}
{"Time":"2026-09-20T18:43:16.525523+10:00","Action":"run","Package":"github.com/ollama/ollama/app/store","Test":"TestMigrationFromEpoc"}
{"Time":"2026-09-20T18:43:16.525548+10:00","Action":"output","Package":"github.com/ollama/ollama/app/store","Test":"TestMigrationFromEpoc","Output":"=== RUN   TestMigrationFromEpoc\n"}
{"Time":"2026-09-20T18:43:16.538294+10:00","Action":"output","Package":"github.com/ollama/ollama/app/store","Test":"TestMigrationFromEpoc","Output":"    migration_test.go:265: DB created: /var/folders/z_/ywv267d55_s9yq799rstj3fm0000gn/T/TestMigrationFromEpoc1114625786/001/db.sqlite\n"}
{"Time":"2026-09-20T18:43:16.543492+10:00","Action":"output","Package":"github.com/ollama/ollama/app/store","Test":"TestMigrationFromEpoc","Output":"    migration_test.go:278: v1 schema created\n"}
{"Time":"2026-09-20T18:43:16.555947+10:00","Action":"output","Package":"github.com/ollama/ollama/app/store","Test":"TestMigrationFromEpoc","Output":"    migration_test.go:282: migrations completed\n"}
{"Time":"2026-09-20T18:43:16.56765+10:00","Action":"output","Package":"github.com/ollama/ollama/app/store","Test":"TestMigrationFromEpoc","Output":"--- PASS: TestMigrationFromEpoc (0.04s)\n"}
{"Time":"2026-09-20T18:43:16.567707+10:00","Action":"pass","Package":"github.com/ollama/ollama/app/store","Test":"TestMigrationFromEpoc","Elapsed":0.04}
{"Time":"2026-09-20T18:43:16.56773+10:00","Action":"run","Package":"github.com/ollama/ollama/app/store","Test":"TestSchemaVersioning"}
{"Time":"2026-09-20T18:43:16.567749+10:00","Action":"output","Package":"github.com/ollama/ollama/app/store","Test":"TestSchemaVersioning","Output":"=== RUN   TestSchemaVersioning\n"}
{"Time":"2026-09-20T18:43:16.569423+10:00","Action":"run","Package":"github.com/ollama/ollama/app/store","Test":"TestSchemaVersioning/new_database_has_correct_schema_version"}
{"Time":"2026-09-20T18:43:16.569496+10:00","Action":"output","Package":"github.com/ollama/ollama/app/store","Test":"TestSchemaVersioning/new_database_has_correct_schema_version","Output":"=== RUN   TestSchemaVersioning/new_database_has_correct_schema_version\n"}
{"Time":"2026-09-20T18:43:16.586806+10:00","Action":"output","Package":"github.com/ollama/ollama/app/store","Test":"TestSchemaVersioning/new_database_has_correct_schema_version","Output":"--- PASS: TestSchemaVersioning/new_database_has_correct_schema_version (0.02s)\n"}
{"Time":"2026-09-20T18:43:16.586905+10:00","Action":"pass","Package":"github.com/ollama/ollama/app/store","Test":"TestSchemaVersioning/new_database_has_correct_schema_version","Elapsed":0.02}
{"Time":"2026-09-20T18:43:16.586927+10:00","Action":"run","Package":"github.com/ollama/ollama/app/store","Test":"TestSchemaVersioning/can_update_schema_version"}
{"Time":"2026-09-20T18:43:16.586943+10:00","Action":"output","Package":"github.com/ollama/ollama/app/store","Test":"TestSchemaVersioning/can_update_schema_version","Output":"=== RUN   TestSchemaVersioning/can_update_schema_version\n"}
{"Time":"2026-09-20T18:43:16.600268+10:00","Action":"output","Package":"github.com/ollama/ollama/app/store","Test":"TestSchemaVersioning/can_update_schema_version","Output":"--- PASS: TestSchemaVersioning/can_update_schema_version (0.01s)\n"}
{"Time":"2026-09-20T18:43:16.600333+10:00","Action":"pass","Package":"github.com/ollama/ollama/app/store","Test":"TestSchemaVersioning/can_update_schema_version","Elapsed":0.01}
{"Time":"2026-09-20T18:43:16.603312+10:00","Action":"output","Package":"github.com/ollama/ollama/app/store","Test":"TestSchemaVersioning","Output":"--- PASS: TestSchemaVersioning (0.04s)\n"}
{"Time":"2026-09-20T18:43:16.603368+10:00","Action":"pass","Package":"github.com/ollama/ollama/app/store","Test":"TestSchemaVersioning","Elapsed":0.04}
{"Time":"2026-09-20T18:43:16.60339+10:00","Action":"run","Package":"github.com/ollama/ollama/app/store","Test":"TestStore"}
{"Time":"2026-09-20T18:43:16.603406+10:00","Action":"output","Package":"github.com/ollama/ollama/app/store","Test":"TestStore","Output":"=== RUN   TestStore\n"}
{"Time":"2026-09-20T18:43:16.603751+10:00","Action":"run","Package":"github.com/ollama/ollama/app/store","Test":"TestStore/default_id"}
{"Time":"2026-09-20T18:43:16.603805+10:00","Action":"output","Package":"github.com/ollama/ollama/app/store","Test":"TestStore/default_id","Output":"=== RUN   TestStore/default_id\n"}
{"Time":"2026-09-20T18:43:16.615387+10:00","Action":"output","Package":"github.com/ollama/ollama/app/store","Test":"TestStore/default_id","Output":"--- PASS: TestStore/default_id (0.01s)\n"}
{"Time":"2026-09-20T18:43:16.615453+10:00","Action":"pass","Package":"github.com/ollama/ollama/app/store","Test":"TestStore/default_id","Elapsed":0.01}
{"Time":"2026-09-20T18:43:16.615474+10:00","Action":"run","Package":"github.com/ollama/ollama/app/store","Test":"TestStore/has_completed_first_run"}
{"Time":"2026-09-20T18:43:16.615487+10:00","Action":"output","Package":"github.com/ollama/ollama/app/store","Test":"TestStore/has_completed_first_run","Output":"=== RUN   TestStore/has_completed_first_run\n"}
{"Time":"2026-09-20T18:43:16.617137+10:00","Action":"output","Package":"github.com/ollama/ollama/app/store","Test":"TestStore/has_completed_first_run","Output":"--- PASS: TestStore/has_completed_first_run (0.00s)\n"}
{"Time":"2026-09-20T18:43:16.617191+10:00","Action":"pass","Package":"github.com/ollama/ollama/app/store","Test":"TestStore/has_completed_first_run","Elapsed":0}
{"Time":"2026-09-20T18:43:16.61721+10:00","Action":"run","Package":"github.com/ollama/ollama/app/store","Test":"TestStore/settings"}
{"Time":"2026-09-20T18:43:16.617246+10:00","Action":"output","Package":"github.com/ollama/ollama/app/store","Test":"TestStore/settings","Output":"=== RUN   TestStore/settings\n"}
{"Time":"2026-09-20T18:43:16.61727+10:00","Action":"output","Package":"github.com/ollama/ollama/app/store","Test":"TestStore/settings","Output":"--- PASS: TestStore/settings (0.00s)\n"}
{"Time":"2026-09-20T18:43:16.617702+10:00","Action":"pass","Package":"github.com/ollama/ollama/app/store","Test":"TestStore/settings","Elapsed":0}
{"Time":"2026-09-20T18:43:16.617773+10:00","Action":"run","Package":"github.com/ollama/ollama/app/store","Test":"TestStore/auto-approve_tools_is_off_until_switched_on,_and_off_again_when_switched_off"}
{"Time":"2026-09-20T18:43:16.617796+10:00","Action":"output","Package":"github.com/ollama/ollama/app/store","Test":"TestStore/auto-approve_tools_is_off_until_switched_on,_and_off_again_when_switched_off","Output":"=== RUN   TestStore/auto-approve_tools_is_off_until_switched_on,_and_off_again_when_switched_off\n"}
{"Time":"2026-09-20T18:43:16.665484+10:00","Action":"output","Package":"github.com/ollama/ollama/app/store","Test":"TestStore/auto-approve_tools_is_off_until_switched_on,_and_off_again_when_switched_off","Output":"--- PASS: TestStore/auto-approve_tools_is_off_until_switched_on,_and_off_again_when_switched_off (0.05s)\n"}
{"Time":"2026-09-20T18:43:16.665552+10:00","Action":"pass","Package":"github.com/ollama/ollama/app/store","Test":"TestStore/auto-approve_tools_is_off_until_switched_on,_and_off_again_when_switched_off","Elapsed":0.05}
{"Time":"2026-09-20T18:43:16.665572+10:00","Action":"run","Package":"github.com/ollama/ollama/app/store","Test":"TestStore/settings_default_home_view_is_launch"}
{"Time":"2026-09-20T18:43:16.665588+10:00","Action":"output","Package":"github.com/ollama/ollama/app/store","Test":"TestStore/settings_default_home_view_is_launch","Output":"=== RUN   TestStore/settings_default_home_view_is_launch\n"}
{"Time":"2026-09-20T18:43:16.666318+10:00","Action":"output","Package":"github.com/ollama/ollama/app/store","Test":"TestStore/settings_default_home_view_is_launch","Output":"--- PASS: TestStore/settings_default_home_view_is_launch (0.00s)\n"}
{"Time":"2026-09-20T18:43:16.66636+10:00","Action":"pass","Package":"github.com/ollama/ollama/app/store","Test":"TestStore/settings_default_home_view_is_launch","Elapsed":0}
{"Time":"2026-09-20T18:43:16.666379+10:00","Action":"run","Package":"github.com/ollama/ollama/app/store","Test":"TestStore/settings_empty_home_view_falls_back_to_launch"}
{"Time":"2026-09-20T18:43:16.666395+10:00","Action":"output","Package":"github.com/ollama/ollama/app/store","Test":"TestStore/settings_empty_home_view_falls_back_to_launch","Output":"=== RUN   TestStore/settings_empty_home_view_falls_back_to_launch\n"}
{"Time":"2026-09-20T18:43:16.666452+10:00","Action":"output","Package":"github.com/ollama/ollama/app/store","Test":"TestStore/settings_empty_home_view_falls_back_to_launch","Output":"--- PASS: TestStore/settings_empty_home_view_falls_back_to_launch (0.00s)\n"}
{"Time":"2026-09-20T18:43:16.666823+10:00","Action":"pass","Package":"github.com/ollama/ollama/app/store","Test":"TestStore/settings_empty_home_view_falls_back_to_launch","Elapsed":0}
{"Time":"2026-09-20T18:43:16.66688+10:00","Action":"run","Package":"github.com/ollama/ollama/app/store","Test":"TestStore/settings_disabled_home_view_falls_back_to_launch"}
{"Time":"2026-09-20T18:43:16.666904+10:00","Action":"output","Package":"github.com/ollama/ollama/app/store","Test":"TestStore/settings_disabled_home_view_falls_back_to_launch","Output":"=== RUN   TestStore/settings_disabled_home_view_falls_back_to_launch\n"}
{"Time":"2026-09-20T18:43:16.666925+10:00","Action":"output","Package":"github.com/ollama/ollama/app/store","Test":"TestStore/settings_disabled_home_view_falls_back_to_launch","Output":"--- PASS: TestStore/settings_disabled_home_view_falls_back_to_launch (0.00s)\n"}
{"Time":"2026-09-20T18:43:16.667094+10:00","Action":"pass","Package":"github.com/ollama/ollama/app/store","Test":"TestStore/settings_disabled_home_view_falls_back_to_launch","Elapsed":0}
{"Time":"2026-09-20T18:43:16.667119+10:00","Action":"run","Package":"github.com/ollama/ollama/app/store","Test":"TestStore/settings_codex_app_home_view_is_accepted"}
{"Time":"2026-09-20T18:43:16.667135+10:00","Action":"output","Package":"github.com/ollama/ollama/app/store","Test":"TestStore/settings_codex_app_home_view_is_accepted","Output":"=== RUN   TestStore/settings_codex_app_home_view_is_accepted\n"}
{"Time":"2026-09-20T18:43:16.667218+10:00","Action":"output","Package":"github.com/ollama/ollama/app/store","Test":"TestStore/settings_codex_app_home_view_is_accepted","Output":"--- PASS: TestStore/settings_codex_app_home_view_is_accepted (0.00s)\n"}
{"Time":"2026-09-20T18:43:16.667243+10:00","Action":"pass","Package":"github.com/ollama/ollama/app/store","Test":"TestStore/settings_codex_app_home_view_is_accepted","Elapsed":0}
{"Time":"2026-09-20T18:43:16.667263+10:00","Action":"run","Package":"github.com/ollama/ollama/app/store","Test":"TestStore/window_size"}
{"Time":"2026-09-20T18:43:16.667277+10:00","Action":"output","Package":"github.com/ollama/ollama/app/store","Test":"TestStore/window_size","Output":"=== RUN   TestStore/window_size\n"}
{"Time":"2026-09-20T18:43:16.667294+10:00","Action":"output","Package":"github.com/ollama/ollama/app/store","Test":"TestStore/window_size","Output":"--- PASS: TestStore/window_size (0.00s)\n"}
{"Time":"2026-09-20T18:43:16.667309+10:00","Action":"pass","Package":"github.com/ollama/ollama/app/store","Test":"TestStore/window_size","Elapsed":0}
{"Time":"2026-09-20T18:43:16.667323+10:00","Action":"run","Package":"github.com/ollama/ollama/app/store","Test":"TestStore/create_and_retrieve_chat"}
{"Time":"2026-09-20T18:43:16.667336+10:00","Action":"output","Package":"github.com/ollama/ollama/app/store","Test":"TestStore/create_and_retrieve_chat","Output":"=== RUN   TestStore/create_and_retrieve_chat\n"}
{"Time":"2026-09-20T18:43:16.671599+10:00","Action":"output","Package":"github.com/ollama/ollama/app/store","Test":"TestStore/create_and_retrieve_chat","Output":"--- PASS: TestStore/create_and_retrieve_chat (0.00s)\n"}
{"Time":"2026-09-20T18:43:16.671668+10:00","Action":"pass","Package":"github.com/ollama/ollama/app/store","Test":"TestStore/create_and_retrieve_chat","Elapsed":0}
{"Time":"2026-09-20T18:43:16.671689+10:00","Action":"run","Package":"github.com/ollama/ollama/app/store","Test":"TestStore/list_chats"}
{"Time":"2026-09-20T18:43:16.671705+10:00","Action":"output","Package":"github.com/ollama/ollama/app/store","Test":"TestStore/list_chats","Output":"=== RUN   TestStore/list_chats\n"}
{"Time":"2026-09-20T18:43:16.671724+10:00","Action":"output","Package":"github.com/ollama/ollama/app/store","Test":"TestStore/list_chats","Output":"--- PASS: TestStore/list_chats (0.00s)\n"}
{"Time":"2026-09-20T18:43:16.671739+10:00","Action":"pass","Package":"github.com/ollama/ollama/app/store","Test":"TestStore/list_chats","Elapsed":0}
{"Time":"2026-09-20T18:43:16.671755+10:00","Action":"run","Package":"github.com/ollama/ollama/app/store","Test":"TestStore/delete_chat"}
{"Time":"2026-09-20T18:43:16.671769+10:00","Action":"output","Package":"github.com/ollama/ollama/app/store","Test":"TestStore/delete_chat","Output":"=== RUN   TestStore/delete_chat\n"}
{"Time":"2026-09-20T18:43:16.681294+10:00","Action":"output","Package":"github.com/ollama/ollama/app/store","Test":"TestStore/delete_chat","Output":"--- PASS: TestStore/delete_chat (0.01s)\n"}
{"Time":"2026-09-20T18:43:16.681415+10:00","Action":"pass","Package":"github.com/ollama/ollama/app/store","Test":"TestStore/delete_chat","Elapsed":0.01}
{"Time":"2026-09-20T18:43:16.691882+10:00","Action":"output","Package":"github.com/ollama/ollama/app/store","Test":"TestStore","Output":"--- PASS: TestStore (0.09s)\n"}
{"Time":"2026-09-20T18:43:16.691987+10:00","Action":"pass","Package":"github.com/ollama/ollama/app/store","Test":"TestStore","Elapsed":0.09}
{"Time":"2026-09-20T18:43:16.692019+10:00","Action":"output","Package":"github.com/ollama/ollama/app/store","Output":"PASS\n"}
{"Time":"2026-09-20T18:43:16.694694+10:00","Action":"output","Package":"github.com/ollama/ollama/app/store","Output":"ok  \tgithub.com/ollama/ollama/app/store\t2.095s\n"}
{"Time":"2026-09-20T18:43:16.694748+10:00","Action":"pass","Package":"github.com/ollama/ollama/app/store","Elapsed":2.095}
{"Time":"2026-09-20T18:43:17.922736+10:00","Action":"output","Package":"github.com/ollama/ollama/agent/tools","Test":"TestMCPToolReachesAServerThroughTheAgentHarness","Output":"--- PASS: TestMCPToolReachesAServerThroughTheAgentHarness (2.62s)\n"}
{"Time":"2026-09-20T18:43:17.922844+10:00","Action":"pass","Package":"github.com/ollama/ollama/agent/tools","Test":"TestMCPToolReachesAServerThroughTheAgentHarness","Elapsed":2.62}
{"Time":"2026-09-20T18:43:17.92288+10:00","Action":"run","Package":"github.com/ollama/ollama/agent/tools","Test":"TestDeniedApprovalStopsTheCall"}
{"Time":"2026-09-20T18:43:17.922905+10:00","Action":"output","Package":"github.com/ollama/ollama/agent/tools","Test":"TestDeniedApprovalStopsTheCall","Output":"=== RUN   TestDeniedApprovalStopsTheCall\n"}
{"Time":"2026-09-20T18:43:19.134762+10:00","Action":"output","Package":"github.com/ollama/ollama/agent/tools","Test":"TestDeniedApprovalStopsTheCall","Output":"--- PASS: TestDeniedApprovalStopsTheCall (1.21s)\n"}
{"Time":"2026-09-20T18:43:19.134839+10:00","Action":"pass","Package":"github.com/ollama/ollama/agent/tools","Test":"TestDeniedApprovalStopsTheCall","Elapsed":1.21}
{"Time":"2026-09-20T18:43:19.134864+10:00","Action":"run","Package":"github.com/ollama/ollama/agent/tools","Test":"TestMCPToolShape"}
{"Time":"2026-09-20T18:43:19.134884+10:00","Action":"output","Package":"github.com/ollama/ollama/agent/tools","Test":"TestMCPToolShape","Output":"=== RUN   TestMCPToolShape\n"}
{"Time":"2026-09-20T18:43:20.248729+10:00","Action":"output","Package":"github.com/ollama/ollama/agent/tools","Test":"TestMCPToolShape","Output":"--- PASS: TestMCPToolShape (1.11s)\n"}
{"Time":"2026-09-20T18:43:20.248957+10:00","Action":"pass","Package":"github.com/ollama/ollama/agent/tools","Test":"TestMCPToolShape","Elapsed":1.11}
{"Time":"2026-09-20T18:43:20.248994+10:00","Action":"run","Package":"github.com/ollama/ollama/agent/tools","Test":"TestMCPToolSurfacesAServerReportedFailure"}
{"Time":"2026-09-20T18:43:20.249009+10:00","Action":"output","Package":"github.com/ollama/ollama/agent/tools","Test":"TestMCPToolSurfacesAServerReportedFailure","Output":"=== RUN   TestMCPToolSurfacesAServerReportedFailure\n"}
{"Time":"2026-09-20T18:43:21.321583+10:00","Action":"output","Package":"github.com/ollama/ollama/agent/tools","Test":"TestMCPToolSurfacesAServerReportedFailure","Output":"--- PASS: TestMCPToolSurfacesAServerReportedFailure (1.07s)\n"}
{"Time":"2026-09-20T18:43:21.321662+10:00","Action":"pass","Package":"github.com/ollama/ollama/agent/tools","Test":"TestMCPToolSurfacesAServerReportedFailure","Elapsed":1.07}
{"Time":"2026-09-20T18:43:21.321683+10:00","Action":"run","Package":"github.com/ollama/ollama/agent/tools","Test":"TestSkillLoadsCoreCatalogWithApproval"}
{"Time":"2026-09-20T18:43:21.321699+10:00","Action":"output","Package":"github.com/ollama/ollama/agent/tools","Test":"TestSkillLoadsCoreCatalogWithApproval","Output":"=== RUN   TestSkillLoadsCoreCatalogWithApproval\n"}
{"Time":"2026-09-20T18:43:21.327251+10:00","Action":"output","Package":"github.com/ollama/ollama/agent/tools","Test":"TestSkillLoadsCoreCatalogWithApproval","Output":"--- PASS: TestSkillLoadsCoreCatalogWithApproval (0.01s)\n"}
{"Time":"2026-09-20T18:43:21.327425+10:00","Action":"pass","Package":"github.com/ollama/ollama/agent/tools","Test":"TestSkillLoadsCoreCatalogWithApproval","Elapsed":0.01}
{"Time":"2026-09-20T18:43:21.327487+10:00","Action":"run","Package":"github.com/ollama/ollama/agent/tools","Test":"TestModelSkillLoadRequiresApproval"}
{"Time":"2026-09-20T18:43:21.327663+10:00","Action":"output","Package":"github.com/ollama/ollama/agent/tools","Test":"TestModelSkillLoadRequiresApproval","Output":"=== RUN   TestModelSkillLoadRequiresApproval\n"}
{"Time":"2026-09-20T18:43:21.327689+10:00","Action":"run","Package":"github.com/ollama/ollama/agent/tools","Test":"TestModelSkillLoadRequiresApproval/rejected"}
{"Time":"2026-09-20T18:43:21.327722+10:00","Action":"output","Package":"github.com/ollama/ollama/agent/tools","Test":"TestModelSkillLoadRequiresApproval/rejected","Output":"=== RUN   TestModelSkillLoadRequiresApproval/rejected\n"}
{"Time":"2026-09-20T18:43:21.350289+10:00","Action":"output","Package":"github.com/ollama/ollama/agent/tools","Test":"TestModelSkillLoadRequiresApproval/rejected","Output":"--- PASS: TestModelSkillLoadRequiresApproval/rejected (0.02s)\n"}
{"Time":"2026-09-20T18:43:21.350416+10:00","Action":"pass","Package":"github.com/ollama/ollama/agent/tools","Test":"TestModelSkillLoadRequiresApproval/rejected","Elapsed":0.02}
{"Time":"2026-09-20T18:43:21.350468+10:00","Action":"run","Package":"github.com/ollama/ollama/agent/tools","Test":"TestModelSkillLoadRequiresApproval/approved"}
{"Time":"2026-09-20T18:43:21.3505+10:00","Action":"output","Package":"github.com/ollama/ollama/agent/tools","Test":"TestModelSkillLoadRequiresApproval/approved","Output":"=== RUN   TestModelSkillLoadRequiresApproval/approved\n"}
{"Time":"2026-09-20T18:43:21.376617+10:00","Action":"output","Package":"github.com/ollama/ollama/agent/tools","Test":"TestModelSkillLoadRequiresApproval/approved","Output":"--- PASS: TestModelSkillLoadRequiresApproval/approved (0.03s)\n"}
{"Time":"2026-09-20T18:43:21.377349+10:00","Action":"pass","Package":"github.com/ollama/ollama/agent/tools","Test":"TestModelSkillLoadRequiresApproval/approved","Elapsed":0.03}
{"Time":"2026-09-20T18:43:21.378124+10:00","Action":"run","Package":"github.com/ollama/ollama/agent/tools","Test":"TestModelSkillLoadRequiresApproval/headless_denied"}
{"Time":"2026-09-20T18:43:21.37923+10:00","Action":"output","Package":"github.com/ollama/ollama/agent/tools","Test":"TestModelSkillLoadRequiresApproval/headless_denied","Output":"=== RUN   TestModelSkillLoadRequiresApproval/headless_denied\n"}
{"Time":"2026-09-20T18:43:21.40507+10:00","Action":"output","Package":"github.com/ollama/ollama/agent/tools","Test":"TestModelSkillLoadRequiresApproval/headless_denied","Output":"--- PASS: TestModelSkillLoadRequiresApproval/headless_denied (0.03s)\n"}
{"Time":"2026-09-20T18:43:21.40515+10:00","Action":"pass","Package":"github.com/ollama/ollama/agent/tools","Test":"TestModelSkillLoadRequiresApproval/headless_denied","Elapsed":0.03}
{"Time":"2026-09-20T18:43:21.405174+10:00","Action":"output","Package":"github.com/ollama/ollama/agent/tools","Test":"TestModelSkillLoadRequiresApproval","Output":"--- PASS: TestModelSkillLoadRequiresApproval (0.08s)\n"}
{"Time":"2026-09-20T18:43:21.405192+10:00","Action":"pass","Package":"github.com/ollama/ollama/agent/tools","Test":"TestModelSkillLoadRequiresApproval","Elapsed":0.08}
{"Time":"2026-09-20T18:43:21.405211+10:00","Action":"run","Package":"github.com/ollama/ollama/agent/tools","Test":"TestExplicitSkillActivationBypassesApproval"}
{"Time":"2026-09-20T18:43:21.405232+10:00","Action":"output","Package":"github.com/ollama/ollama/agent/tools","Test":"TestExplicitSkillActivationBypassesApproval","Output":"=== RUN   TestExplicitSkillActivationBypassesApproval\n"}
{"Time":"2026-09-20T18:43:21.412814+10:00","Action":"output","Package":"github.com/ollama/ollama/agent/tools","Test":"TestExplicitSkillActivationBypassesApproval","Output":"--- PASS: TestExplicitSkillActivationBypassesApproval (0.01s)\n"}
{"Time":"2026-09-20T18:43:21.412927+10:00","Action":"pass","Package":"github.com/ollama/ollama/agent/tools","Test":"TestExplicitSkillActivationBypassesApproval","Elapsed":0.01}
{"Time":"2026-09-20T18:43:21.412964+10:00","Action":"run","Package":"github.com/ollama/ollama/agent/tools","Test":"TestWebToolsRequireApproval"}
{"Time":"2026-09-20T18:43:21.412985+10:00","Action":"output","Package":"github.com/ollama/ollama/agent/tools","Test":"TestWebToolsRequireApproval","Output":"=== RUN   TestWebToolsRequireApproval\n"}
{"Time":"2026-09-20T18:43:21.413043+10:00","Action":"output","Package":"github.com/ollama/ollama/agent/tools","Test":"TestWebToolsRequireApproval","Output":"--- PASS: TestWebToolsRequireApproval (0.00s)\n"}
{"Time":"2026-09-20T18:43:21.413098+10:00","Action":"pass","Package":"github.com/ollama/ollama/agent/tools","Test":"TestWebToolsRequireApproval","Elapsed":0}
{"Time":"2026-09-20T18:43:21.413128+10:00","Action":"run","Package":"github.com/ollama/ollama/agent/tools","Test":"TestWebToolsReportAuthenticationError"}
{"Time":"2026-09-20T18:43:21.413143+10:00","Action":"output","Package":"github.com/ollama/ollama/agent/tools","Test":"TestWebToolsReportAuthenticationError","Output":"=== RUN   TestWebToolsReportAuthenticationError\n"}
{"Time":"2026-09-20T18:43:21.413335+10:00","Action":"run","Package":"github.com/ollama/ollama/agent/tools","Test":"TestWebToolsReportAuthenticationError/search"}
{"Time":"2026-09-20T18:43:21.413371+10:00","Action":"output","Package":"github.com/ollama/ollama/agent/tools","Test":"TestWebToolsReportAuthenticationError/search","Output":"=== RUN   TestWebToolsReportAuthenticationError/search\n"}
{"Time":"2026-09-20T18:43:21.422979+10:00","Action":"output","Package":"github.com/ollama/ollama/agent/tools","Test":"TestWebToolsReportAuthenticationError/search","Output":"--- PASS: TestWebToolsReportAuthenticationError/search (0.01s)\n"}
{"Time":"2026-09-20T18:43:21.423668+10:00","Action":"pass","Package":"github.com/ollama/ollama/agent/tools","Test":"TestWebToolsReportAuthenticationError/search","Elapsed":0.01}
{"Time":"2026-09-20T18:43:21.435703+10:00","Action":"run","Package":"github.com/ollama/ollama/agent/tools","Test":"TestWebToolsReportAuthenticationError/fetch"}
{"Time":"2026-09-20T18:43:21.446433+10:00","Action":"output","Package":"github.com/ollama/ollama/agent/tools","Test":"TestWebToolsReportAuthenticationError/fetch","Output":"=== RUN   TestWebToolsReportAuthenticationError/fetch\n"}
{"Time":"2026-09-20T18:43:21.447435+10:00","Action":"output","Package":"github.com/ollama/ollama/agent/tools","Test":"TestWebToolsReportAuthenticationError/fetch","Output":"--- PASS: TestWebToolsReportAuthenticationError/fetch (0.02s)\n"}
{"Time":"2026-09-20T18:43:21.447681+10:00","Action":"pass","Package":"github.com/ollama/ollama/agent/tools","Test":"TestWebToolsReportAuthenticationError/fetch","Elapsed":0.02}
{"Time":"2026-09-20T18:43:21.455303+10:00","Action":"output","Package":"github.com/ollama/ollama/agent/tools","Test":"TestWebToolsReportAuthenticationError","Output":"--- PASS: TestWebToolsReportAuthenticationError (0.03s)\n"}
{"Time":"2026-09-20T18:43:21.459795+10:00","Action":"pass","Package":"github.com/ollama/ollama/agent/tools","Test":"TestWebToolsReportAuthenticationError","Elapsed":0.03}
{"Time":"2026-09-20T18:43:21.468153+10:00","Action":"run","Package":"github.com/ollama/ollama/agent/tools","Test":"TestWebToolsPreserveNonAuthenticationErrors"}
{"Time":"2026-09-20T18:43:21.468213+10:00","Action":"output","Package":"github.com/ollama/ollama/agent/tools","Test":"TestWebToolsPreserveNonAuthenticationErrors","Output":"=== RUN   TestWebToolsPreserveNonAuthenticationErrors\n"}
{"Time":"2026-09-20T18:43:21.468895+10:00","Action":"run","Package":"github.com/ollama/ollama/agent/tools","Test":"TestWebToolsPreserveNonAuthenticationErrors/search"}
{"Time":"2026-09-20T18:43:21.480813+10:00","Action":"output","Package":"github.com/ollama/ollama/agent/tools","Test":"TestWebToolsPreserveNonAuthenticationErrors/search","Output":"=== RUN   TestWebToolsPreserveNonAuthenticationErrors/search\n"}
{"Time":"2026-09-20T18:43:21.480927+10:00","Action":"output","Package":"github.com/ollama/ollama/agent/tools","Test":"TestWebToolsPreserveNonAuthenticationErrors/search","Output":"--- PASS: TestWebToolsPreserveNonAuthenticationErrors/search (0.00s)\n"}
{"Time":"2026-09-20T18:43:21.480956+10:00","Action":"pass","Package":"github.com/ollama/ollama/agent/tools","Test":"TestWebToolsPreserveNonAuthenticationErrors/search","Elapsed":0}
{"Time":"2026-09-20T18:43:21.480991+10:00","Action":"run","Package":"github.com/ollama/ollama/agent/tools","Test":"TestWebToolsPreserveNonAuthenticationErrors/fetch"}
{"Time":"2026-09-20T18:43:21.481013+10:00","Action":"output","Package":"github.com/ollama/ollama/agent/tools","Test":"TestWebToolsPreserveNonAuthenticationErrors/fetch","Output":"=== RUN   TestWebToolsPreserveNonAuthenticationErrors/fetch\n"}
{"Time":"2026-09-20T18:43:21.481044+10:00","Action":"output","Package":"github.com/ollama/ollama/agent/tools","Test":"TestWebToolsPreserveNonAuthenticationErrors/fetch","Output":"--- PASS: TestWebToolsPreserveNonAuthenticationErrors/fetch (0.00s)\n"}
{"Time":"2026-09-20T18:43:21.481134+10:00","Action":"pass","Package":"github.com/ollama/ollama/agent/tools","Test":"TestWebToolsPreserveNonAuthenticationErrors/fetch","Elapsed":0}
{"Time":"2026-09-20T18:43:21.48124+10:00","Action":"output","Package":"github.com/ollama/ollama/agent/tools","Test":"TestWebToolsPreserveNonAuthenticationErrors","Output":"--- PASS: TestWebToolsPreserveNonAuthenticationErrors (0.03s)\n"}
{"Time":"2026-09-20T18:43:21.481276+10:00","Action":"pass","Package":"github.com/ollama/ollama/agent/tools","Test":"TestWebToolsPreserveNonAuthenticationErrors","Elapsed":0.03}
{"Time":"2026-09-20T18:43:21.481297+10:00","Action":"run","Package":"github.com/ollama/ollama/agent/tools","Test":"TestWebToolsIgnoreInheritedCloudPolicy"}
{"Time":"2026-09-20T18:43:21.481313+10:00","Action":"output","Package":"github.com/ollama/ollama/agent/tools","Test":"TestWebToolsIgnoreInheritedCloudPolicy","Output":"=== RUN   TestWebToolsIgnoreInheritedCloudPolicy\n"}
{"Time":"2026-09-20T18:43:21.494476+10:00","Action":"output","Package":"github.com/ollama/ollama/agent/tools","Test":"TestWebToolsIgnoreInheritedCloudPolicy","Output":"--- PASS: TestWebToolsIgnoreInheritedCloudPolicy (0.01s)\n"}
{"Time":"2026-09-20T18:43:21.494539+10:00","Action":"pass","Package":"github.com/ollama/ollama/agent/tools","Test":"TestWebToolsIgnoreInheritedCloudPolicy","Elapsed":0.01}
{"Time":"2026-09-20T18:43:21.495024+10:00","Action":"run","Package":"github.com/ollama/ollama/agent/tools","Test":"TestWebFetchRejectsUnsupportedScheme"}
{"Time":"2026-09-20T18:43:21.495695+10:00","Action":"output","Package":"github.com/ollama/ollama/agent/tools","Test":"TestWebFetchRejectsUnsupportedScheme","Output":"=== RUN   TestWebFetchRejectsUnsupportedScheme\n"}
{"Time":"2026-09-20T18:43:21.495762+10:00","Action":"run","Package":"github.com/ollama/ollama/agent/tools","Test":"TestWebFetchRejectsUnsupportedScheme/file_scheme"}
{"Time":"2026-09-20T18:43:21.495799+10:00","Action":"output","Package":"github.com/ollama/ollama/agent/tools","Test":"TestWebFetchRejectsUnsupportedScheme/file_scheme","Output":"=== RUN   TestWebFetchRejectsUnsupportedScheme/file_scheme\n"}
{"Time":"2026-09-20T18:43:21.495828+10:00","Action":"output","Package":"github.com/ollama/ollama/agent/tools","Test":"TestWebFetchRejectsUnsupportedScheme/file_scheme","Output":"--- PASS: TestWebFetchRejectsUnsupportedScheme/file_scheme (0.00s)\n"}
{"Time":"2026-09-20T18:43:21.496207+10:00","Action":"pass","Package":"github.com/ollama/ollama/agent/tools","Test":"TestWebFetchRejectsUnsupportedScheme/file_scheme","Elapsed":0}
{"Time":"2026-09-20T18:43:21.496251+10:00","Action":"run","Package":"github.com/ollama/ollama/agent/tools","Test":"TestWebFetchRejectsUnsupportedScheme/data_scheme"}
{"Time":"2026-09-20T18:43:21.496276+10:00","Action":"output","Package":"github.com/ollama/ollama/agent/tools","Test":"TestWebFetchRejectsUnsupportedScheme/data_scheme","Output":"=== RUN   TestWebFetchRejectsUnsupportedScheme/data_scheme\n"}
{"Time":"2026-09-20T18:43:21.496331+10:00","Action":"output","Package":"github.com/ollama/ollama/agent/tools","Test":"TestWebFetchRejectsUnsupportedScheme/data_scheme","Output":"--- PASS: TestWebFetchRejectsUnsupportedScheme/data_scheme (0.00s)\n"}
{"Time":"2026-09-20T18:43:21.496859+10:00","Action":"pass","Package":"github.com/ollama/ollama/agent/tools","Test":"TestWebFetchRejectsUnsupportedScheme/data_scheme","Elapsed":0}
{"Time":"2026-09-20T18:43:21.496918+10:00","Action":"run","Package":"github.com/ollama/ollama/agent/tools","Test":"TestWebFetchRejectsUnsupportedScheme/ftp_scheme"}
{"Time":"2026-09-20T18:43:21.496943+10:00","Action":"output","Package":"github.com/ollama/ollama/agent/tools","Test":"TestWebFetchRejectsUnsupportedScheme/ftp_scheme","Output":"=== RUN   TestWebFetchRejectsUnsupportedScheme/ftp_scheme\n"}
{"Time":"2026-09-20T18:43:21.496968+10:00","Action":"output","Package":"github.com/ollama/ollama/agent/tools","Test":"TestWebFetchRejectsUnsupportedScheme/ftp_scheme","Output":"--- PASS: TestWebFetchRejectsUnsupportedScheme/ftp_scheme (0.00s)\n"}
{"Time":"2026-09-20T18:43:21.496994+10:00","Action":"pass","Package":"github.com/ollama/ollama/agent/tools","Test":"TestWebFetchRejectsUnsupportedScheme/ftp_scheme","Elapsed":0}
{"Time":"2026-09-20T18:43:21.497017+10:00","Action":"run","Package":"github.com/ollama/ollama/agent/tools","Test":"TestWebFetchRejectsUnsupportedScheme/http_allowed"}
{"Time":"2026-09-20T18:43:21.497038+10:00","Action":"output","Package":"github.com/ollama/ollama/agent/tools","Test":"TestWebFetchRejectsUnsupportedScheme/http_allowed","Output":"=== RUN   TestWebFetchRejectsUnsupportedScheme/http_allowed\n"}
{"Time":"2026-09-20T18:43:21.497064+10:00","Action":"output","Package":"github.com/ollama/ollama/agent/tools","Test":"TestWebFetchRejectsUnsupportedScheme/http_allowed","Output":"--- PASS: TestWebFetchRejectsUnsupportedScheme/http_allowed (0.00s)\n"}
{"Time":"2026-09-20T18:43:21.497085+10:00","Action":"pass","Package":"github.com/ollama/ollama/agent/tools","Test":"TestWebFetchRejectsUnsupportedScheme/http_allowed","Elapsed":0}
{"Time":"2026-09-20T18:43:21.497107+10:00","Action":"run","Package":"github.com/ollama/ollama/agent/tools","Test":"TestWebFetchRejectsUnsupportedScheme/https_allowed"}
{"Time":"2026-09-20T18:43:21.497135+10:00","Action":"output","Package":"github.com/ollama/ollama/agent/tools","Test":"TestWebFetchRejectsUnsupportedScheme/https_allowed","Output":"=== RUN   TestWebFetchRejectsUnsupportedScheme/https_allowed\n"}
{"Time":"2026-09-20T18:43:21.497705+10:00","Action":"output","Package":"github.com/ollama/ollama/agent/tools","Test":"TestWebFetchRejectsUnsupportedScheme/https_allowed","Output":"--- PASS: TestWebFetchRejectsUnsupportedScheme/https_allowed (0.00s)\n"}
{"Time":"2026-09-20T18:43:21.497782+10:00","Action":"pass","Package":"github.com/ollama/ollama/agent/tools","Test":"TestWebFetchRejectsUnsupportedScheme/https_allowed","Elapsed":0}
{"Time":"2026-09-20T18:43:21.499999+10:00","Action":"output","Package":"github.com/ollama/ollama/agent/tools","Test":"TestWebFetchRejectsUnsupportedScheme","Output":"--- PASS: TestWebFetchRejectsUnsupportedScheme (0.00s)\n"}
{"Time":"2026-09-20T18:43:21.500075+10:00","Action":"pass","Package":"github.com/ollama/ollama/agent/tools","Test":"TestWebFetchRejectsUnsupportedScheme","Elapsed":0}
{"Time":"2026-09-20T18:43:21.500102+10:00","Action":"run","Package":"github.com/ollama/ollama/agent/tools","Test":"TestWebFetchBoundsContentBeforeReturning"}
{"Time":"2026-09-20T18:43:21.500125+10:00","Action":"output","Package":"github.com/ollama/ollama/agent/tools","Test":"TestWebFetchBoundsContentBeforeReturning","Output":"=== RUN   TestWebFetchBoundsContentBeforeReturning\n"}
{"Time":"2026-09-20T18:43:21.506699+10:00","Action":"output","Package":"github.com/ollama/ollama/agent/tools","Test":"TestWebFetchBoundsContentBeforeReturning","Output":"--- PASS: TestWebFetchBoundsContentBeforeReturning (0.01s)\n"}
{"Time":"2026-09-20T18:43:21.506772+10:00","Action":"pass","Package":"github.com/ollama/ollama/agent/tools","Test":"TestWebFetchBoundsContentBeforeReturning","Elapsed":0.01}
{"Time":"2026-09-20T18:43:21.506804+10:00","Action":"run","Package":"github.com/ollama/ollama/agent/tools","Test":"TestWebToolsRejectWhenCloudDisabled"}
{"Time":"2026-09-20T18:43:21.50683+10:00","Action":"output","Package":"github.com/ollama/ollama/agent/tools","Test":"TestWebToolsRejectWhenCloudDisabled","Output":"=== RUN   TestWebToolsRejectWhenCloudDisabled\n"}
{"Time":"2026-09-20T18:43:21.506858+10:00","Action":"run","Package":"github.com/ollama/ollama/agent/tools","Test":"TestWebToolsRejectWhenCloudDisabled/search"}
{"Time":"2026-09-20T18:43:21.50688+10:00","Action":"output","Package":"github.com/ollama/ollama/agent/tools","Test":"TestWebToolsRejectWhenCloudDisabled/search","Output":"=== RUN   TestWebToolsRejectWhenCloudDisabled/search\n"}
{"Time":"2026-09-20T18:43:21.506902+10:00","Action":"output","Package":"github.com/ollama/ollama/agent/tools","Test":"TestWebToolsRejectWhenCloudDisabled/search","Output":"--- PASS: TestWebToolsRejectWhenCloudDisabled/search (0.00s)\n"}
{"Time":"2026-09-20T18:43:21.506928+10:00","Action":"pass","Package":"github.com/ollama/ollama/agent/tools","Test":"TestWebToolsRejectWhenCloudDisabled/search","Elapsed":0}
{"Time":"2026-09-20T18:43:21.506955+10:00","Action":"run","Package":"github.com/ollama/ollama/agent/tools","Test":"TestWebToolsRejectWhenCloudDisabled/fetch"}
{"Time":"2026-09-20T18:43:21.507003+10:00","Action":"output","Package":"github.com/ollama/ollama/agent/tools","Test":"TestWebToolsRejectWhenCloudDisabled/fetch","Output":"=== RUN   TestWebToolsRejectWhenCloudDisabled/fetch\n"}
{"Time":"2026-09-20T18:43:21.507052+10:00","Action":"output","Package":"github.com/ollama/ollama/agent/tools","Test":"TestWebToolsRejectWhenCloudDisabled/fetch","Output":"--- PASS: TestWebToolsRejectWhenCloudDisabled/fetch (0.00s)\n"}
{"Time":"2026-09-20T18:43:21.507314+10:00","Action":"pass","Package":"github.com/ollama/ollama/agent/tools","Test":"TestWebToolsRejectWhenCloudDisabled/fetch","Elapsed":0}
{"Time":"2026-09-20T18:43:21.507353+10:00","Action":"output","Package":"github.com/ollama/ollama/agent/tools","Test":"TestWebToolsRejectWhenCloudDisabled","Output":"--- PASS: TestWebToolsRejectWhenCloudDisabled (0.00s)\n"}
{"Time":"2026-09-20T18:43:21.507372+10:00","Action":"pass","Package":"github.com/ollama/ollama/agent/tools","Test":"TestWebToolsRejectWhenCloudDisabled","Elapsed":0}
{"Time":"2026-09-20T18:43:21.507396+10:00","Action":"output","Package":"github.com/ollama/ollama/agent/tools","Output":"PASS\n"}
{"Time":"2026-09-20T18:43:21.50847+10:00","Action":"output","Package":"github.com/ollama/ollama/agent/tools","Output":"ok  \tgithub.com/ollama/ollama/agent/tools\t8.608s\n"}
{"Time":"2026-09-20T18:43:21.508545+10:00","Action":"pass","Package":"github.com/ollama/ollama/agent/tools","Elapsed":8.608}
{"Time":"2026-09-20T18:43:30.875763+10:00","Action":"start","Package":"github.com/ollama/ollama/app/ui"}
{"Time":"2026-09-20T18:43:30.876141+10:00","Action":"start","Package":"github.com/ollama/ollama/app/tools"}
{"Time":"2026-09-20T18:43:31.68372+10:00","Action":"run","Package":"github.com/ollama/ollama/app/ui","Test":"TestApprovalGateLetsUngatedToolsThrough"}
{"Time":"2026-09-20T18:43:31.683843+10:00","Action":"output","Package":"github.com/ollama/ollama/app/ui","Test":"TestApprovalGateLetsUngatedToolsThrough","Output":"=== RUN   TestApprovalGateLetsUngatedToolsThrough\n"}
{"Time":"2026-09-20T18:43:31.683896+10:00","Action":"output","Package":"github.com/ollama/ollama/app/ui","Test":"TestApprovalGateLetsUngatedToolsThrough","Output":"--- PASS: TestApprovalGateLetsUngatedToolsThrough (0.00s)\n"}
{"Time":"2026-09-20T18:43:31.683921+10:00","Action":"pass","Package":"github.com/ollama/ollama/app/ui","Test":"TestApprovalGateLetsUngatedToolsThrough","Elapsed":0}
{"Time":"2026-09-20T18:43:31.683941+10:00","Action":"run","Package":"github.com/ollama/ollama/app/ui","Test":"TestApprovalGateIgnoresUnknownTools"}
{"Time":"2026-09-20T18:43:31.683958+10:00","Action":"output","Package":"github.com/ollama/ollama/app/ui","Test":"TestApprovalGateIgnoresUnknownTools","Output":"=== RUN   TestApprovalGateIgnoresUnknownTools\n"}
{"Time":"2026-09-20T18:43:31.683974+10:00","Action":"output","Package":"github.com/ollama/ollama/app/ui","Test":"TestApprovalGateIgnoresUnknownTools","Output":"--- PASS: TestApprovalGateIgnoresUnknownTools (0.00s)\n"}
{"Time":"2026-09-20T18:43:31.683989+10:00","Action":"pass","Package":"github.com/ollama/ollama/app/ui","Test":"TestApprovalGateIgnoresUnknownTools","Elapsed":0}
{"Time":"2026-09-20T18:43:31.684012+10:00","Action":"run","Package":"github.com/ollama/ollama/app/ui","Test":"TestApprovalRoundTrip"}
{"Time":"2026-09-20T18:43:31.684029+10:00","Action":"output","Package":"github.com/ollama/ollama/app/ui","Test":"TestApprovalRoundTrip","Output":"=== RUN   TestApprovalRoundTrip\n"}
{"Time":"2026-09-20T18:43:31.689643+10:00","Action":"output","Package":"github.com/ollama/ollama/app/ui","Test":"TestApprovalRoundTrip","Output":"--- PASS: TestApprovalRoundTrip (0.01s)\n"}
{"Time":"2026-09-20T18:43:31.689701+10:00","Action":"pass","Package":"github.com/ollama/ollama/app/ui","Test":"TestApprovalRoundTrip","Elapsed":0.01}
{"Time":"2026-09-20T18:43:31.689734+10:00","Action":"run","Package":"github.com/ollama/ollama/app/ui","Test":"TestDeclinedApprovalStopsTheCall"}
{"Time":"2026-09-20T18:43:31.68975+10:00","Action":"output","Package":"github.com/ollama/ollama/app/ui","Test":"TestDeclinedApprovalStopsTheCall","Output":"=== RUN   TestDeclinedApprovalStopsTheCall\n"}
{"Time":"2026-09-20T18:43:31.695465+10:00","Action":"output","Package":"github.com/ollama/ollama/app/ui","Test":"TestDeclinedApprovalStopsTheCall","Output":"--- PASS: TestDeclinedApprovalStopsTheCall (0.01s)\n"}
{"Time":"2026-09-20T18:43:31.695537+10:00","Action":"pass","Package":"github.com/ollama/ollama/app/ui","Test":"TestDeclinedApprovalStopsTheCall","Elapsed":0.01}
{"Time":"2026-09-20T18:43:31.695565+10:00","Action":"run","Package":"github.com/ollama/ollama/app/ui","Test":"TestRememberedApprovalIsNotAskedAgain"}
{"Time":"2026-09-20T18:43:31.695582+10:00","Action":"output","Package":"github.com/ollama/ollama/app/ui","Test":"TestRememberedApprovalIsNotAskedAgain","Output":"=== RUN   TestRememberedApprovalIsNotAskedAgain\n"}
{"Time":"2026-09-20T18:43:31.707288+10:00","Action":"output","Package":"github.com/ollama/ollama/app/ui","Test":"TestRememberedApprovalIsNotAskedAgain","Output":"--- PASS: TestRememberedApprovalIsNotAskedAgain (0.01s)\n"}
{"Time":"2026-09-20T18:43:31.707385+10:00","Action":"pass","Package":"github.com/ollama/ollama/app/ui","Test":"TestRememberedApprovalIsNotAskedAgain","Elapsed":0.01}
{"Time":"2026-09-20T18:43:31.70743+10:00","Action":"run","Package":"github.com/ollama/ollama/app/ui","Test":"TestApprovalFromAnotherChatIsRefused"}
{"Time":"2026-09-20T18:43:31.707461+10:00","Action":"output","Package":"github.com/ollama/ollama/app/ui","Test":"TestApprovalFromAnotherChatIsRefused","Output":"=== RUN   TestApprovalFromAnotherChatIsRefused\n"}
{"Time":"2026-09-20T18:43:31.713289+10:00","Action":"output","Package":"github.com/ollama/ollama/app/ui","Test":"TestApprovalFromAnotherChatIsRefused","Output":"    approval_test.go:228: chatApproval: approval does not belong to this chat\n"}
{"Time":"2026-09-20T18:43:31.914522+10:00","Action":"output","Package":"github.com/ollama/ollama/app/ui","Test":"TestApprovalFromAnotherChatIsRefused","Output":"--- PASS: TestApprovalFromAnotherChatIsRefused (0.21s)\n"}
{"Time":"2026-09-20T18:43:31.914916+10:00","Action":"pass","Package":"github.com/ollama/ollama/app/ui","Test":"TestApprovalFromAnotherChatIsRefused","Elapsed":0.21}
{"Time":"2026-09-20T18:43:31.914984+10:00","Action":"run","Package":"github.com/ollama/ollama/app/ui","Test":"TestApprovalForSomethingNotWaitingIsAConflict"}
{"Time":"2026-09-20T18:43:31.915004+10:00","Action":"output","Package":"github.com/ollama/ollama/app/ui","Test":"TestApprovalForSomethingNotWaitingIsAConflict","Output":"=== RUN   TestApprovalForSomethingNotWaitingIsAConflict\n"}
{"Time":"2026-09-20T18:43:31.915027+10:00","Action":"output","Package":"github.com/ollama/ollama/app/ui","Test":"TestApprovalForSomethingNotWaitingIsAConflict","Output":"    approval_test.go:245: chatApproval: no tool call is waiting for that approval\n"}
{"Time":"2026-09-20T18:43:31.915046+10:00","Action":"output","Package":"github.com/ollama/ollama/app/ui","Test":"TestApprovalForSomethingNotWaitingIsAConflict","Output":"--- PASS: TestApprovalForSomethingNotWaitingIsAConflict (0.00s)\n"}
{"Time":"2026-09-20T18:43:31.915063+10:00","Action":"pass","Package":"github.com/ollama/ollama/app/ui","Test":"TestApprovalForSomethingNotWaitingIsAConflict","Elapsed":0}
{"Time":"2026-09-20T18:43:31.915081+10:00","Action":"run","Package":"github.com/ollama/ollama/app/ui","Test":"TestApprovalRequiresAnIdentifier"}
{"Time":"2026-09-20T18:43:31.915102+10:00","Action":"output","Package":"github.com/ollama/ollama/app/ui","Test":"TestApprovalRequiresAnIdentifier","Output":"=== RUN   TestApprovalRequiresAnIdentifier\n"}
{"Time":"2026-09-20T18:43:31.915121+10:00","Action":"output","Package":"github.com/ollama/ollama/app/ui","Test":"TestApprovalRequiresAnIdentifier","Output":"    approval_test.go:253: chatApproval: approvalId is required\n"}
{"Time":"2026-09-20T18:43:31.915137+10:00","Action":"output","Package":"github.com/ollama/ollama/app/ui","Test":"TestApprovalRequiresAnIdentifier","Output":"--- PASS: TestApprovalRequiresAnIdentifier (0.00s)\n"}
{"Time":"2026-09-20T18:43:31.915152+10:00","Action":"pass","Package":"github.com/ollama/ollama/app/ui","Test":"TestApprovalRequiresAnIdentifier","Elapsed":0}
{"Time":"2026-09-20T18:43:31.915169+10:00","Action":"run","Package":"github.com/ollama/ollama/app/ui","Test":"TestApprovalTimeoutRefusesRatherThanHanging"}
{"Time":"2026-09-20T18:43:31.915184+10:00","Action":"output","Package":"github.com/ollama/ollama/app/ui","Test":"TestApprovalTimeoutRefusesRatherThanHanging","Output":"=== RUN   TestApprovalTimeoutRefusesRatherThanHanging\n"}
{"Time":"2026-09-20T18:43:32.065581+10:00","Action":"output","Package":"github.com/ollama/ollama/app/ui","Test":"TestApprovalTimeoutRefusesRatherThanHanging","Output":"--- PASS: TestApprovalTimeoutRefusesRatherThanHanging (0.15s)\n"}
{"Time":"2026-09-20T18:43:32.065667+10:00","Action":"pass","Package":"github.com/ollama/ollama/app/ui","Test":"TestApprovalTimeoutRefusesRatherThanHanging","Elapsed":0.15}
{"Time":"2026-09-20T18:43:32.065703+10:00","Action":"run","Package":"github.com/ollama/ollama/app/ui","Test":"TestChatRegistryOffersMCPTools"}
{"Time":"2026-09-20T18:43:32.065729+10:00","Action":"output","Package":"github.com/ollama/ollama/app/ui","Test":"TestChatRegistryOffersMCPTools","Output":"=== RUN   TestChatRegistryOffersMCPTools\n"}
{"Time":"2026-09-20T18:43:32.586383+10:00","Action":"run","Package":"github.com/ollama/ollama/app/tools","Test":"TestToolRequiresApproval"}
{"Time":"2026-09-20T18:43:32.586562+10:00","Action":"output","Package":"github.com/ollama/ollama/app/tools","Test":"TestToolRequiresApproval","Output":"=== RUN   TestToolRequiresApproval\n"}
{"Time":"2026-09-20T18:43:32.586634+10:00","Action":"output","Package":"github.com/ollama/ollama/app/tools","Test":"TestToolRequiresApproval","Output":"--- PASS: TestToolRequiresApproval (0.00s)\n"}
{"Time":"2026-09-20T18:43:32.586652+10:00","Action":"pass","Package":"github.com/ollama/ollama/app/tools","Test":"TestToolRequiresApproval","Elapsed":0}
{"Time":"2026-09-20T18:43:32.586669+10:00","Action":"run","Package":"github.com/ollama/ollama/app/tools","Test":"TestToolApprovalScope"}
{"Time":"2026-09-20T18:43:32.586684+10:00","Action":"output","Package":"github.com/ollama/ollama/app/tools","Test":"TestToolApprovalScope","Output":"=== RUN   TestToolApprovalScope\n"}
{"Time":"2026-09-20T18:43:32.586699+10:00","Action":"output","Package":"github.com/ollama/ollama/app/tools","Test":"TestToolApprovalScope","Output":"--- PASS: TestToolApprovalScope (0.00s)\n"}
{"Time":"2026-09-20T18:43:32.586718+10:00","Action":"pass","Package":"github.com/ollama/ollama/app/tools","Test":"TestToolApprovalScope","Elapsed":0}
{"Time":"2026-09-20T18:43:32.586732+10:00","Action":"run","Package":"github.com/ollama/ollama/app/tools","Test":"TestAwaitBlocksUntilAnswered"}
{"Time":"2026-09-20T18:43:32.586746+10:00","Action":"output","Package":"github.com/ollama/ollama/app/tools","Test":"TestAwaitBlocksUntilAnswered","Output":"=== RUN   TestAwaitBlocksUntilAnswered\n"}
{"Time":"2026-09-20T18:43:32.637723+10:00","Action":"output","Package":"github.com/ollama/ollama/app/tools","Test":"TestAwaitBlocksUntilAnswered","Output":"--- PASS: TestAwaitBlocksUntilAnswered (0.05s)\n"}
{"Time":"2026-09-20T18:43:32.637801+10:00","Action":"pass","Package":"github.com/ollama/ollama/app/tools","Test":"TestAwaitBlocksUntilAnswered","Elapsed":0.05}
{"Time":"2026-09-20T18:43:32.637822+10:00","Action":"run","Package":"github.com/ollama/ollama/app/tools","Test":"TestResolveIsOnlyEverHonouredOnce"}
{"Time":"2026-09-20T18:43:32.637839+10:00","Action":"output","Package":"github.com/ollama/ollama/app/tools","Test":"TestResolveIsOnlyEverHonouredOnce","Output":"=== RUN   TestResolveIsOnlyEverHonouredOnce\n"}
{"Time":"2026-09-20T18:43:32.638516+10:00","Action":"output","Package":"github.com/ollama/ollama/app/tools","Test":"TestResolveIsOnlyEverHonouredOnce","Output":"--- PASS: TestResolveIsOnlyEverHonouredOnce (0.00s)\n"}
{"Time":"2026-09-20T18:43:32.638588+10:00","Action":"pass","Package":"github.com/ollama/ollama/app/tools","Test":"TestResolveIsOnlyEverHonouredOnce","Elapsed":0}
{"Time":"2026-09-20T18:43:32.638607+10:00","Action":"run","Package":"github.com/ollama/ollama/app/tools","Test":"TestResolveUnknownRequest"}
{"Time":"2026-09-20T18:43:32.638624+10:00","Action":"output","Package":"github.com/ollama/ollama/app/tools","Test":"TestResolveUnknownRequest","Output":"=== RUN   TestResolveUnknownRequest\n"}
{"Time":"2026-09-20T18:43:32.639281+10:00","Action":"output","Package":"github.com/ollama/ollama/app/tools","Test":"TestResolveUnknownRequest","Output":"--- PASS: TestResolveUnknownRequest (0.00s)\n"}
{"Time":"2026-09-20T18:43:32.639339+10:00","Action":"pass","Package":"github.com/ollama/ollama/app/tools","Test":"TestResolveUnknownRequest","Elapsed":0}
{"Time":"2026-09-20T18:43:32.63936+10:00","Action":"run","Package":"github.com/ollama/ollama/app/tools","Test":"TestAwaitStopsWhenTheChatIsCancelled"}
{"Time":"2026-09-20T18:43:32.639378+10:00","Action":"output","Package":"github.com/ollama/ollama/app/tools","Test":"TestAwaitStopsWhenTheChatIsCancelled","Output":"=== RUN   TestAwaitStopsWhenTheChatIsCancelled\n"}
{"Time":"2026-09-20T18:43:32.639396+10:00","Action":"output","Package":"github.com/ollama/ollama/app/tools","Test":"TestAwaitStopsWhenTheChatIsCancelled","Output":"--- PASS: TestAwaitStopsWhenTheChatIsCancelled (0.00s)\n"}
{"Time":"2026-09-20T18:43:32.639693+10:00","Action":"pass","Package":"github.com/ollama/ollama/app/tools","Test":"TestAwaitStopsWhenTheChatIsCancelled","Elapsed":0}
{"Time":"2026-09-20T18:43:32.639748+10:00","Action":"run","Package":"github.com/ollama/ollama/app/tools","Test":"TestAwaitTimesOutAndRefuses"}
{"Time":"2026-09-20T18:43:32.639771+10:00","Action":"output","Package":"github.com/ollama/ollama/app/tools","Test":"TestAwaitTimesOutAndRefuses","Output":"=== RUN   TestAwaitTimesOutAndRefuses\n"}
{"Time":"2026-09-20T18:43:32.789718+10:00","Action":"output","Package":"github.com/ollama/ollama/app/tools","Test":"TestAwaitTimesOutAndRefuses","Output":"--- PASS: TestAwaitTimesOutAndRefuses (0.15s)\n"}
{"Time":"2026-09-20T18:43:32.789792+10:00","Action":"pass","Package":"github.com/ollama/ollama/app/tools","Test":"TestAwaitTimesOutAndRefuses","Elapsed":0.15}
{"Time":"2026-09-20T18:43:32.789815+10:00","Action":"run","Package":"github.com/ollama/ollama/app/tools","Test":"TestAwaitReturnsANotifyFailure"}
{"Time":"2026-09-20T18:43:32.789831+10:00","Action":"output","Package":"github.com/ollama/ollama/app/tools","Test":"TestAwaitReturnsANotifyFailure","Output":"=== RUN   TestAwaitReturnsANotifyFailure\n"}
{"Time":"2026-09-20T18:43:32.789848+10:00","Action":"output","Package":"github.com/ollama/ollama/app/tools","Test":"TestAwaitReturnsANotifyFailure","Output":"--- PASS: TestAwaitReturnsANotifyFailure (0.00s)\n"}
{"Time":"2026-09-20T18:43:32.789864+10:00","Action":"pass","Package":"github.com/ollama/ollama/app/tools","Test":"TestAwaitReturnsANotifyFailure","Elapsed":0}
{"Time":"2026-09-20T18:43:32.789878+10:00","Action":"run","Package":"github.com/ollama/ollama/app/tools","Test":"TestRememberGrantsTheScopeForTheChatOnly"}
{"Time":"2026-09-20T18:43:32.789895+10:00","Action":"output","Package":"github.com/ollama/ollama/app/tools","Test":"TestRememberGrantsTheScopeForTheChatOnly","Output":"=== RUN   TestRememberGrantsTheScopeForTheChatOnly\n"}
{"Time":"2026-09-20T18:43:32.789911+10:00","Action":"output","Package":"github.com/ollama/ollama/app/tools","Test":"TestRememberGrantsTheScopeForTheChatOnly","Output":"--- PASS: TestRememberGrantsTheScopeForTheChatOnly (0.00s)\n"}
{"Time":"2026-09-20T18:43:32.789929+10:00","Action":"pass","Package":"github.com/ollama/ollama/app/tools","Test":"TestRememberGrantsTheScopeForTheChatOnly","Elapsed":0}
{"Time":"2026-09-20T18:43:32.789945+10:00","Action":"run","Package":"github.com/ollama/ollama/app/tools","Test":"TestRememberAllIsSeparateAndDeliberate"}
{"Time":"2026-09-20T18:43:32.78996+10:00","Action":"output","Package":"github.com/ollama/ollama/app/tools","Test":"TestRememberAllIsSeparateAndDeliberate","Output":"=== RUN   TestRememberAllIsSeparateAndDeliberate\n"}
{"Time":"2026-09-20T18:43:32.789995+10:00","Action":"output","Package":"github.com/ollama/ollama/app/tools","Test":"TestRememberAllIsSeparateAndDeliberate","Output":"--- PASS: TestRememberAllIsSeparateAndDeliberate (0.00s)\n"}
{"Time":"2026-09-20T18:43:32.790019+10:00","Action":"pass","Package":"github.com/ollama/ollama/app/tools","Test":"TestRememberAllIsSeparateAndDeliberate","Elapsed":0}
{"Time":"2026-09-20T18:43:32.790035+10:00","Action":"run","Package":"github.com/ollama/ollama/app/tools","Test":"TestDecliningNeverGrantsAnything"}
{"Time":"2026-09-20T18:43:32.790049+10:00","Action":"output","Package":"github.com/ollama/ollama/app/tools","Test":"TestDecliningNeverGrantsAnything","Output":"=== RUN   TestDecliningNeverGrantsAnything\n"}
{"Time":"2026-09-20T18:43:32.790102+10:00","Action":"output","Package":"github.com/ollama/ollama/app/tools","Test":"TestDecliningNeverGrantsAnything","Output":"--- PASS: TestDecliningNeverGrantsAnything (0.00s)\n"}
{"Time":"2026-09-20T18:43:32.790134+10:00","Action":"pass","Package":"github.com/ollama/ollama/app/tools","Test":"TestDecliningNeverGrantsAnything","Elapsed":0}
{"Time":"2026-09-20T18:43:32.790152+10:00","Action":"run","Package":"github.com/ollama/ollama/app/tools","Test":"TestCancelChatRefusesOnlyThatChat"}
{"Time":"2026-09-20T18:43:32.790168+10:00","Action":"output","Package":"github.com/ollama/ollama/app/tools","Test":"TestCancelChatRefusesOnlyThatChat","Output":"=== RUN   TestCancelChatRefusesOnlyThatChat\n"}
{"Time":"2026-09-20T18:43:32.891005+10:00","Action":"output","Package":"github.com/ollama/ollama/app/tools","Test":"TestCancelChatRefusesOnlyThatChat","Output":"--- PASS: TestCancelChatRefusesOnlyThatChat (0.10s)\n"}
{"Time":"2026-09-20T18:43:32.891117+10:00","Action":"pass","Package":"github.com/ollama/ollama/app/tools","Test":"TestCancelChatRefusesOnlyThatChat","Elapsed":0.1}
{"Time":"2026-09-20T18:43:32.891164+10:00","Action":"run","Package":"github.com/ollama/ollama/app/tools","Test":"TestConcurrentApprovalsDoNotInterfere"}
{"Time":"2026-09-20T18:43:32.89119+10:00","Action":"output","Package":"github.com/ollama/ollama/app/tools","Test":"TestConcurrentApprovalsDoNotInterfere","Output":"=== RUN   TestConcurrentApprovalsDoNotInterfere\n"}
{"Time":"2026-09-20T18:43:32.891382+10:00","Action":"output","Package":"github.com/ollama/ollama/app/tools","Test":"TestConcurrentApprovalsDoNotInterfere","Output":"--- PASS: TestConcurrentApprovalsDoNotInterfere (0.00s)\n"}
{"Time":"2026-09-20T18:43:32.891422+10:00","Action":"pass","Package":"github.com/ollama/ollama/app/tools","Test":"TestConcurrentApprovalsDoNotInterfere","Elapsed":0}
{"Time":"2026-09-20T18:43:32.891447+10:00","Action":"run","Package":"github.com/ollama/ollama/app/tools","Test":"TestBrowser_Scroll_AppendsOnlyPageStack"}
{"Time":"2026-09-20T18:43:32.891467+10:00","Action":"output","Package":"github.com/ollama/ollama/app/tools","Test":"TestBrowser_Scroll_AppendsOnlyPageStack","Output":"=== RUN   TestBrowser_Scroll_AppendsOnlyPageStack\n"}
{"Time":"2026-09-20T18:43:32.891494+10:00","Action":"output","Package":"github.com/ollama/ollama/app/tools","Test":"TestBrowser_Scroll_AppendsOnlyPageStack","Output":"--- PASS: TestBrowser_Scroll_AppendsOnlyPageStack (0.00s)\n"}
{"Time":"2026-09-20T18:43:32.891511+10:00","Action":"pass","Package":"github.com/ollama/ollama/app/tools","Test":"TestBrowser_Scroll_AppendsOnlyPageStack","Elapsed":0}
{"Time":"2026-09-20T18:43:32.891531+10:00","Action":"run","Package":"github.com/ollama/ollama/app/tools","Test":"TestBrowserOpen_UseCacheByURL"}
{"Time":"2026-09-20T18:43:32.891552+10:00","Action":"output","Package":"github.com/ollama/ollama/app/tools","Test":"TestBrowserOpen_UseCacheByURL","Output":"=== RUN   TestBrowserOpen_UseCacheByURL\n"}
{"Time":"2026-09-20T18:43:32.891571+10:00","Action":"output","Package":"github.com/ollama/ollama/app/tools","Test":"TestBrowserOpen_UseCacheByURL","Output":"--- PASS: TestBrowserOpen_UseCacheByURL (0.00s)\n"}
{"Time":"2026-09-20T18:43:32.891589+10:00","Action":"pass","Package":"github.com/ollama/ollama/app/tools","Test":"TestBrowserOpen_UseCacheByURL","Elapsed":0}
{"Time":"2026-09-20T18:43:32.891607+10:00","Action":"run","Package":"github.com/ollama/ollama/app/tools","Test":"TestBrowserOpen_RejectsUncachedDirectURL"}
{"Time":"2026-09-20T18:43:32.891625+10:00","Action":"output","Package":"github.com/ollama/ollama/app/tools","Test":"TestBrowserOpen_RejectsUncachedDirectURL","Output":"=== RUN   TestBrowserOpen_RejectsUncachedDirectURL\n"}
{"Time":"2026-09-20T18:43:32.891645+10:00","Action":"output","Package":"github.com/ollama/ollama/app/tools","Test":"TestBrowserOpen_RejectsUncachedDirectURL","Output":"--- PASS: TestBrowserOpen_RejectsUncachedDirectURL (0.00s)\n"}
{"Time":"2026-09-20T18:43:32.891662+10:00","Action":"pass","Package":"github.com/ollama/ollama/app/tools","Test":"TestBrowserOpen_RejectsUncachedDirectURL","Elapsed":0}
{"Time":"2026-09-20T18:43:32.891679+10:00","Action":"run","Package":"github.com/ollama/ollama/app/tools","Test":"TestDirectURLsFromText_AllowsExactUserURLsOnly"}
{"Time":"2026-09-20T18:43:32.891696+10:00","Action":"output","Package":"github.com/ollama/ollama/app/tools","Test":"TestDirectURLsFromText_AllowsExactUserURLsOnly","Output":"=== RUN   TestDirectURLsFromText_AllowsExactUserURLsOnly\n"}
{"Time":"2026-09-20T18:43:32.891713+10:00","Action":"output","Package":"github.com/ollama/ollama/app/tools","Test":"TestDirectURLsFromText_AllowsExactUserURLsOnly","Output":"--- PASS: TestDirectURLsFromText_AllowsExactUserURLsOnly (0.00s)\n"}
{"Time":"2026-09-20T18:43:32.891731+10:00","Action":"pass","Package":"github.com/ollama/ollama/app/tools","Test":"TestDirectURLsFromText_AllowsExactUserURLsOnly","Elapsed":0}
{"Time":"2026-09-20T18:43:32.891747+10:00","Action":"run","Package":"github.com/ollama/ollama/app/tools","Test":"TestDisplayPage_InvalidLoc"}
{"Time":"2026-09-20T18:43:32.891762+10:00","Action":"output","Package":"github.com/ollama/ollama/app/tools","Test":"TestDisplayPage_InvalidLoc","Output":"=== RUN   TestDisplayPage_InvalidLoc\n"}
{"Time":"2026-09-20T18:43:32.891781+10:00","Action":"output","Package":"github.com/ollama/ollama/app/tools","Test":"TestDisplayPage_InvalidLoc","Output":"--- PASS: TestDisplayPage_InvalidLoc (0.00s)\n"}
{"Time":"2026-09-20T18:43:32.891798+10:00","Action":"pass","Package":"github.com/ollama/ollama/app/tools","Test":"TestDisplayPage_InvalidLoc","Elapsed":0}
{"Time":"2026-09-20T18:43:32.891813+10:00","Action":"run","Package":"github.com/ollama/ollama/app/tools","Test":"TestBrowserOpen_LinkId_UsesCacheAndAppends"}
{"Time":"2026-09-20T18:43:32.891826+10:00","Action":"output","Package":"github.com/ollama/ollama/app/tools","Test":"TestBrowserOpen_LinkId_UsesCacheAndAppends","Output":"=== RUN   TestBrowserOpen_LinkId_UsesCacheAndAppends\n"}
{"Time":"2026-09-20T18:43:32.891841+10:00","Action":"output","Package":"github.com/ollama/ollama/app/tools","Test":"TestBrowserOpen_LinkId_UsesCacheAndAppends","Output":"--- PASS: TestBrowserOpen_LinkId_UsesCacheAndAppends (0.00s)\n"}
{"Time":"2026-09-20T18:43:32.891854+10:00","Action":"pass","Package":"github.com/ollama/ollama/app/tools","Test":"TestBrowserOpen_LinkId_UsesCacheAndAppends","Elapsed":0}
{"Time":"2026-09-20T18:43:32.891867+10:00","Action":"run","Package":"github.com/ollama/ollama/app/tools","Test":"TestWrapLines_PreserveAndWidth"}
{"Time":"2026-09-20T18:43:32.891887+10:00","Action":"output","Package":"github.com/ollama/ollama/app/tools","Test":"TestWrapLines_PreserveAndWidth","Output":"=== RUN   TestWrapLines_PreserveAndWidth\n"}
{"Time":"2026-09-20T18:43:32.891902+10:00","Action":"output","Package":"github.com/ollama/ollama/app/tools","Test":"TestWrapLines_PreserveAndWidth","Output":"--- PASS: TestWrapLines_PreserveAndWidth (0.00s)\n"}
{"Time":"2026-09-20T18:43:32.891915+10:00","Action":"pass","Package":"github.com/ollama/ollama/app/tools","Test":"TestWrapLines_PreserveAndWidth","Elapsed":0}
{"Time":"2026-09-20T18:43:32.891929+10:00","Action":"run","Package":"github.com/ollama/ollama/app/tools","Test":"TestDisplayPage_FormatHeaderAndLines"}
{"Time":"2026-09-20T18:43:32.891942+10:00","Action":"output","Package":"github.com/ollama/ollama/app/tools","Test":"TestDisplayPage_FormatHeaderAndLines","Output":"=== RUN   TestDisplayPage_FormatHeaderAndLines\n"}
{"Time":"2026-09-20T18:43:32.891962+10:00","Action":"output","Package":"github.com/ollama/ollama/app/tools","Test":"TestDisplayPage_FormatHeaderAndLines","Output":"--- PASS: TestDisplayPage_FormatHeaderAndLines (0.00s)\n"}
{"Time":"2026-09-20T18:43:32.891976+10:00","Action":"pass","Package":"github.com/ollama/ollama/app/tools","Test":"TestDisplayPage_FormatHeaderAndLines","Elapsed":0}
{"Time":"2026-09-20T18:43:32.891991+10:00","Action":"run","Package":"github.com/ollama/ollama/app/tools","Test":"TestEnsureCloudEnabledForTool"}
{"Time":"2026-09-20T18:43:32.892006+10:00","Action":"output","Package":"github.com/ollama/ollama/app/tools","Test":"TestEnsureCloudEnabledForTool","Output":"=== RUN   TestEnsureCloudEnabledForTool\n"}
{"Time":"2026-09-20T18:43:32.892025+10:00","Action":"run","Package":"github.com/ollama/ollama/app/tools","Test":"TestEnsureCloudEnabledForTool/enabled_allows_tool_execution"}
{"Time":"2026-09-20T18:43:32.892044+10:00","Action":"output","Package":"github.com/ollama/ollama/app/tools","Test":"TestEnsureCloudEnabledForTool/enabled_allows_tool_execution","Output":"=== RUN   TestEnsureCloudEnabledForTool/enabled_allows_tool_execution\n"}
{"Time":"2026-09-20T18:43:32.893863+10:00","Action":"output","Package":"github.com/ollama/ollama/app/tools","Test":"TestEnsureCloudEnabledForTool/enabled_allows_tool_execution","Output":"--- PASS: TestEnsureCloudEnabledForTool/enabled_allows_tool_execution (0.00s)\n"}
{"Time":"2026-09-20T18:43:32.89399+10:00","Action":"pass","Package":"github.com/ollama/ollama/app/tools","Test":"TestEnsureCloudEnabledForTool/enabled_allows_tool_execution","Elapsed":0}
{"Time":"2026-09-20T18:43:32.894017+10:00","Action":"run","Package":"github.com/ollama/ollama/app/tools","Test":"TestEnsureCloudEnabledForTool/disabled_blocks_tool_execution"}
{"Time":"2026-09-20T18:43:32.894036+10:00","Action":"output","Package":"github.com/ollama/ollama/app/tools","Test":"TestEnsureCloudEnabledForTool/disabled_blocks_tool_execution","Output":"=== RUN   TestEnsureCloudEnabledForTool/disabled_blocks_tool_execution\n"}
{"Time":"2026-09-20T18:43:32.894499+10:00","Action":"output","Package":"github.com/ollama/ollama/app/tools","Test":"TestEnsureCloudEnabledForTool/disabled_blocks_tool_execution","Output":"--- PASS: TestEnsureCloudEnabledForTool/disabled_blocks_tool_execution (0.00s)\n"}
{"Time":"2026-09-20T18:43:32.894542+10:00","Action":"pass","Package":"github.com/ollama/ollama/app/tools","Test":"TestEnsureCloudEnabledForTool/disabled_blocks_tool_execution","Elapsed":0}
{"Time":"2026-09-20T18:43:32.894561+10:00","Action":"run","Package":"github.com/ollama/ollama/app/tools","Test":"TestEnsureCloudEnabledForTool/status_unavailable_fails_closed"}
{"Time":"2026-09-20T18:43:32.894616+10:00","Action":"output","Package":"github.com/ollama/ollama/app/tools","Test":"TestEnsureCloudEnabledForTool/status_unavailable_fails_closed","Output":"=== RUN   TestEnsureCloudEnabledForTool/status_unavailable_fails_closed\n"}
{"Time":"2026-09-20T18:43:32.895182+10:00","Action":"output","Package":"github.com/ollama/ollama/app/tools","Test":"TestEnsureCloudEnabledForTool/status_unavailable_fails_closed","Output":"--- PASS: TestEnsureCloudEnabledForTool/status_unavailable_fails_closed (0.00s)\n"}
{"Time":"2026-09-20T18:43:32.89525+10:00","Action":"pass","Package":"github.com/ollama/ollama/app/tools","Test":"TestEnsureCloudEnabledForTool/status_unavailable_fails_closed","Elapsed":0}
{"Time":"2026-09-20T18:43:32.895268+10:00","Action":"output","Package":"github.com/ollama/ollama/app/tools","Test":"TestEnsureCloudEnabledForTool","Output":"--- PASS: TestEnsureCloudEnabledForTool (0.00s)\n"}
{"Time":"2026-09-20T18:43:32.895284+10:00","Action":"pass","Package":"github.com/ollama/ollama/app/tools","Test":"TestEnsureCloudEnabledForTool","Elapsed":0}
{"Time":"2026-09-20T18:43:32.8953+10:00","Action":"run","Package":"github.com/ollama/ollama/app/tools","Test":"TestRegisterMCPOffersTheServersTools"}
{"Time":"2026-09-20T18:43:32.895313+10:00","Action":"output","Package":"github.com/ollama/ollama/app/tools","Test":"TestRegisterMCPOffersTheServersTools","Output":"=== RUN   TestRegisterMCPOffersTheServersTools\n"}
{"Time":"2026-09-20T18:43:33.156593+10:00","Action":"output","Package":"github.com/ollama/ollama/app/ui","Test":"TestChatRegistryOffersMCPTools","Output":"--- PASS: TestChatRegistryOffersMCPTools (1.09s)\n"}
{"Time":"2026-09-20T18:43:33.156656+10:00","Action":"pass","Package":"github.com/ollama/ollama/app/ui","Test":"TestChatRegistryOffersMCPTools","Elapsed":1.09}
{"Time":"2026-09-20T18:43:33.156677+10:00","Action":"run","Package":"github.com/ollama/ollama/app/ui","Test":"TestChatRegistryWithoutAnMCPManager"}
{"Time":"2026-09-20T18:43:33.156693+10:00","Action":"output","Package":"github.com/ollama/ollama/app/ui","Test":"TestChatRegistryWithoutAnMCPManager","Output":"=== RUN   TestChatRegistryWithoutAnMCPManager\n"}
{"Time":"2026-09-20T18:43:33.15671+10:00","Action":"output","Package":"github.com/ollama/ollama/app/ui","Test":"TestChatRegistryWithoutAnMCPManager","Output":"--- PASS: TestChatRegistryWithoutAnMCPManager (0.00s)\n"}
{"Time":"2026-09-20T18:43:33.156726+10:00","Action":"pass","Package":"github.com/ollama/ollama/app/ui","Test":"TestChatRegistryWithoutAnMCPManager","Elapsed":0}
{"Time":"2026-09-20T18:43:33.156742+10:00","Action":"run","Package":"github.com/ollama/ollama/app/ui","Test":"TestMCPToolsAreGatedInTheApp"}
{"Time":"2026-09-20T18:43:33.156765+10:00","Action":"output","Package":"github.com/ollama/ollama/app/ui","Test":"TestMCPToolsAreGatedInTheApp","Output":"=== RUN   TestMCPToolsAreGatedInTheApp\n"}
{"Time":"2026-09-20T18:43:33.849284+10:00","Action":"output","Package":"github.com/ollama/ollama/app/tools","Test":"TestRegisterMCPOffersTheServersTools","Output":"--- PASS: TestRegisterMCPOffersTheServersTools (0.95s)\n"}
{"Time":"2026-09-20T18:43:33.849367+10:00","Action":"pass","Package":"github.com/ollama/ollama/app/tools","Test":"TestRegisterMCPOffersTheServersTools","Elapsed":0.95}
{"Time":"2026-09-20T18:43:33.849388+10:00","Action":"run","Package":"github.com/ollama/ollama/app/tools","Test":"TestRegisterMCPWithNoManager"}
{"Time":"2026-09-20T18:43:33.849404+10:00","Action":"output","Package":"github.com/ollama/ollama/app/tools","Test":"TestRegisterMCPWithNoManager","Output":"=== RUN   TestRegisterMCPWithNoManager\n"}
{"Time":"2026-09-20T18:43:33.84943+10:00","Action":"output","Package":"github.com/ollama/ollama/app/tools","Test":"TestRegisterMCPWithNoManager","Output":"--- PASS: TestRegisterMCPWithNoManager (0.00s)\n"}
{"Time":"2026-09-20T18:43:33.849582+10:00","Action":"pass","Package":"github.com/ollama/ollama/app/tools","Test":"TestRegisterMCPWithNoManager","Elapsed":0}
{"Time":"2026-09-20T18:43:33.849627+10:00","Action":"run","Package":"github.com/ollama/ollama/app/tools","Test":"TestMCPToolRequiresApprovalAndIsScoped"}
{"Time":"2026-09-20T18:43:33.849645+10:00","Action":"output","Package":"github.com/ollama/ollama/app/tools","Test":"TestMCPToolRequiresApprovalAndIsScoped","Output":"=== RUN   TestMCPToolRequiresApprovalAndIsScoped\n"}
{"Time":"2026-09-20T18:43:34.588584+10:00","Action":"output","Package":"github.com/ollama/ollama/app/ui","Test":"TestMCPToolsAreGatedInTheApp","Output":"--- PASS: TestMCPToolsAreGatedInTheApp (1.43s)\n"}
{"Time":"2026-09-20T18:43:34.588696+10:00","Action":"pass","Package":"github.com/ollama/ollama/app/ui","Test":"TestMCPToolsAreGatedInTheApp","Elapsed":1.43}
{"Time":"2026-09-20T18:43:34.588743+10:00","Action":"run","Package":"github.com/ollama/ollama/app/ui","Test":"TestAutoApproveSwitchSkipsThePrompt"}
{"Time":"2026-09-20T18:43:34.58877+10:00","Action":"output","Package":"github.com/ollama/ollama/app/ui","Test":"TestAutoApproveSwitchSkipsThePrompt","Output":"=== RUN   TestAutoApproveSwitchSkipsThePrompt\n"}
{"Time":"2026-09-20T18:43:34.606078+10:00","Action":"output","Package":"github.com/ollama/ollama/app/ui","Test":"TestAutoApproveSwitchSkipsThePrompt","Output":"2026/09/20 18:43:34 INFO tool call approved automatically by the settings switch chat=chat-1 tool=files__read scope=files__read\n"}
{"Time":"2026-09-20T18:43:34.610628+10:00","Action":"output","Package":"github.com/ollama/ollama/app/ui","Test":"TestAutoApproveSwitchSkipsThePrompt","Output":"--- PASS: TestAutoApproveSwitchSkipsThePrompt (0.02s)\n"}
{"Time":"2026-09-20T18:43:34.610691+10:00","Action":"pass","Package":"github.com/ollama/ollama/app/ui","Test":"TestAutoApproveSwitchSkipsThePrompt","Elapsed":0.02}
{"Time":"2026-09-20T18:43:34.610713+10:00","Action":"run","Package":"github.com/ollama/ollama/app/ui","Test":"TestAutoApproveSwitchOffAsksAgain"}
{"Time":"2026-09-20T18:43:34.61073+10:00","Action":"output","Package":"github.com/ollama/ollama/app/ui","Test":"TestAutoApproveSwitchOffAsksAgain","Output":"=== RUN   TestAutoApproveSwitchOffAsksAgain\n"}
{"Time":"2026-09-20T18:43:34.61744+10:00","Action":"output","Package":"github.com/ollama/ollama/app/ui","Test":"TestAutoApproveSwitchOffAsksAgain","Output":"2026/09/20 18:43:34 INFO tool call approved automatically by the settings switch chat=chat-1 tool=files__read scope=files__read\n"}
{"Time":"2026-09-20T18:43:34.680856+10:00","Action":"output","Package":"github.com/ollama/ollama/app/ui","Test":"TestAutoApproveSwitchOffAsksAgain","Output":"--- PASS: TestAutoApproveSwitchOffAsksAgain (0.07s)\n"}
{"Time":"2026-09-20T18:43:34.68092+10:00","Action":"pass","Package":"github.com/ollama/ollama/app/ui","Test":"TestAutoApproveSwitchOffAsksAgain","Elapsed":0.07}
{"Time":"2026-09-20T18:43:34.680945+10:00","Action":"run","Package":"github.com/ollama/ollama/app/ui","Test":"TestAutoApproveWithoutAStoreStillAsks"}
{"Time":"2026-09-20T18:43:34.680963+10:00","Action":"output","Package":"github.com/ollama/ollama/app/ui","Test":"TestAutoApproveWithoutAStoreStillAsks","Output":"=== RUN   TestAutoApproveWithoutAStoreStillAsks\n"}
{"Time":"2026-09-20T18:43:34.785689+10:00","Action":"output","Package":"github.com/ollama/ollama/app/tools","Test":"TestMCPToolRequiresApprovalAndIsScoped","Output":"--- PASS: TestMCPToolRequiresApprovalAndIsScoped (0.94s)\n"}
{"Time":"2026-09-20T18:43:34.785756+10:00","Action":"pass","Package":"github.com/ollama/ollama/app/tools","Test":"TestMCPToolRequiresApprovalAndIsScoped","Elapsed":0.94}
{"Time":"2026-09-20T18:43:34.785779+10:00","Action":"run","Package":"github.com/ollama/ollama/app/tools","Test":"TestMCPToolKeepsItsFaithfulSchema"}
{"Time":"2026-09-20T18:43:34.785799+10:00","Action":"output","Package":"github.com/ollama/ollama/app/tools","Test":"TestMCPToolKeepsItsFaithfulSchema","Output":"=== RUN   TestMCPToolKeepsItsFaithfulSchema\n"}
{"Time":"2026-09-20T18:43:34.853408+10:00","Action":"output","Package":"github.com/ollama/ollama/app/ui","Test":"TestAutoApproveWithoutAStoreStillAsks","Output":"--- PASS: TestAutoApproveWithoutAStoreStillAsks (0.17s)\n"}
{"Time":"2026-09-20T18:43:34.853522+10:00","Action":"pass","Package":"github.com/ollama/ollama/app/ui","Test":"TestAutoApproveWithoutAStoreStillAsks","Elapsed":0.17}
{"Time":"2026-09-20T18:43:34.853544+10:00","Action":"run","Package":"github.com/ollama/ollama/app/ui","Test":"TestAutoApproveUnreadableSettingsStillAsks"}
{"Time":"2026-09-20T18:43:34.853674+10:00","Action":"output","Package":"github.com/ollama/ollama/app/ui","Test":"TestAutoApproveUnreadableSettingsStillAsks","Output":"=== RUN   TestAutoApproveUnreadableSettingsStillAsks\n"}
{"Time":"2026-09-20T18:43:34.862935+10:00","Action":"output","Package":"github.com/ollama/ollama/app/ui","Test":"TestAutoApproveUnreadableSettingsStillAsks","Output":"2026/09/20 18:43:34 WARN could not read settings; asking for tool approval instead chat=chat-1 tool=files__read error=\"load settings: create db directory: mkdir /var/folders/z_/ywv267d55_s9yq799rstj3fm0000gn/T/TestAutoApproveUnreadableSettingsStillAsks3491039273/001/not-a-directory: not a directory\"\n"}
{"Time":"2026-09-20T18:43:35.013388+10:00","Action":"output","Package":"github.com/ollama/ollama/app/ui","Test":"TestAutoApproveUnreadableSettingsStillAsks","Output":"--- PASS: TestAutoApproveUnreadableSettingsStillAsks (0.16s)\n"}
{"Time":"2026-09-20T18:43:35.013453+10:00","Action":"pass","Package":"github.com/ollama/ollama/app/ui","Test":"TestAutoApproveUnreadableSettingsStillAsks","Elapsed":0.16}
{"Time":"2026-09-20T18:43:35.013474+10:00","Action":"run","Package":"github.com/ollama/ollama/app/ui","Test":"TestChatLoopRunsMCPToolWithoutAskingWhenSwitchedOn"}
{"Time":"2026-09-20T18:43:35.013525+10:00","Action":"output","Package":"github.com/ollama/ollama/app/ui","Test":"TestChatLoopRunsMCPToolWithoutAskingWhenSwitchedOn","Output":"=== RUN   TestChatLoopRunsMCPToolWithoutAskingWhenSwitchedOn\n"}
{"Time":"2026-09-20T18:43:35.947899+10:00","Action":"output","Package":"github.com/ollama/ollama/app/tools","Test":"TestMCPToolKeepsItsFaithfulSchema","Output":"--- PASS: TestMCPToolKeepsItsFaithfulSchema (1.16s)\n"}
{"Time":"2026-09-20T18:43:35.947995+10:00","Action":"pass","Package":"github.com/ollama/ollama/app/tools","Test":"TestMCPToolKeepsItsFaithfulSchema","Elapsed":1.16}
{"Time":"2026-09-20T18:43:35.948019+10:00","Action":"run","Package":"github.com/ollama/ollama/app/tools","Test":"TestOllamaToolsFallsBackForOrdinaryTools"}
{"Time":"2026-09-20T18:43:35.948037+10:00","Action":"output","Package":"github.com/ollama/ollama/app/tools","Test":"TestOllamaToolsFallsBackForOrdinaryTools","Output":"=== RUN   TestOllamaToolsFallsBackForOrdinaryTools\n"}
{"Time":"2026-09-20T18:43:35.948054+10:00","Action":"output","Package":"github.com/ollama/ollama/app/tools","Test":"TestOllamaToolsFallsBackForOrdinaryTools","Output":"--- PASS: TestOllamaToolsFallsBackForOrdinaryTools (0.00s)\n"}
{"Time":"2026-09-20T18:43:35.948072+10:00","Action":"pass","Package":"github.com/ollama/ollama/app/tools","Test":"TestOllamaToolsFallsBackForOrdinaryTools","Elapsed":0}
{"Time":"2026-09-20T18:43:35.948088+10:00","Action":"run","Package":"github.com/ollama/ollama/app/tools","Test":"TestOllamaToolsIsStablyOrdered"}
{"Time":"2026-09-20T18:43:35.948103+10:00","Action":"output","Package":"github.com/ollama/ollama/app/tools","Test":"TestOllamaToolsIsStablyOrdered","Output":"=== RUN   TestOllamaToolsIsStablyOrdered\n"}
{"Time":"2026-09-20T18:43:35.948118+10:00","Action":"output","Package":"github.com/ollama/ollama/app/tools","Test":"TestOllamaToolsIsStablyOrdered","Output":"--- PASS: TestOllamaToolsIsStablyOrdered (0.00s)\n"}
{"Time":"2026-09-20T18:43:35.948167+10:00","Action":"pass","Package":"github.com/ollama/ollama/app/tools","Test":"TestOllamaToolsIsStablyOrdered","Elapsed":0}
{"Time":"2026-09-20T18:43:35.948222+10:00","Action":"run","Package":"github.com/ollama/ollama/app/tools","Test":"TestMCPToolCallsTheServer"}
{"Time":"2026-09-20T18:43:35.948277+10:00","Action":"output","Package":"github.com/ollama/ollama/app/tools","Test":"TestMCPToolCallsTheServer","Output":"=== RUN   TestMCPToolCallsTheServer\n"}
{"Time":"2026-09-20T18:43:36.303784+10:00","Action":"output","Package":"github.com/ollama/ollama/app/ui","Test":"TestChatLoopRunsMCPToolWithoutAskingWhenSwitchedOn","Output":"2026/09/20 18:43:36 INFO tool call approved automatically by the settings switch chat=01a0bdfc-2feb-7883-bd31-d4eb38a828f6 tool=raw__echo scope=raw__echo\n"}
{"Time":"2026-09-20T18:43:36.310973+10:00","Action":"output","Package":"github.com/ollama/ollama/app/ui","Test":"TestChatLoopRunsMCPToolWithoutAskingWhenSwitchedOn","Output":"--- PASS: TestChatLoopRunsMCPToolWithoutAskingWhenSwitchedOn (1.30s)\n"}
{"Time":"2026-09-20T18:43:36.311096+10:00","Action":"pass","Package":"github.com/ollama/ollama/app/ui","Test":"TestChatLoopRunsMCPToolWithoutAskingWhenSwitchedOn","Elapsed":1.3}
{"Time":"2026-09-20T18:43:36.311115+10:00","Action":"run","Package":"github.com/ollama/ollama/app/ui","Test":"TestChatLoopAsksBeforeMCPToolWhenSwitchedOff"}
{"Time":"2026-09-20T18:43:36.311129+10:00","Action":"output","Package":"github.com/ollama/ollama/app/ui","Test":"TestChatLoopAsksBeforeMCPToolWhenSwitchedOff","Output":"=== RUN   TestChatLoopAsksBeforeMCPToolWhenSwitchedOff\n"}
{"Time":"2026-09-20T18:43:37.015154+10:00","Action":"output","Package":"github.com/ollama/ollama/app/tools","Test":"TestMCPToolCallsTheServer","Output":"--- PASS: TestMCPToolCallsTheServer (1.07s)\n"}
{"Time":"2026-09-20T18:43:37.015234+10:00","Action":"pass","Package":"github.com/ollama/ollama/app/tools","Test":"TestMCPToolCallsTheServer","Elapsed":1.07}
{"Time":"2026-09-20T18:43:37.01527+10:00","Action":"run","Package":"github.com/ollama/ollama/app/tools","Test":"TestMCPToolSurfacesAServerReportedFailure"}
{"Time":"2026-09-20T18:43:37.015293+10:00","Action":"output","Package":"github.com/ollama/ollama/app/tools","Test":"TestMCPToolSurfacesAServerReportedFailure","Output":"=== RUN   TestMCPToolSurfacesAServerReportedFailure\n"}
{"Time":"2026-09-20T18:43:37.852357+10:00","Action":"output","Package":"github.com/ollama/ollama/app/ui","Test":"TestChatLoopAsksBeforeMCPToolWhenSwitchedOff","Output":"--- PASS: TestChatLoopAsksBeforeMCPToolWhenSwitchedOff (1.54s)\n"}
{"Time":"2026-09-20T18:43:37.852523+10:00","Action":"pass","Package":"github.com/ollama/ollama/app/ui","Test":"TestChatLoopAsksBeforeMCPToolWhenSwitchedOff","Elapsed":1.54}
{"Time":"2026-09-20T18:43:37.852692+10:00","Action":"run","Package":"github.com/ollama/ollama/app/ui","Test":"TestDiscoverRouteReportsAnotherClientsServers"}
{"Time":"2026-09-20T18:43:37.852732+10:00","Action":"output","Package":"github.com/ollama/ollama/app/ui","Test":"TestDiscoverRouteReportsAnotherClientsServers","Output":"=== RUN   TestDiscoverRouteReportsAnotherClientsServers\n"}
{"Time":"2026-09-20T18:43:37.863204+10:00","Action":"output","Package":"github.com/ollama/ollama/app/ui","Test":"TestDiscoverRouteReportsAnotherClientsServers","Output":"2026/09/20 18:43:37 INFO site.serveHTTP http.method=GET http.path=/api/v1/mcp-discover http.pattern=\"GET /api/v1/mcp-discover\" http.status=200 http.d=2.631625ms request_id=1789893817857772000 version=0.0.0\n"}
{"Time":"2026-09-20T18:43:37.886516+10:00","Action":"output","Package":"github.com/ollama/ollama/app/ui","Test":"TestDiscoverRouteReportsAnotherClientsServers","Output":"--- PASS: TestDiscoverRouteReportsAnotherClientsServers (0.04s)\n"}
{"Time":"2026-09-20T18:43:37.886595+10:00","Action":"pass","Package":"github.com/ollama/ollama/app/ui","Test":"TestDiscoverRouteReportsAnotherClientsServers","Elapsed":0.04}
{"Time":"2026-09-20T18:43:37.886614+10:00","Action":"run","Package":"github.com/ollama/ollama/app/ui","Test":"TestDiscoverRouteAddsNothing"}
{"Time":"2026-09-20T18:43:37.886628+10:00","Action":"output","Package":"github.com/ollama/ollama/app/ui","Test":"TestDiscoverRouteAddsNothing","Output":"=== RUN   TestDiscoverRouteAddsNothing\n"}
{"Time":"2026-09-20T18:43:37.890839+10:00","Action":"output","Package":"github.com/ollama/ollama/app/ui","Test":"TestDiscoverRouteAddsNothing","Output":"2026/09/20 18:43:37 INFO site.serveHTTP http.method=GET http.path=/api/v1/mcp-discover http.pattern=\"GET /api/v1/mcp-discover\" http.status=200 http.d=1.286792ms request_id=1789893817889483000 version=0.0.0\n"}
{"Time":"2026-09-20T18:43:37.904709+10:00","Action":"output","Package":"github.com/ollama/ollama/app/ui","Test":"TestDiscoverRouteAddsNothing","Output":"--- PASS: TestDiscoverRouteAddsNothing (0.02s)\n"}
{"Time":"2026-09-20T18:43:37.904786+10:00","Action":"pass","Package":"github.com/ollama/ollama/app/ui","Test":"TestDiscoverRouteAddsNothing","Elapsed":0.02}
{"Time":"2026-09-20T18:43:37.904809+10:00","Action":"run","Package":"github.com/ollama/ollama/app/ui","Test":"TestDiscoverRouteDoesNotHandBackALiteralCredential"}
{"Time":"2026-09-20T18:43:37.904825+10:00","Action":"output","Package":"github.com/ollama/ollama/app/ui","Test":"TestDiscoverRouteDoesNotHandBackALiteralCredential","Output":"=== RUN   TestDiscoverRouteDoesNotHandBackALiteralCredential\n"}
{"Time":"2026-09-20T18:43:37.917381+10:00","Action":"output","Package":"github.com/ollama/ollama/app/ui","Test":"TestDiscoverRouteDoesNotHandBackALiteralCredential","Output":"2026/09/20 18:43:37 INFO site.serveHTTP http.method=GET http.path=/api/v1/mcp-discover http.pattern=\"GET /api/v1/mcp-discover\" http.status=200 http.d=8.295459ms request_id=1789893817908527000 version=0.0.0\n"}
{"Time":"2026-09-20T18:43:37.920322+10:00","Action":"output","Package":"github.com/ollama/ollama/app/ui","Test":"TestDiscoverRouteDoesNotHandBackALiteralCredential","Output":"--- PASS: TestDiscoverRouteDoesNotHandBackALiteralCredential (0.02s)\n"}
{"Time":"2026-09-20T18:43:37.920459+10:00","Action":"pass","Package":"github.com/ollama/ollama/app/ui","Test":"TestDiscoverRouteDoesNotHandBackALiteralCredential","Elapsed":0.02}
{"Time":"2026-09-20T18:43:37.920489+10:00","Action":"run","Package":"github.com/ollama/ollama/app/ui","Test":"TestProbeRouteIsAPostAndAnswersWithAList"}
{"Time":"2026-09-20T18:43:37.920505+10:00","Action":"output","Package":"github.com/ollama/ollama/app/ui","Test":"TestProbeRouteIsAPostAndAnswersWithAList","Output":"=== RUN   TestProbeRouteIsAPostAndAnswersWithAList\n"}
{"Time":"2026-09-20T18:43:38.413586+10:00","Action":"output","Package":"github.com/ollama/ollama/app/tools","Test":"TestMCPToolSurfacesAServerReportedFailure","Output":"--- PASS: TestMCPToolSurfacesAServerReportedFailure (1.40s)\n"}
{"Time":"2026-09-20T18:43:38.414831+10:00","Action":"pass","Package":"github.com/ollama/ollama/app/tools","Test":"TestMCPToolSurfacesAServerReportedFailure","Elapsed":1.4}
{"Time":"2026-09-20T18:43:38.414906+10:00","Action":"run","Package":"github.com/ollama/ollama/app/tools","Test":"TestBrowserOpenKeepsItsAlternativeIDTypes"}
{"Time":"2026-09-20T18:43:38.414922+10:00","Action":"output","Package":"github.com/ollama/ollama/app/tools","Test":"TestBrowserOpenKeepsItsAlternativeIDTypes","Output":"=== RUN   TestBrowserOpenKeepsItsAlternativeIDTypes\n"}
{"Time":"2026-09-20T18:43:38.414941+10:00","Action":"output","Package":"github.com/ollama/ollama/app/tools","Test":"TestBrowserOpenKeepsItsAlternativeIDTypes","Output":"--- PASS: TestBrowserOpenKeepsItsAlternativeIDTypes (0.00s)\n"}
{"Time":"2026-09-20T18:43:38.414955+10:00","Action":"pass","Package":"github.com/ollama/ollama/app/tools","Test":"TestBrowserOpenKeepsItsAlternativeIDTypes","Elapsed":0}
{"Time":"2026-09-20T18:43:38.414975+10:00","Action":"run","Package":"github.com/ollama/ollama/app/tools","Test":"TestFirstPartyToolsSupplyTheirOwnDefinition"}
{"Time":"2026-09-20T18:43:38.414998+10:00","Action":"output","Package":"github.com/ollama/ollama/app/tools","Test":"TestFirstPartyToolsSupplyTheirOwnDefinition","Output":"=== RUN   TestFirstPartyToolsSupplyTheirOwnDefinition\n"}
{"Time":"2026-09-20T18:43:38.415059+10:00","Action":"output","Package":"github.com/ollama/ollama/app/tools","Test":"TestFirstPartyToolsSupplyTheirOwnDefinition","Output":"--- PASS: TestFirstPartyToolsSupplyTheirOwnDefinition (0.00s)\n"}
{"Time":"2026-09-20T18:43:38.415085+10:00","Action":"pass","Package":"github.com/ollama/ollama/app/tools","Test":"TestFirstPartyToolsSupplyTheirOwnDefinition","Elapsed":0}
{"Time":"2026-09-20T18:43:38.415109+10:00","Action":"run","Package":"github.com/ollama/ollama/app/tools","Test":"TestFirstPartyToolDefinitionsAndSchemaMapsAgree"}
{"Time":"2026-09-20T18:43:38.415133+10:00","Action":"output","Package":"github.com/ollama/ollama/app/tools","Test":"TestFirstPartyToolDefinitionsAndSchemaMapsAgree","Output":"=== RUN   TestFirstPartyToolDefinitionsAndSchemaMapsAgree\n"}
{"Time":"2026-09-20T18:43:38.415178+10:00","Action":"output","Package":"github.com/ollama/ollama/app/tools","Test":"TestFirstPartyToolDefinitionsAndSchemaMapsAgree","Output":"--- PASS: TestFirstPartyToolDefinitionsAndSchemaMapsAgree (0.00s)\n"}
{"Time":"2026-09-20T18:43:38.415205+10:00","Action":"pass","Package":"github.com/ollama/ollama/app/tools","Test":"TestFirstPartyToolDefinitionsAndSchemaMapsAgree","Elapsed":0}
{"Time":"2026-09-20T18:43:38.415229+10:00","Action":"run","Package":"github.com/ollama/ollama/app/tools","Test":"TestToolsStateTheirDefaultsToTheModel"}
{"Time":"2026-09-20T18:43:38.415251+10:00","Action":"output","Package":"github.com/ollama/ollama/app/tools","Test":"TestToolsStateTheirDefaultsToTheModel","Output":"=== RUN   TestToolsStateTheirDefaultsToTheModel\n"}
{"Time":"2026-09-20T18:43:38.415273+10:00","Action":"output","Package":"github.com/ollama/ollama/app/tools","Test":"TestToolsStateTheirDefaultsToTheModel","Output":"--- PASS: TestToolsStateTheirDefaultsToTheModel (0.00s)\n"}
{"Time":"2026-09-20T18:43:38.415295+10:00","Action":"pass","Package":"github.com/ollama/ollama/app/tools","Test":"TestToolsStateTheirDefaultsToTheModel","Elapsed":0}
{"Time":"2026-09-20T18:43:38.415318+10:00","Action":"run","Package":"github.com/ollama/ollama/app/tools","Test":"TestBrowserSearchHonoursTopn"}
{"Time":"2026-09-20T18:43:38.415341+10:00","Action":"output","Package":"github.com/ollama/ollama/app/tools","Test":"TestBrowserSearchHonoursTopn","Output":"=== RUN   TestBrowserSearchHonoursTopn\n"}
{"Time":"2026-09-20T18:43:38.415363+10:00","Action":"run","Package":"github.com/ollama/ollama/app/tools","Test":"TestBrowserSearchHonoursTopn/decoded_from_json"}
{"Time":"2026-09-20T18:43:38.415385+10:00","Action":"output","Package":"github.com/ollama/ollama/app/tools","Test":"TestBrowserSearchHonoursTopn/decoded_from_json","Output":"=== RUN   TestBrowserSearchHonoursTopn/decoded_from_json\n"}
{"Time":"2026-09-20T18:43:38.415409+10:00","Action":"output","Package":"github.com/ollama/ollama/app/tools","Test":"TestBrowserSearchHonoursTopn/decoded_from_json","Output":"--- PASS: TestBrowserSearchHonoursTopn/decoded_from_json (0.00s)\n"}
{"Time":"2026-09-20T18:43:38.415441+10:00","Action":"pass","Package":"github.com/ollama/ollama/app/tools","Test":"TestBrowserSearchHonoursTopn/decoded_from_json","Elapsed":0}
{"Time":"2026-09-20T18:43:38.415462+10:00","Action":"run","Package":"github.com/ollama/ollama/app/tools","Test":"TestBrowserSearchHonoursTopn/passed_as_a_go_int"}
{"Time":"2026-09-20T18:43:38.415483+10:00","Action":"output","Package":"github.com/ollama/ollama/app/tools","Test":"TestBrowserSearchHonoursTopn/passed_as_a_go_int","Output":"=== RUN   TestBrowserSearchHonoursTopn/passed_as_a_go_int\n"}
{"Time":"2026-09-20T18:43:38.415516+10:00","Action":"output","Package":"github.com/ollama/ollama/app/tools","Test":"TestBrowserSearchHonoursTopn/passed_as_a_go_int","Output":"--- PASS: TestBrowserSearchHonoursTopn/passed_as_a_go_int (0.00s)\n"}
{"Time":"2026-09-20T18:43:38.415544+10:00","Action":"pass","Package":"github.com/ollama/ollama/app/tools","Test":"TestBrowserSearchHonoursTopn/passed_as_a_go_int","Elapsed":0}
{"Time":"2026-09-20T18:43:38.415567+10:00","Action":"run","Package":"github.com/ollama/ollama/app/tools","Test":"TestBrowserSearchHonoursTopn/omitted"}
{"Time":"2026-09-20T18:43:38.415589+10:00","Action":"output","Package":"github.com/ollama/ollama/app/tools","Test":"TestBrowserSearchHonoursTopn/omitted","Output":"=== RUN   TestBrowserSearchHonoursTopn/omitted\n"}
{"Time":"2026-09-20T18:43:38.415619+10:00","Action":"output","Package":"github.com/ollama/ollama/app/tools","Test":"TestBrowserSearchHonoursTopn/omitted","Output":"--- PASS: TestBrowserSearchHonoursTopn/omitted (0.00s)\n"}
{"Time":"2026-09-20T18:43:38.415644+10:00","Action":"pass","Package":"github.com/ollama/ollama/app/tools","Test":"TestBrowserSearchHonoursTopn/omitted","Elapsed":0}
{"Time":"2026-09-20T18:43:38.415665+10:00","Action":"run","Package":"github.com/ollama/ollama/app/tools","Test":"TestBrowserSearchHonoursTopn/not_a_number"}
{"Time":"2026-09-20T18:43:38.415685+10:00","Action":"output","Package":"github.com/ollama/ollama/app/tools","Test":"TestBrowserSearchHonoursTopn/not_a_number","Output":"=== RUN   TestBrowserSearchHonoursTopn/not_a_number\n"}
{"Time":"2026-09-20T18:43:38.416011+10:00","Action":"output","Package":"github.com/ollama/ollama/app/tools","Test":"TestBrowserSearchHonoursTopn/not_a_number","Output":"--- PASS: TestBrowserSearchHonoursTopn/not_a_number (0.00s)\n"}
{"Time":"2026-09-20T18:43:38.417266+10:00","Action":"pass","Package":"github.com/ollama/ollama/app/tools","Test":"TestBrowserSearchHonoursTopn/not_a_number","Elapsed":0}
{"Time":"2026-09-20T18:43:38.417573+10:00","Action":"run","Package":"github.com/ollama/ollama/app/tools","Test":"TestBrowserSearchHonoursTopn/zero"}
{"Time":"2026-09-20T18:43:38.41759+10:00","Action":"output","Package":"github.com/ollama/ollama/app/tools","Test":"TestBrowserSearchHonoursTopn/zero","Output":"=== RUN   TestBrowserSearchHonoursTopn/zero\n"}
{"Time":"2026-09-20T18:43:38.417726+10:00","Action":"output","Package":"github.com/ollama/ollama/app/tools","Test":"TestBrowserSearchHonoursTopn/zero","Output":"--- PASS: TestBrowserSearchHonoursTopn/zero (0.00s)\n"}
{"Time":"2026-09-20T18:43:38.417771+10:00","Action":"pass","Package":"github.com/ollama/ollama/app/tools","Test":"TestBrowserSearchHonoursTopn/zero","Elapsed":0}
{"Time":"2026-09-20T18:43:38.417853+10:00","Action":"run","Package":"github.com/ollama/ollama/app/tools","Test":"TestBrowserSearchHonoursTopn/negative"}
{"Time":"2026-09-20T18:43:38.417869+10:00","Action":"output","Package":"github.com/ollama/ollama/app/tools","Test":"TestBrowserSearchHonoursTopn/negative","Output":"=== RUN   TestBrowserSearchHonoursTopn/negative\n"}
{"Time":"2026-09-20T18:43:38.417885+10:00","Action":"output","Package":"github.com/ollama/ollama/app/tools","Test":"TestBrowserSearchHonoursTopn/negative","Output":"--- PASS: TestBrowserSearchHonoursTopn/negative (0.00s)\n"}
{"Time":"2026-09-20T18:43:38.4179+10:00","Action":"pass","Package":"github.com/ollama/ollama/app/tools","Test":"TestBrowserSearchHonoursTopn/negative","Elapsed":0}
{"Time":"2026-09-20T18:43:38.417913+10:00","Action":"run","Package":"github.com/ollama/ollama/app/tools","Test":"TestBrowserSearchHonoursTopn/above_the_ceiling"}
{"Time":"2026-09-20T18:43:38.417926+10:00","Action":"output","Package":"github.com/ollama/ollama/app/tools","Test":"TestBrowserSearchHonoursTopn/above_the_ceiling","Output":"=== RUN   TestBrowserSearchHonoursTopn/above_the_ceiling\n"}
{"Time":"2026-09-20T18:43:38.41794+10:00","Action":"output","Package":"github.com/ollama/ollama/app/tools","Test":"TestBrowserSearchHonoursTopn/above_the_ceiling","Output":"--- PASS: TestBrowserSearchHonoursTopn/above_the_ceiling (0.00s)\n"}
{"Time":"2026-09-20T18:43:38.417953+10:00","Action":"pass","Package":"github.com/ollama/ollama/app/tools","Test":"TestBrowserSearchHonoursTopn/above_the_ceiling","Elapsed":0}
{"Time":"2026-09-20T18:43:38.41844+10:00","Action":"output","Package":"github.com/ollama/ollama/app/tools","Test":"TestBrowserSearchHonoursTopn","Output":"--- PASS: TestBrowserSearchHonoursTopn (0.00s)\n"}
{"Time":"2026-09-20T18:43:38.418547+10:00","Action":"pass","Package":"github.com/ollama/ollama/app/tools","Test":"TestBrowserSearchHonoursTopn","Elapsed":0}
{"Time":"2026-09-20T18:43:38.418574+10:00","Action":"run","Package":"github.com/ollama/ollama/app/tools","Test":"TestDirectURLsFromText_RejectsChangedToolArgument"}
{"Time":"2026-09-20T18:43:38.418589+10:00","Action":"output","Package":"github.com/ollama/ollama/app/tools","Test":"TestDirectURLsFromText_RejectsChangedToolArgument","Output":"=== RUN   TestDirectURLsFromText_RejectsChangedToolArgument\n"}
{"Time":"2026-09-20T18:43:38.418605+10:00","Action":"output","Package":"github.com/ollama/ollama/app/tools","Test":"TestDirectURLsFromText_RejectsChangedToolArgument","Output":"--- PASS: TestDirectURLsFromText_RejectsChangedToolArgument (0.00s)\n"}
{"Time":"2026-09-20T18:43:38.418618+10:00","Action":"pass","Package":"github.com/ollama/ollama/app/tools","Test":"TestDirectURLsFromText_RejectsChangedToolArgument","Elapsed":0}
{"Time":"2026-09-20T18:43:38.418632+10:00","Action":"run","Package":"github.com/ollama/ollama/app/tools","Test":"TestDirectURLsFromText_ExtractsMarkdownCodeSpanURL"}
{"Time":"2026-09-20T18:43:38.418645+10:00","Action":"output","Package":"github.com/ollama/ollama/app/tools","Test":"TestDirectURLsFromText_ExtractsMarkdownCodeSpanURL","Output":"=== RUN   TestDirectURLsFromText_ExtractsMarkdownCodeSpanURL\n"}
{"Time":"2026-09-20T18:43:38.418658+10:00","Action":"output","Package":"github.com/ollama/ollama/app/tools","Test":"TestDirectURLsFromText_ExtractsMarkdownCodeSpanURL","Output":"--- PASS: TestDirectURLsFromText_ExtractsMarkdownCodeSpanURL (0.00s)\n"}
{"Time":"2026-09-20T18:43:38.41867+10:00","Action":"pass","Package":"github.com/ollama/ollama/app/tools","Test":"TestDirectURLsFromText_ExtractsMarkdownCodeSpanURL","Elapsed":0}
{"Time":"2026-09-20T18:43:38.41879+10:00","Action":"output","Package":"github.com/ollama/ollama/app/tools","Output":"PASS\n"}
{"Time":"2026-09-20T18:43:38.420188+10:00","Action":"output","Package":"github.com/ollama/ollama/app/tools","Output":"ok  \tgithub.com/ollama/ollama/app/tools\t7.544s\n"}
{"Time":"2026-09-20T18:43:38.420255+10:00","Action":"pass","Package":"github.com/ollama/ollama/app/tools","Elapsed":7.5440000000000005}
{"Time":"2026-09-20T18:43:44.18634+10:00","Action":"output","Package":"github.com/ollama/ollama/app/ui","Test":"TestProbeRouteIsAPostAndAnswersWithAList","Output":"2026/09/20 18:43:44 INFO site.serveHTTP http.method=POST http.path=/api/v1/mcp-probe http.pattern=\"POST /api/v1/mcp-probe\" http.status=200 http.d=6.251251416s request_id=1789893817934996000 version=0.0.0\n"}
{"Time":"2026-09-20T18:43:44.188519+10:00","Action":"output","Package":"github.com/ollama/ollama/app/ui","Test":"TestProbeRouteIsAPostAndAnswersWithAList","Output":"--- PASS: TestProbeRouteIsAPostAndAnswersWithAList (6.27s)\n"}
{"Time":"2026-09-20T18:43:44.188588+10:00","Action":"pass","Package":"github.com/ollama/ollama/app/ui","Test":"TestProbeRouteIsAPostAndAnswersWithAList","Elapsed":6.27}
{"Time":"2026-09-20T18:43:44.188607+10:00","Action":"run","Package":"github.com/ollama/ollama/app/ui","Test":"TestBrowseShowsTheCommandLineAnInstallWouldWrite"}
{"Time":"2026-09-20T18:43:44.188632+10:00","Action":"output","Package":"github.com/ollama/ollama/app/ui","Test":"TestBrowseShowsTheCommandLineAnInstallWouldWrite","Output":"=== RUN   TestBrowseShowsTheCommandLineAnInstallWouldWrite\n"}
{"Time":"2026-09-20T18:43:44.192097+10:00","Action":"output","Package":"github.com/ollama/ollama/app/ui","Test":"TestBrowseShowsTheCommandLineAnInstallWouldWrite","Output":"--- PASS: TestBrowseShowsTheCommandLineAnInstallWouldWrite (0.00s)\n"}
{"Time":"2026-09-20T18:43:44.192269+10:00","Action":"pass","Package":"github.com/ollama/ollama/app/ui","Test":"TestBrowseShowsTheCommandLineAnInstallWouldWrite","Elapsed":0}
{"Time":"2026-09-20T18:43:44.192427+10:00","Action":"run","Package":"github.com/ollama/ollama/app/ui","Test":"TestBrowseAlwaysSaysItIsNotVetted"}
{"Time":"2026-09-20T18:43:44.192459+10:00","Action":"output","Package":"github.com/ollama/ollama/app/ui","Test":"TestBrowseAlwaysSaysItIsNotVetted","Output":"=== RUN   TestBrowseAlwaysSaysItIsNotVetted\n"}
{"Time":"2026-09-20T18:43:44.193931+10:00","Action":"output","Package":"github.com/ollama/ollama/app/ui","Test":"TestBrowseAlwaysSaysItIsNotVetted","Output":"--- PASS: TestBrowseAlwaysSaysItIsNotVetted (0.00s)\n"}
{"Time":"2026-09-20T18:43:44.194027+10:00","Action":"pass","Package":"github.com/ollama/ollama/app/ui","Test":"TestBrowseAlwaysSaysItIsNotVetted","Elapsed":0}
{"Time":"2026-09-20T18:43:44.194064+10:00","Action":"run","Package":"github.com/ollama/ollama/app/ui","Test":"TestBrowseReportsEntriesItCannotInstall"}
{"Time":"2026-09-20T18:43:44.194081+10:00","Action":"output","Package":"github.com/ollama/ollama/app/ui","Test":"TestBrowseReportsEntriesItCannotInstall","Output":"=== RUN   TestBrowseReportsEntriesItCannotInstall\n"}
{"Time":"2026-09-20T18:43:44.195186+10:00","Action":"output","Package":"github.com/ollama/ollama/app/ui","Test":"TestBrowseReportsEntriesItCannotInstall","Output":"--- PASS: TestBrowseReportsEntriesItCannotInstall (0.00s)\n"}
{"Time":"2026-09-20T18:43:44.195295+10:00","Action":"pass","Package":"github.com/ollama/ollama/app/ui","Test":"TestBrowseReportsEntriesItCannotInstall","Elapsed":0}
{"Time":"2026-09-20T18:43:44.195324+10:00","Action":"run","Package":"github.com/ollama/ollama/app/ui","Test":"TestBrowsePassesTheCursorThrough"}
{"Time":"2026-09-20T18:43:44.195338+10:00","Action":"output","Package":"github.com/ollama/ollama/app/ui","Test":"TestBrowsePassesTheCursorThrough","Output":"=== RUN   TestBrowsePassesTheCursorThrough\n"}
{"Time":"2026-09-20T18:43:44.197618+10:00","Action":"output","Package":"github.com/ollama/ollama/app/ui","Test":"TestBrowsePassesTheCursorThrough","Output":"--- PASS: TestBrowsePassesTheCursorThrough (0.00s)\n"}
{"Time":"2026-09-20T18:43:44.19768+10:00","Action":"pass","Package":"github.com/ollama/ollama/app/ui","Test":"TestBrowsePassesTheCursorThrough","Elapsed":0}
{"Time":"2026-09-20T18:43:44.197699+10:00","Action":"run","Package":"github.com/ollama/ollama/app/ui","Test":"TestSuggestedNamesAreAlwaysAcceptable"}
{"Time":"2026-09-20T18:43:44.197713+10:00","Action":"output","Package":"github.com/ollama/ollama/app/ui","Test":"TestSuggestedNamesAreAlwaysAcceptable","Output":"=== RUN   TestSuggestedNamesAreAlwaysAcceptable\n"}
{"Time":"2026-09-20T18:43:44.198766+10:00","Action":"output","Package":"github.com/ollama/ollama/app/ui","Test":"TestSuggestedNamesAreAlwaysAcceptable","Output":"--- PASS: TestSuggestedNamesAreAlwaysAcceptable (0.00s)\n"}
{"Time":"2026-09-20T18:43:44.198856+10:00","Action":"pass","Package":"github.com/ollama/ollama/app/ui","Test":"TestSuggestedNamesAreAlwaysAcceptable","Elapsed":0}
{"Time":"2026-09-20T18:43:44.198879+10:00","Action":"run","Package":"github.com/ollama/ollama/app/ui","Test":"TestSuggestedServerName"}
{"Time":"2026-09-20T18:43:44.198894+10:00","Action":"output","Package":"github.com/ollama/ollama/app/ui","Test":"TestSuggestedServerName","Output":"=== RUN   TestSuggestedServerName\n"}
{"Time":"2026-09-20T18:43:44.19891+10:00","Action":"output","Package":"github.com/ollama/ollama/app/ui","Test":"TestSuggestedServerName","Output":"--- PASS: TestSuggestedServerName (0.00s)\n"}
{"Time":"2026-09-20T18:43:44.198923+10:00","Action":"pass","Package":"github.com/ollama/ollama/app/ui","Test":"TestSuggestedServerName","Elapsed":0}
{"Time":"2026-09-20T18:43:44.198937+10:00","Action":"run","Package":"github.com/ollama/ollama/app/ui","Test":"TestResolveOneEntry"}
{"Time":"2026-09-20T18:43:44.198951+10:00","Action":"output","Package":"github.com/ollama/ollama/app/ui","Test":"TestResolveOneEntry","Output":"=== RUN   TestResolveOneEntry\n"}
{"Time":"2026-09-20T18:43:44.198972+10:00","Action":"run","Package":"github.com/ollama/ollama/app/ui","Test":"TestResolveOneEntry/returns_what_an_install_would_write"}
{"Time":"2026-09-20T18:43:44.198994+10:00","Action":"output","Package":"github.com/ollama/ollama/app/ui","Test":"TestResolveOneEntry/returns_what_an_install_would_write","Output":"=== RUN   TestResolveOneEntry/returns_what_an_install_would_write\n"}
{"Time":"2026-09-20T18:43:44.199731+10:00","Action":"output","Package":"github.com/ollama/ollama/app/ui","Test":"TestResolveOneEntry/returns_what_an_install_would_write","Output":"--- PASS: TestResolveOneEntry/returns_what_an_install_would_write (0.00s)\n"}
{"Time":"2026-09-20T18:43:44.199777+10:00","Action":"pass","Package":"github.com/ollama/ollama/app/ui","Test":"TestResolveOneEntry/returns_what_an_install_would_write","Elapsed":0}
{"Time":"2026-09-20T18:43:44.199804+10:00","Action":"run","Package":"github.com/ollama/ollama/app/ui","Test":"TestResolveOneEntry/refuses_an_entry_that_is_no_longer_listed"}
{"Time":"2026-09-20T18:43:44.19982+10:00","Action":"output","Package":"github.com/ollama/ollama/app/ui","Test":"TestResolveOneEntry/refuses_an_entry_that_is_no_longer_listed","Output":"=== RUN   TestResolveOneEntry/refuses_an_entry_that_is_no_longer_listed\n"}
{"Time":"2026-09-20T18:43:44.200135+10:00","Action":"output","Package":"github.com/ollama/ollama/app/ui","Test":"TestResolveOneEntry/refuses_an_entry_that_is_no_longer_listed","Output":"--- PASS: TestResolveOneEntry/refuses_an_entry_that_is_no_longer_listed (0.00s)\n"}
{"Time":"2026-09-20T18:43:44.200172+10:00","Action":"pass","Package":"github.com/ollama/ollama/app/ui","Test":"TestResolveOneEntry/refuses_an_entry_that_is_no_longer_listed","Elapsed":0}
{"Time":"2026-09-20T18:43:44.200188+10:00","Action":"run","Package":"github.com/ollama/ollama/app/ui","Test":"TestResolveOneEntry/requires_a_name"}
{"Time":"2026-09-20T18:43:44.200202+10:00","Action":"output","Package":"github.com/ollama/ollama/app/ui","Test":"TestResolveOneEntry/requires_a_name","Output":"=== RUN   TestResolveOneEntry/requires_a_name\n"}
{"Time":"2026-09-20T18:43:44.200217+10:00","Action":"output","Package":"github.com/ollama/ollama/app/ui","Test":"TestResolveOneEntry/requires_a_name","Output":"--- PASS: TestResolveOneEntry/requires_a_name (0.00s)\n"}
{"Time":"2026-09-20T18:43:44.20023+10:00","Action":"pass","Package":"github.com/ollama/ollama/app/ui","Test":"TestResolveOneEntry/requires_a_name","Elapsed":0}
{"Time":"2026-09-20T18:43:44.200283+10:00","Action":"output","Package":"github.com/ollama/ollama/app/ui","Test":"TestResolveOneEntry","Output":"--- PASS: TestResolveOneEntry (0.00s)\n"}
{"Time":"2026-09-20T18:43:44.200302+10:00","Action":"pass","Package":"github.com/ollama/ollama/app/ui","Test":"TestResolveOneEntry","Elapsed":0}
{"Time":"2026-09-20T18:43:44.200316+10:00","Action":"run","Package":"github.com/ollama/ollama/app/ui","Test":"TestBrowseReportsAnUnreachableRegistry"}
{"Time":"2026-09-20T18:43:44.200329+10:00","Action":"output","Package":"github.com/ollama/ollama/app/ui","Test":"TestBrowseReportsAnUnreachableRegistry","Output":"=== RUN   TestBrowseReportsAnUnreachableRegistry\n"}
{"Time":"2026-09-20T18:43:44.200529+10:00","Action":"output","Package":"github.com/ollama/ollama/app/ui","Test":"TestBrowseReportsAnUnreachableRegistry","Output":"--- PASS: TestBrowseReportsAnUnreachableRegistry (0.00s)\n"}
{"Time":"2026-09-20T18:43:44.200562+10:00","Action":"pass","Package":"github.com/ollama/ollama/app/ui","Test":"TestBrowseReportsAnUnreachableRegistry","Elapsed":0}
{"Time":"2026-09-20T18:43:44.200576+10:00","Action":"run","Package":"github.com/ollama/ollama/app/ui","Test":"TestSignInRouteStillNeedsApproval"}
{"Time":"2026-09-20T18:43:44.200592+10:00","Action":"output","Package":"github.com/ollama/ollama/app/ui","Test":"TestSignInRouteStillNeedsApproval","Output":"=== RUN   TestSignInRouteStillNeedsApproval\n"}
{"Time":"2026-09-20T18:43:44.21032+10:00","Action":"output","Package":"github.com/ollama/ollama/app/ui","Test":"TestSignInRouteStillNeedsApproval","Output":"--- PASS: TestSignInRouteStillNeedsApproval (0.01s)\n"}
{"Time":"2026-09-20T18:43:44.210374+10:00","Action":"pass","Package":"github.com/ollama/ollama/app/ui","Test":"TestSignInRouteStillNeedsApproval","Elapsed":0.01}
{"Time":"2026-09-20T18:43:44.210393+10:00","Action":"run","Package":"github.com/ollama/ollama/app/ui","Test":"TestSignInRouteRefusesALocalServer"}
{"Time":"2026-09-20T18:43:44.210406+10:00","Action":"output","Package":"github.com/ollama/ollama/app/ui","Test":"TestSignInRouteRefusesALocalServer","Output":"=== RUN   TestSignInRouteRefusesALocalServer\n"}
{"Time":"2026-09-20T18:43:44.219225+10:00","Action":"output","Package":"github.com/ollama/ollama/app/ui","Test":"TestSignInRouteRefusesALocalServer","Output":"--- PASS: TestSignInRouteRefusesALocalServer (0.01s)\n"}
{"Time":"2026-09-20T18:43:44.219289+10:00","Action":"pass","Package":"github.com/ollama/ollama/app/ui","Test":"TestSignInRouteRefusesALocalServer","Elapsed":0.01}
{"Time":"2026-09-20T18:43:44.219312+10:00","Action":"run","Package":"github.com/ollama/ollama/app/ui","Test":"TestSignInRouteRefusesAnUnknownServer"}
{"Time":"2026-09-20T18:43:44.219355+10:00","Action":"output","Package":"github.com/ollama/ollama/app/ui","Test":"TestSignInRouteRefusesAnUnknownServer","Output":"=== RUN   TestSignInRouteRefusesAnUnknownServer\n"}
{"Time":"2026-09-20T18:43:44.22046+10:00","Action":"output","Package":"github.com/ollama/ollama/app/ui","Test":"TestSignInRouteRefusesAnUnknownServer","Output":"--- PASS: TestSignInRouteRefusesAnUnknownServer (0.00s)\n"}
{"Time":"2026-09-20T18:43:44.220501+10:00","Action":"pass","Package":"github.com/ollama/ollama/app/ui","Test":"TestSignInRouteRefusesAnUnknownServer","Elapsed":0}
{"Time":"2026-09-20T18:43:44.220519+10:00","Action":"run","Package":"github.com/ollama/ollama/app/ui","Test":"TestTheListSaysWhereACredentialWouldGo"}
{"Time":"2026-09-20T18:43:44.220531+10:00","Action":"output","Package":"github.com/ollama/ollama/app/ui","Test":"TestTheListSaysWhereACredentialWouldGo","Output":"=== RUN   TestTheListSaysWhereACredentialWouldGo\n"}
{"Time":"2026-09-20T18:43:44.245652+10:00","Action":"output","Package":"github.com/ollama/ollama/app/ui","Test":"TestTheListSaysWhereACredentialWouldGo","Output":"--- PASS: TestTheListSaysWhereACredentialWouldGo (0.02s)\n"}
{"Time":"2026-09-20T18:43:44.245821+10:00","Action":"pass","Package":"github.com/ollama/ollama/app/ui","Test":"TestTheListSaysWhereACredentialWouldGo","Elapsed":0.02}
{"Time":"2026-09-20T18:43:44.245847+10:00","Action":"run","Package":"github.com/ollama/ollama/app/ui","Test":"TestTheListReportsAStoredSignIn"}
{"Time":"2026-09-20T18:43:44.245862+10:00","Action":"output","Package":"github.com/ollama/ollama/app/ui","Test":"TestTheListReportsAStoredSignIn","Output":"=== RUN   TestTheListReportsAStoredSignIn\n"}
{"Time":"2026-09-20T18:43:44.270283+10:00","Action":"output","Package":"github.com/ollama/ollama/app/ui","Test":"TestTheListReportsAStoredSignIn","Output":"--- PASS: TestTheListReportsAStoredSignIn (0.02s)\n"}
{"Time":"2026-09-20T18:43:44.270344+10:00","Action":"pass","Package":"github.com/ollama/ollama/app/ui","Test":"TestTheListReportsAStoredSignIn","Elapsed":0.02}
{"Time":"2026-09-20T18:43:44.270362+10:00","Action":"run","Package":"github.com/ollama/ollama/app/ui","Test":"TestSignOutRouteForgetsTheTokenAndSaysWhatFailed"}
{"Time":"2026-09-20T18:43:44.270376+10:00","Action":"output","Package":"github.com/ollama/ollama/app/ui","Test":"TestSignOutRouteForgetsTheTokenAndSaysWhatFailed","Output":"=== RUN   TestSignOutRouteForgetsTheTokenAndSaysWhatFailed\n"}
{"Time":"2026-09-20T18:43:44.294073+10:00","Action":"output","Package":"github.com/ollama/ollama/app/ui","Test":"TestSignOutRouteForgetsTheTokenAndSaysWhatFailed","Output":"2026/09/20 18:43:44 WARN mcp token could not be revoked at the server server=hosted error=\"GetProtectedResourceMetadata(\\\"http://127.0.0.1:62461/.well-known/oauth-protected-resource/mcp\\\"): bad status 404\\nGetProtectedResourceMetadata(\\\"http://127.0.0.1:62461/.well-known/oauth-protected-resource\\\"): bad status 404\"\n"}
{"Time":"2026-09-20T18:43:44.298621+10:00","Action":"output","Package":"github.com/ollama/ollama/app/ui","Test":"TestSignOutRouteForgetsTheTokenAndSaysWhatFailed","Output":"--- PASS: TestSignOutRouteForgetsTheTokenAndSaysWhatFailed (0.03s)\n"}
{"Time":"2026-09-20T18:43:44.298677+10:00","Action":"pass","Package":"github.com/ollama/ollama/app/ui","Test":"TestSignOutRouteForgetsTheTokenAndSaysWhatFailed","Elapsed":0.03}
{"Time":"2026-09-20T18:43:44.298697+10:00","Action":"run","Package":"github.com/ollama/ollama/app/ui","Test":"TestSignOutOfAServerNeverSignedIn"}
{"Time":"2026-09-20T18:43:44.298711+10:00","Action":"output","Package":"github.com/ollama/ollama/app/ui","Test":"TestSignOutOfAServerNeverSignedIn","Output":"=== RUN   TestSignOutOfAServerNeverSignedIn\n"}
{"Time":"2026-09-20T18:43:44.312942+10:00","Action":"output","Package":"github.com/ollama/ollama/app/ui","Test":"TestSignOutOfAServerNeverSignedIn","Output":"--- PASS: TestSignOutOfAServerNeverSignedIn (0.01s)\n"}
{"Time":"2026-09-20T18:43:44.312998+10:00","Action":"pass","Package":"github.com/ollama/ollama/app/ui","Test":"TestSignOutOfAServerNeverSignedIn","Elapsed":0.01}
{"Time":"2026-09-20T18:43:44.313018+10:00","Action":"run","Package":"github.com/ollama/ollama/app/ui","Test":"TestSignInRoutesAreRegistered"}
{"Time":"2026-09-20T18:43:44.313033+10:00","Action":"output","Package":"github.com/ollama/ollama/app/ui","Test":"TestSignInRoutesAreRegistered","Output":"=== RUN   TestSignInRoutesAreRegistered\n"}
{"Time":"2026-09-20T18:43:44.319822+10:00","Action":"output","Package":"github.com/ollama/ollama/app/ui","Test":"TestSignInRoutesAreRegistered","Output":"--- PASS: TestSignInRoutesAreRegistered (0.01s)\n"}
{"Time":"2026-09-20T18:43:44.319874+10:00","Action":"pass","Package":"github.com/ollama/ollama/app/ui","Test":"TestSignInRoutesAreRegistered","Elapsed":0.01}
{"Time":"2026-09-20T18:43:44.319908+10:00","Action":"run","Package":"github.com/ollama/ollama/app/ui","Test":"TestTheListCarriesWhatAConfigurationCosts"}
{"Time":"2026-09-20T18:43:44.320027+10:00","Action":"output","Package":"github.com/ollama/ollama/app/ui","Test":"TestTheListCarriesWhatAConfigurationCosts","Output":"=== RUN   TestTheListCarriesWhatAConfigurationCosts\n"}
{"Time":"2026-09-20T18:43:44.329664+10:00","Action":"output","Package":"github.com/ollama/ollama/app/ui","Test":"TestTheListCarriesWhatAConfigurationCosts","Output":"--- PASS: TestTheListCarriesWhatAConfigurationCosts (0.01s)\n"}
{"Time":"2026-09-20T18:43:44.329728+10:00","Action":"pass","Package":"github.com/ollama/ollama/app/ui","Test":"TestTheListCarriesWhatAConfigurationCosts","Elapsed":0.01}
{"Time":"2026-09-20T18:43:44.329746+10:00","Action":"run","Package":"github.com/ollama/ollama/app/ui","Test":"TestMCPAPIAddDoesNotApprove"}
{"Time":"2026-09-20T18:43:44.32976+10:00","Action":"output","Package":"github.com/ollama/ollama/app/ui","Test":"TestMCPAPIAddDoesNotApprove","Output":"=== RUN   TestMCPAPIAddDoesNotApprove\n"}
{"Time":"2026-09-20T18:43:44.337209+10:00","Action":"output","Package":"github.com/ollama/ollama/app/ui","Test":"TestMCPAPIAddDoesNotApprove","Output":"--- PASS: TestMCPAPIAddDoesNotApprove (0.01s)\n"}
{"Time":"2026-09-20T18:43:44.33726+10:00","Action":"pass","Package":"github.com/ollama/ollama/app/ui","Test":"TestMCPAPIAddDoesNotApprove","Elapsed":0.01}
{"Time":"2026-09-20T18:43:44.337279+10:00","Action":"run","Package":"github.com/ollama/ollama/app/ui","Test":"TestMCPAPIAddRefusesWhatCouldNeverRun"}
{"Time":"2026-09-20T18:43:44.337292+10:00","Action":"output","Package":"github.com/ollama/ollama/app/ui","Test":"TestMCPAPIAddRefusesWhatCouldNeverRun","Output":"=== RUN   TestMCPAPIAddRefusesWhatCouldNeverRun\n"}
{"Time":"2026-09-20T18:43:44.337494+10:00","Action":"run","Package":"github.com/ollama/ollama/app/ui","Test":"TestMCPAPIAddRefusesWhatCouldNeverRun/no_command_and_no_url"}
{"Time":"2026-09-20T18:43:44.337518+10:00","Action":"output","Package":"github.com/ollama/ollama/app/ui","Test":"TestMCPAPIAddRefusesWhatCouldNeverRun/no_command_and_no_url","Output":"=== RUN   TestMCPAPIAddRefusesWhatCouldNeverRun/no_command_and_no_url\n"}
{"Time":"2026-09-20T18:43:44.337578+10:00","Action":"output","Package":"github.com/ollama/ollama/app/ui","Test":"TestMCPAPIAddRefusesWhatCouldNeverRun/no_command_and_no_url","Output":"--- PASS: TestMCPAPIAddRefusesWhatCouldNeverRun/no_command_and_no_url (0.00s)\n"}
{"Time":"2026-09-20T18:43:44.337601+10:00","Action":"pass","Package":"github.com/ollama/ollama/app/ui","Test":"TestMCPAPIAddRefusesWhatCouldNeverRun/no_command_and_no_url","Elapsed":0}
{"Time":"2026-09-20T18:43:44.337615+10:00","Action":"run","Package":"github.com/ollama/ollama/app/ui","Test":"TestMCPAPIAddRefusesWhatCouldNeverRun/plain_http_to_a_remote_host"}
{"Time":"2026-09-20T18:43:44.337628+10:00","Action":"output","Package":"github.com/ollama/ollama/app/ui","Test":"TestMCPAPIAddRefusesWhatCouldNeverRun/plain_http_to_a_remote_host","Output":"=== RUN   TestMCPAPIAddRefusesWhatCouldNeverRun/plain_http_to_a_remote_host\n"}
{"Time":"2026-09-20T18:43:44.337644+10:00","Action":"output","Package":"github.com/ollama/ollama/app/ui","Test":"TestMCPAPIAddRefusesWhatCouldNeverRun/plain_http_to_a_remote_host","Output":"--- PASS: TestMCPAPIAddRefusesWhatCouldNeverRun/plain_http_to_a_remote_host (0.00s)\n"}
{"Time":"2026-09-20T18:43:44.337672+10:00","Action":"pass","Package":"github.com/ollama/ollama/app/ui","Test":"TestMCPAPIAddRefusesWhatCouldNeverRun/plain_http_to_a_remote_host","Elapsed":0}
{"Time":"2026-09-20T18:43:44.337701+10:00","Action":"run","Package":"github.com/ollama/ollama/app/ui","Test":"TestMCPAPIAddRefusesWhatCouldNeverRun/a_literal_credential"}
{"Time":"2026-09-20T18:43:44.337719+10:00","Action":"output","Package":"github.com/ollama/ollama/app/ui","Test":"TestMCPAPIAddRefusesWhatCouldNeverRun/a_literal_credential","Output":"=== RUN   TestMCPAPIAddRefusesWhatCouldNeverRun/a_literal_credential\n"}
{"Time":"2026-09-20T18:43:44.337737+10:00","Action":"output","Package":"github.com/ollama/ollama/app/ui","Test":"TestMCPAPIAddRefusesWhatCouldNeverRun/a_literal_credential","Output":"--- PASS: TestMCPAPIAddRefusesWhatCouldNeverRun/a_literal_credential (0.00s)\n"}
{"Time":"2026-09-20T18:43:44.337751+10:00","Action":"pass","Package":"github.com/ollama/ollama/app/ui","Test":"TestMCPAPIAddRefusesWhatCouldNeverRun/a_literal_credential","Elapsed":0}
{"Time":"2026-09-20T18:43:44.337764+10:00","Action":"run","Package":"github.com/ollama/ollama/app/ui","Test":"TestMCPAPIAddRefusesWhatCouldNeverRun/a_name_that_breaks_namespacing"}
{"Time":"2026-09-20T18:43:44.337778+10:00","Action":"output","Package":"github.com/ollama/ollama/app/ui","Test":"TestMCPAPIAddRefusesWhatCouldNeverRun/a_name_that_breaks_namespacing","Output":"=== RUN   TestMCPAPIAddRefusesWhatCouldNeverRun/a_name_that_breaks_namespacing\n"}
{"Time":"2026-09-20T18:43:44.337796+10:00","Action":"output","Package":"github.com/ollama/ollama/app/ui","Test":"TestMCPAPIAddRefusesWhatCouldNeverRun/a_name_that_breaks_namespacing","Output":"--- PASS: TestMCPAPIAddRefusesWhatCouldNeverRun/a_name_that_breaks_namespacing (0.00s)\n"}
{"Time":"2026-09-20T18:43:44.337841+10:00","Action":"pass","Package":"github.com/ollama/ollama/app/ui","Test":"TestMCPAPIAddRefusesWhatCouldNeverRun/a_name_that_breaks_namespacing","Elapsed":0}
{"Time":"2026-09-20T18:43:44.337873+10:00","Action":"run","Package":"github.com/ollama/ollama/app/ui","Test":"TestMCPAPIAddRefusesWhatCouldNeverRun/no_name_at_all"}
{"Time":"2026-09-20T18:43:44.337886+10:00","Action":"output","Package":"github.com/ollama/ollama/app/ui","Test":"TestMCPAPIAddRefusesWhatCouldNeverRun/no_name_at_all","Output":"=== RUN   TestMCPAPIAddRefusesWhatCouldNeverRun/no_name_at_all\n"}
{"Time":"2026-09-20T18:43:44.3379+10:00","Action":"output","Package":"github.com/ollama/ollama/app/ui","Test":"TestMCPAPIAddRefusesWhatCouldNeverRun/no_name_at_all","Output":"--- PASS: TestMCPAPIAddRefusesWhatCouldNeverRun/no_name_at_all (0.00s)\n"}
{"Time":"2026-09-20T18:43:44.337913+10:00","Action":"pass","Package":"github.com/ollama/ollama/app/ui","Test":"TestMCPAPIAddRefusesWhatCouldNeverRun/no_name_at_all","Elapsed":0}
{"Time":"2026-09-20T18:43:44.338422+10:00","Action":"output","Package":"github.com/ollama/ollama/app/ui","Test":"TestMCPAPIAddRefusesWhatCouldNeverRun","Output":"--- PASS: TestMCPAPIAddRefusesWhatCouldNeverRun (0.00s)\n"}
{"Time":"2026-09-20T18:43:44.33846+10:00","Action":"pass","Package":"github.com/ollama/ollama/app/ui","Test":"TestMCPAPIAddRefusesWhatCouldNeverRun","Elapsed":0}
{"Time":"2026-09-20T18:43:44.338475+10:00","Action":"run","Package":"github.com/ollama/ollama/app/ui","Test":"TestMCPAPIAddRefusesADuplicate"}
{"Time":"2026-09-20T18:43:44.338487+10:00","Action":"output","Package":"github.com/ollama/ollama/app/ui","Test":"TestMCPAPIAddRefusesADuplicate","Output":"=== RUN   TestMCPAPIAddRefusesADuplicate\n"}
{"Time":"2026-09-20T18:43:44.344794+10:00","Action":"output","Package":"github.com/ollama/ollama/app/ui","Test":"TestMCPAPIAddRefusesADuplicate","Output":"--- PASS: TestMCPAPIAddRefusesADuplicate (0.01s)\n"}
{"Time":"2026-09-20T18:43:44.344861+10:00","Action":"pass","Package":"github.com/ollama/ollama/app/ui","Test":"TestMCPAPIAddRefusesADuplicate","Elapsed":0.01}
{"Time":"2026-09-20T18:43:44.34488+10:00","Action":"run","Package":"github.com/ollama/ollama/app/ui","Test":"TestMCPAPIApproveConnectsTheServer"}
{"Time":"2026-09-20T18:43:44.344894+10:00","Action":"output","Package":"github.com/ollama/ollama/app/ui","Test":"TestMCPAPIApproveConnectsTheServer","Output":"=== RUN   TestMCPAPIApproveConnectsTheServer\n"}
{"Time":"2026-09-20T18:43:45.243583+10:00","Action":"output","Package":"github.com/ollama/ollama/app/ui","Test":"TestMCPAPIApproveConnectsTheServer","Output":"--- PASS: TestMCPAPIApproveConnectsTheServer (0.90s)\n"}
{"Time":"2026-09-20T18:43:45.243641+10:00","Action":"pass","Package":"github.com/ollama/ollama/app/ui","Test":"TestMCPAPIApproveConnectsTheServer","Elapsed":0.9}
{"Time":"2026-09-20T18:43:45.243729+10:00","Action":"run","Package":"github.com/ollama/ollama/app/ui","Test":"TestMCPAPIApproveRefusesWhatTheUserDidNotSee"}
{"Time":"2026-09-20T18:43:45.243988+10:00","Action":"output","Package":"github.com/ollama/ollama/app/ui","Test":"TestMCPAPIApproveRefusesWhatTheUserDidNotSee","Output":"=== RUN   TestMCPAPIApproveRefusesWhatTheUserDidNotSee\n"}
{"Time":"2026-09-20T18:43:45.26054+10:00","Action":"output","Package":"github.com/ollama/ollama/app/ui","Test":"TestMCPAPIApproveRefusesWhatTheUserDidNotSee","Output":"--- PASS: TestMCPAPIApproveRefusesWhatTheUserDidNotSee (0.02s)\n"}
{"Time":"2026-09-20T18:43:45.260607+10:00","Action":"pass","Package":"github.com/ollama/ollama/app/ui","Test":"TestMCPAPIApproveRefusesWhatTheUserDidNotSee","Elapsed":0.02}
{"Time":"2026-09-20T18:43:45.260628+10:00","Action":"run","Package":"github.com/ollama/ollama/app/ui","Test":"TestMCPAPIListShowsWhatChangedSinceApproval"}
{"Time":"2026-09-20T18:43:45.260644+10:00","Action":"output","Package":"github.com/ollama/ollama/app/ui","Test":"TestMCPAPIListShowsWhatChangedSinceApproval","Output":"=== RUN   TestMCPAPIListShowsWhatChangedSinceApproval\n"}
{"Time":"2026-09-20T18:43:49.522693+10:00","Action":"output","Package":"github.com/ollama/ollama/app/ui","Test":"TestMCPAPIListShowsWhatChangedSinceApproval","Output":"   Building a==1.0\n"}
{"Time":"2026-09-20T18:43:50.188816+10:00","Action":"output","Package":"github.com/ollama/ollama/app/ui","Test":"TestMCPAPIListShowsWhatChangedSinceApproval","Output":"      Built a==1.0\n"}
{"Time":"2026-09-20T18:43:50.197585+10:00","Action":"output","Package":"github.com/ollama/ollama/app/ui","Test":"TestMCPAPIListShowsWhatChangedSinceApproval","Output":"Installed 1 package in 4ms\n"}
{"Time":"2026-09-20T18:43:50.455454+10:00","Action":"output","Package":"github.com/ollama/ollama/app/ui","Test":"TestMCPAPIListShowsWhatChangedSinceApproval","Output":"Package `a` does not provide any executables.\n"}
{"Time":"2026-09-20T18:43:50.458701+10:00","Action":"output","Package":"github.com/ollama/ollama/app/ui","Test":"TestMCPAPIListShowsWhatChangedSinceApproval","Output":"2026/09/20 18:43:50 WARN mcp server unavailable server=files error=\"connect: connection closed: calling \\\"initialize\\\": client is closing: EOF\"\n"}
{"Time":"2026-09-20T18:43:50.471066+10:00","Action":"output","Package":"github.com/ollama/ollama/app/ui","Test":"TestMCPAPIListShowsWhatChangedSinceApproval","Output":"--- PASS: TestMCPAPIListShowsWhatChangedSinceApproval (5.21s)\n"}
{"Time":"2026-09-20T18:43:50.471165+10:00","Action":"pass","Package":"github.com/ollama/ollama/app/ui","Test":"TestMCPAPIListShowsWhatChangedSinceApproval","Elapsed":5.21}
{"Time":"2026-09-20T18:43:50.471236+10:00","Action":"run","Package":"github.com/ollama/ollama/app/ui","Test":"TestMCPAPIEnableAndDisable"}
{"Time":"2026-09-20T18:43:50.471251+10:00","Action":"output","Package":"github.com/ollama/ollama/app/ui","Test":"TestMCPAPIEnableAndDisable","Output":"=== RUN   TestMCPAPIEnableAndDisable\n"}
{"Time":"2026-09-20T18:43:51.482196+10:00","Action":"output","Package":"github.com/ollama/ollama/app/ui","Test":"TestMCPAPIEnableAndDisable","Output":"--- PASS: TestMCPAPIEnableAndDisable (1.01s)\n"}
{"Time":"2026-09-20T18:43:51.482352+10:00","Action":"pass","Package":"github.com/ollama/ollama/app/ui","Test":"TestMCPAPIEnableAndDisable","Elapsed":1.01}
{"Time":"2026-09-20T18:43:51.482393+10:00","Action":"run","Package":"github.com/ollama/ollama/app/ui","Test":"TestMCPAPIDeleteDropsTheApprovalToo"}
{"Time":"2026-09-20T18:43:51.482411+10:00","Action":"output","Package":"github.com/ollama/ollama/app/ui","Test":"TestMCPAPIDeleteDropsTheApprovalToo","Output":"=== RUN   TestMCPAPIDeleteDropsTheApprovalToo\n"}
{"Time":"2026-09-20T18:43:51.53489+10:00","Action":"output","Package":"github.com/ollama/ollama/app/ui","Test":"TestMCPAPIDeleteDropsTheApprovalToo","Output":"2026/09/20 18:43:51 WARN mcp server unavailable server=files error=\"connect: connection closed: calling \\\"initialize\\\": client is closing: invalid character 'P' looking for beginning of value\"\n"}
{"Time":"2026-09-20T18:43:51.554656+10:00","Action":"output","Package":"github.com/ollama/ollama/app/ui","Test":"TestMCPAPIDeleteDropsTheApprovalToo","Output":"--- PASS: TestMCPAPIDeleteDropsTheApprovalToo (0.07s)\n"}
{"Time":"2026-09-20T18:43:51.554738+10:00","Action":"pass","Package":"github.com/ollama/ollama/app/ui","Test":"TestMCPAPIDeleteDropsTheApprovalToo","Elapsed":0.07}
{"Time":"2026-09-20T18:43:51.554779+10:00","Action":"run","Package":"github.com/ollama/ollama/app/ui","Test":"TestMCPAPIRefusesUnknownServers"}
{"Time":"2026-09-20T18:43:51.5548+10:00","Action":"output","Package":"github.com/ollama/ollama/app/ui","Test":"TestMCPAPIRefusesUnknownServers","Output":"=== RUN   TestMCPAPIRefusesUnknownServers\n"}
{"Time":"2026-09-20T18:43:51.557987+10:00","Action":"run","Package":"github.com/ollama/ollama/app/ui","Test":"TestMCPAPIRefusesUnknownServers/update"}
{"Time":"2026-09-20T18:43:51.563795+10:00","Action":"output","Package":"github.com/ollama/ollama/app/ui","Test":"TestMCPAPIRefusesUnknownServers/update","Output":"=== RUN   TestMCPAPIRefusesUnknownServers/update\n"}
{"Time":"2026-09-20T18:43:51.564331+10:00","Action":"output","Package":"github.com/ollama/ollama/app/ui","Test":"TestMCPAPIRefusesUnknownServers/update","Output":"--- PASS: TestMCPAPIRefusesUnknownServers/update (0.00s)\n"}
{"Time":"2026-09-20T18:43:51.564532+10:00","Action":"pass","Package":"github.com/ollama/ollama/app/ui","Test":"TestMCPAPIRefusesUnknownServers/update","Elapsed":0}
{"Time":"2026-09-20T18:43:51.5646+10:00","Action":"run","Package":"github.com/ollama/ollama/app/ui","Test":"TestMCPAPIRefusesUnknownServers/approve"}
{"Time":"2026-09-20T18:43:51.564663+10:00","Action":"output","Package":"github.com/ollama/ollama/app/ui","Test":"TestMCPAPIRefusesUnknownServers/approve","Output":"=== RUN   TestMCPAPIRefusesUnknownServers/approve\n"}
{"Time":"2026-09-20T18:43:51.565273+10:00","Action":"output","Package":"github.com/ollama/ollama/app/ui","Test":"TestMCPAPIRefusesUnknownServers/approve","Output":"--- PASS: TestMCPAPIRefusesUnknownServers/approve (0.00s)\n"}
{"Time":"2026-09-20T18:43:51.565359+10:00","Action":"pass","Package":"github.com/ollama/ollama/app/ui","Test":"TestMCPAPIRefusesUnknownServers/approve","Elapsed":0}
{"Time":"2026-09-20T18:43:51.565393+10:00","Action":"run","Package":"github.com/ollama/ollama/app/ui","Test":"TestMCPAPIRefusesUnknownServers/delete"}
{"Time":"2026-09-20T18:43:51.565414+10:00","Action":"output","Package":"github.com/ollama/ollama/app/ui","Test":"TestMCPAPIRefusesUnknownServers/delete","Output":"=== RUN   TestMCPAPIRefusesUnknownServers/delete\n"}
{"Time":"2026-09-20T18:43:51.565435+10:00","Action":"output","Package":"github.com/ollama/ollama/app/ui","Test":"TestMCPAPIRefusesUnknownServers/delete","Output":"--- PASS: TestMCPAPIRefusesUnknownServers/delete (0.00s)\n"}
{"Time":"2026-09-20T18:43:51.565458+10:00","Action":"pass","Package":"github.com/ollama/ollama/app/ui","Test":"TestMCPAPIRefusesUnknownServers/delete","Elapsed":0}
{"Time":"2026-09-20T18:43:51.566194+10:00","Action":"output","Package":"github.com/ollama/ollama/app/ui","Test":"TestMCPAPIRefusesUnknownServers","Output":"--- PASS: TestMCPAPIRefusesUnknownServers (0.01s)\n"}
{"Time":"2026-09-20T18:43:51.566301+10:00","Action":"pass","Package":"github.com/ollama/ollama/app/ui","Test":"TestMCPAPIRefusesUnknownServers","Elapsed":0.01}
{"Time":"2026-09-20T18:43:51.566341+10:00","Action":"run","Package":"github.com/ollama/ollama/app/ui","Test":"TestMCPAPIListWithNothingConfigured"}
{"Time":"2026-09-20T18:43:51.566368+10:00","Action":"output","Package":"github.com/ollama/ollama/app/ui","Test":"TestMCPAPIListWithNothingConfigured","Output":"=== RUN   TestMCPAPIListWithNothingConfigured\n"}
{"Time":"2026-09-20T18:43:51.568543+10:00","Action":"output","Package":"github.com/ollama/ollama/app/ui","Test":"TestMCPAPIListWithNothingConfigured","Output":"--- PASS: TestMCPAPIListWithNothingConfigured (0.00s)\n"}
{"Time":"2026-09-20T18:43:51.568619+10:00","Action":"pass","Package":"github.com/ollama/ollama/app/ui","Test":"TestMCPAPIListWithNothingConfigured","Elapsed":0}
{"Time":"2026-09-20T18:43:51.568653+10:00","Action":"run","Package":"github.com/ollama/ollama/app/ui","Test":"TestMCPAPIListDoesNotStartAnything"}
{"Time":"2026-09-20T18:43:51.568679+10:00","Action":"output","Package":"github.com/ollama/ollama/app/ui","Test":"TestMCPAPIListDoesNotStartAnything","Output":"=== RUN   TestMCPAPIListDoesNotStartAnything\n"}
{"Time":"2026-09-20T18:43:52.437071+10:00","Action":"output","Package":"github.com/ollama/ollama/app/ui","Test":"TestMCPAPIListDoesNotStartAnything","Output":"--- PASS: TestMCPAPIListDoesNotStartAnything (0.87s)\n"}
{"Time":"2026-09-20T18:43:52.437155+10:00","Action":"pass","Package":"github.com/ollama/ollama/app/ui","Test":"TestMCPAPIListDoesNotStartAnything","Elapsed":0.87}
{"Time":"2026-09-20T18:43:52.437189+10:00","Action":"run","Package":"github.com/ollama/ollama/app/ui","Test":"TestApprovedServerWithNoManagerIsNotCalledUnapproved"}
{"Time":"2026-09-20T18:43:52.437216+10:00","Action":"output","Package":"github.com/ollama/ollama/app/ui","Test":"TestApprovedServerWithNoManagerIsNotCalledUnapproved","Output":"=== RUN   TestApprovedServerWithNoManagerIsNotCalledUnapproved\n"}
{"Time":"2026-09-20T18:43:52.451618+10:00","Action":"output","Package":"github.com/ollama/ollama/app/ui","Test":"TestApprovedServerWithNoManagerIsNotCalledUnapproved","Output":"--- PASS: TestApprovedServerWithNoManagerIsNotCalledUnapproved (0.01s)\n"}
{"Time":"2026-09-20T18:43:52.45169+10:00","Action":"pass","Package":"github.com/ollama/ollama/app/ui","Test":"TestApprovedServerWithNoManagerIsNotCalledUnapproved","Elapsed":0.01}
{"Time":"2026-09-20T18:43:52.451718+10:00","Action":"run","Package":"github.com/ollama/ollama/app/ui","Test":"TestServerInstructionsReachTheModelsSystemPrompt"}
{"Time":"2026-09-20T18:43:52.451742+10:00","Action":"output","Package":"github.com/ollama/ollama/app/ui","Test":"TestServerInstructionsReachTheModelsSystemPrompt","Output":"=== RUN   TestServerInstructionsReachTheModelsSystemPrompt\n"}
{"Time":"2026-09-20T18:43:52.452987+10:00","Action":"output","Package":"github.com/ollama/ollama/app/ui","Test":"TestServerInstructionsReachTheModelsSystemPrompt","Output":"--- PASS: TestServerInstructionsReachTheModelsSystemPrompt (0.00s)\n"}
{"Time":"2026-09-20T18:43:52.453068+10:00","Action":"pass","Package":"github.com/ollama/ollama/app/ui","Test":"TestServerInstructionsReachTheModelsSystemPrompt","Elapsed":0}
{"Time":"2026-09-20T18:43:52.453089+10:00","Action":"run","Package":"github.com/ollama/ollama/app/ui","Test":"TestServerInstructionsAreFramedAsTheServersOwnWords"}
{"Time":"2026-09-20T18:43:52.453104+10:00","Action":"output","Package":"github.com/ollama/ollama/app/ui","Test":"TestServerInstructionsAreFramedAsTheServersOwnWords","Output":"=== RUN   TestServerInstructionsAreFramedAsTheServersOwnWords\n"}
{"Time":"2026-09-20T18:43:52.454306+10:00","Action":"output","Package":"github.com/ollama/ollama/app/ui","Test":"TestServerInstructionsAreFramedAsTheServersOwnWords","Output":"--- PASS: TestServerInstructionsAreFramedAsTheServersOwnWords (0.00s)\n"}
{"Time":"2026-09-20T18:43:52.454439+10:00","Action":"pass","Package":"github.com/ollama/ollama/app/ui","Test":"TestServerInstructionsAreFramedAsTheServersOwnWords","Elapsed":0}
{"Time":"2026-09-20T18:43:52.454477+10:00","Action":"run","Package":"github.com/ollama/ollama/app/ui","Test":"TestSpeakWithoutCookieNeverReachesElevenLabs"}
{"Time":"2026-09-20T18:43:52.454553+10:00","Action":"output","Package":"github.com/ollama/ollama/app/ui","Test":"TestSpeakWithoutCookieNeverReachesElevenLabs","Output":"=== RUN   TestSpeakWithoutCookieNeverReachesElevenLabs\n"}
{"Time":"2026-09-20T18:43:52.492894+10:00","Action":"output","Package":"github.com/ollama/ollama/app/ui","Test":"TestSpeakWithoutCookieNeverReachesElevenLabs","Output":"--- PASS: TestSpeakWithoutCookieNeverReachesElevenLabs (0.04s)\n"}
{"Time":"2026-09-20T18:43:52.492975+10:00","Action":"pass","Package":"github.com/ollama/ollama/app/ui","Test":"TestSpeakWithoutCookieNeverReachesElevenLabs","Elapsed":0.04}
{"Time":"2026-09-20T18:43:52.493015+10:00","Action":"run","Package":"github.com/ollama/ollama/app/ui","Test":"TestSpeakWithCookieReachesSynthesizer"}
{"Time":"2026-09-20T18:43:52.493034+10:00","Action":"output","Package":"github.com/ollama/ollama/app/ui","Test":"TestSpeakWithCookieReachesSynthesizer","Output":"=== RUN   TestSpeakWithCookieReachesSynthesizer\n"}
{"Time":"2026-09-20T18:43:52.526723+10:00","Action":"output","Package":"github.com/ollama/ollama/app/ui","Test":"TestSpeakWithCookieReachesSynthesizer","Output":"2026/09/20 18:43:52 INFO site.serveHTTP http.method=POST http.path=/api/v1/tts/speak http.pattern=\"POST /api/v1/tts/speak\" http.status=200 http.d=1.868416ms request_id=1789893832524802000 version=0.0.0\n"}
{"Time":"2026-09-20T18:43:52.529249+10:00","Action":"output","Package":"github.com/ollama/ollama/app/ui","Test":"TestSpeakWithCookieReachesSynthesizer","Output":"--- PASS: TestSpeakWithCookieReachesSynthesizer (0.04s)\n"}
{"Time":"2026-09-20T18:43:52.529307+10:00","Action":"pass","Package":"github.com/ollama/ollama/app/ui","Test":"TestSpeakWithCookieReachesSynthesizer","Elapsed":0.04}
{"Time":"2026-09-20T18:43:52.529331+10:00","Action":"run","Package":"github.com/ollama/ollama/app/ui","Test":"TestStatusNeverContainsTheKey"}
{"Time":"2026-09-20T18:43:52.529347+10:00","Action":"output","Package":"github.com/ollama/ollama/app/ui","Test":"TestStatusNeverContainsTheKey","Output":"=== RUN   TestStatusNeverContainsTheKey\n"}
{"Time":"2026-09-20T18:43:52.56582+10:00","Action":"output","Package":"github.com/ollama/ollama/app/ui","Test":"TestStatusNeverContainsTheKey","Output":"2026/09/20 18:43:52 INFO site.serveHTTP http.method=GET http.path=/api/v1/tts/status http.pattern=\"GET /api/v1/tts/status\" http.status=200 http.d=1.08075ms request_id=1789893832564694000 version=0.0.0\n"}
{"Time":"2026-09-20T18:43:52.566826+10:00","Action":"output","Package":"github.com/ollama/ollama/app/ui","Test":"TestStatusNeverContainsTheKey","Output":"--- PASS: TestStatusNeverContainsTheKey (0.04s)\n"}
{"Time":"2026-09-20T18:43:52.566875+10:00","Action":"pass","Package":"github.com/ollama/ollama/app/ui","Test":"TestStatusNeverContainsTheKey","Elapsed":0.04}
{"Time":"2026-09-20T18:43:52.566894+10:00","Action":"run","Package":"github.com/ollama/ollama/app/ui","Test":"TestPutKeyRejectsOverlong"}
{"Time":"2026-09-20T18:43:52.56691+10:00","Action":"output","Package":"github.com/ollama/ollama/app/ui","Test":"TestPutKeyRejectsOverlong","Output":"=== RUN   TestPutKeyRejectsOverlong\n"}
{"Time":"2026-09-20T18:43:52.620788+10:00","Action":"output","Package":"github.com/ollama/ollama/app/ui","Test":"TestPutKeyRejectsOverlong","Output":"2026/09/20 18:43:52 ERROR site.serveHTTP error=\"The ElevenLabs API key is too long.\" http.method=PUT http.path=/api/v1/tts/key http.pattern=\"PUT /api/v1/tts/key\" http.status=400 http.d=7.418792ms request_id=1789893832613289000 version=0.0.0\n"}
{"Time":"2026-09-20T18:43:52.621673+10:00","Action":"output","Package":"github.com/ollama/ollama/app/ui","Test":"TestPutKeyRejectsOverlong","Output":"--- PASS: TestPutKeyRejectsOverlong (0.05s)\n"}
{"Time":"2026-09-20T18:43:52.622134+10:00","Action":"pass","Package":"github.com/ollama/ollama/app/ui","Test":"TestPutKeyRejectsOverlong","Elapsed":0.05}
{"Time":"2026-09-20T18:43:52.622578+10:00","Action":"run","Package":"github.com/ollama/ollama/app/ui","Test":"TestHandlePostApiSettings"}
{"Time":"2026-09-20T18:43:52.622667+10:00","Action":"output","Package":"github.com/ollama/ollama/app/ui","Test":"TestHandlePostApiSettings","Output":"=== RUN   TestHandlePostApiSettings\n"}
{"Time":"2026-09-20T18:43:52.622694+10:00","Action":"run","Package":"github.com/ollama/ollama/app/ui","Test":"TestHandlePostApiSettings/valid_settings_update_-_all_fields"}
{"Time":"2026-09-20T18:43:52.622711+10:00","Action":"output","Package":"github.com/ollama/ollama/app/ui","Test":"TestHandlePostApiSettings/valid_settings_update_-_all_fields","Output":"=== RUN   TestHandlePostApiSettings/valid_settings_update_-_all_fields\n"}
{"Time":"2026-09-20T18:43:52.631293+10:00","Action":"output","Package":"github.com/ollama/ollama/app/ui","Test":"TestHandlePostApiSettings/valid_settings_update_-_all_fields","Output":"--- PASS: TestHandlePostApiSettings/valid_settings_update_-_all_fields (0.01s)\n"}
{"Time":"2026-09-20T18:43:52.631417+10:00","Action":"pass","Package":"github.com/ollama/ollama/app/ui","Test":"TestHandlePostApiSettings/valid_settings_update_-_all_fields","Elapsed":0.01}
{"Time":"2026-09-20T18:43:52.631548+10:00","Action":"run","Package":"github.com/ollama/ollama/app/ui","Test":"TestHandlePostApiSettings/partial_settings_update"}
{"Time":"2026-09-20T18:43:52.631744+10:00","Action":"output","Package":"github.com/ollama/ollama/app/ui","Test":"TestHandlePostApiSettings/partial_settings_update","Output":"=== RUN   TestHandlePostApiSettings/partial_settings_update\n"}
{"Time":"2026-09-20T18:43:52.642763+10:00","Action":"output","Package":"github.com/ollama/ollama/app/ui","Test":"TestHandlePostApiSettings/partial_settings_update","Output":"--- PASS: TestHandlePostApiSettings/partial_settings_update (0.01s)\n"}
{"Time":"2026-09-20T18:43:52.642875+10:00","Action":"pass","Package":"github.com/ollama/ollama/app/ui","Test":"TestHandlePostApiSettings/partial_settings_update","Elapsed":0.01}
{"Time":"2026-09-20T18:43:52.642905+10:00","Action":"run","Package":"github.com/ollama/ollama/app/ui","Test":"TestHandlePostApiSettings/settings_with_special_characters_in_paths"}
{"Time":"2026-09-20T18:43:52.642925+10:00","Action":"output","Package":"github.com/ollama/ollama/app/ui","Test":"TestHandlePostApiSettings/settings_with_special_characters_in_paths","Output":"=== RUN   TestHandlePostApiSettings/settings_with_special_characters_in_paths\n"}
{"Time":"2026-09-20T18:43:52.651789+10:00","Action":"output","Package":"github.com/ollama/ollama/app/ui","Test":"TestHandlePostApiSettings/settings_with_special_characters_in_paths","Output":"--- PASS: TestHandlePostApiSettings/settings_with_special_characters_in_paths (0.01s)\n"}
{"Time":"2026-09-20T18:43:52.651907+10:00","Action":"pass","Package":"github.com/ollama/ollama/app/ui","Test":"TestHandlePostApiSettings/settings_with_special_characters_in_paths","Elapsed":0.01}
{"Time":"2026-09-20T18:43:52.651933+10:00","Action":"output","Package":"github.com/ollama/ollama/app/ui","Test":"TestHandlePostApiSettings","Output":"--- PASS: TestHandlePostApiSettings (0.03s)\n"}
{"Time":"2026-09-20T18:43:52.651954+10:00","Action":"pass","Package":"github.com/ollama/ollama/app/ui","Test":"TestHandlePostApiSettings","Elapsed":0.03}
{"Time":"2026-09-20T18:43:52.651969+10:00","Action":"run","Package":"github.com/ollama/ollama/app/ui","Test":"TestHandlePostApiCloudSetting"}
{"Time":"2026-09-20T18:43:52.651993+10:00","Action":"output","Package":"github.com/ollama/ollama/app/ui","Test":"TestHandlePostApiCloudSetting","Output":"=== RUN   TestHandlePostApiCloudSetting\n"}
{"Time":"2026-09-20T18:43:52.65261+10:00","Action":"run","Package":"github.com/ollama/ollama/app/ui","Test":"TestHandlePostApiCloudSetting/disable_cloud"}
{"Time":"2026-09-20T18:43:52.652664+10:00","Action":"output","Package":"github.com/ollama/ollama/app/ui","Test":"TestHandlePostApiCloudSetting/disable_cloud","Output":"=== RUN   TestHandlePostApiCloudSetting/disable_cloud\n"}
{"Time":"2026-09-20T18:43:52.700692+10:00","Action":"output","Package":"github.com/ollama/ollama/app/ui","Test":"TestHandlePostApiCloudSetting/disable_cloud","Output":"--- PASS: TestHandlePostApiCloudSetting/disable_cloud (0.05s)\n"}
{"Time":"2026-09-20T18:43:52.700762+10:00","Action":"pass","Package":"github.com/ollama/ollama/app/ui","Test":"TestHandlePostApiCloudSetting/disable_cloud","Elapsed":0.05}
{"Time":"2026-09-20T18:43:52.700784+10:00","Action":"run","Package":"github.com/ollama/ollama/app/ui","Test":"TestHandlePostApiCloudSetting/enable_cloud"}
{"Time":"2026-09-20T18:43:52.7008+10:00","Action":"output","Package":"github.com/ollama/ollama/app/ui","Test":"TestHandlePostApiCloudSetting/enable_cloud","Output":"=== RUN   TestHandlePostApiCloudSetting/enable_cloud\n"}
{"Time":"2026-09-20T18:43:52.701682+10:00","Action":"output","Package":"github.com/ollama/ollama/app/ui","Test":"TestHandlePostApiCloudSetting/enable_cloud","Output":"--- PASS: TestHandlePostApiCloudSetting/enable_cloud (0.00s)\n"}
{"Time":"2026-09-20T18:43:52.701742+10:00","Action":"pass","Package":"github.com/ollama/ollama/app/ui","Test":"TestHandlePostApiCloudSetting/enable_cloud","Elapsed":0}
{"Time":"2026-09-20T18:43:52.706113+10:00","Action":"output","Package":"github.com/ollama/ollama/app/ui","Test":"TestHandlePostApiCloudSetting","Output":"--- PASS: TestHandlePostApiCloudSetting (0.05s)\n"}
{"Time":"2026-09-20T18:43:52.706366+10:00","Action":"pass","Package":"github.com/ollama/ollama/app/ui","Test":"TestHandlePostApiCloudSetting","Elapsed":0.05}
{"Time":"2026-09-20T18:43:52.706841+10:00","Action":"run","Package":"github.com/ollama/ollama/app/ui","Test":"TestHandleGetApiCloudSetting"}
{"Time":"2026-09-20T18:43:52.707009+10:00","Action":"output","Package":"github.com/ollama/ollama/app/ui","Test":"TestHandleGetApiCloudSetting","Output":"=== RUN   TestHandleGetApiCloudSetting\n"}
{"Time":"2026-09-20T18:43:52.733212+10:00","Action":"output","Package":"github.com/ollama/ollama/app/ui","Test":"TestHandleGetApiCloudSetting","Output":"--- PASS: TestHandleGetApiCloudSetting (0.03s)\n"}
{"Time":"2026-09-20T18:43:52.733297+10:00","Action":"pass","Package":"github.com/ollama/ollama/app/ui","Test":"TestHandleGetApiCloudSetting","Elapsed":0.03}
{"Time":"2026-09-20T18:43:52.733337+10:00","Action":"run","Package":"github.com/ollama/ollama/app/ui","Test":"TestAuthenticationMiddleware"}
{"Time":"2026-09-20T18:43:52.733362+10:00","Action":"output","Package":"github.com/ollama/ollama/app/ui","Test":"TestAuthenticationMiddleware","Output":"=== RUN   TestAuthenticationMiddleware\n"}
{"Time":"2026-09-20T18:43:52.733411+10:00","Action":"run","Package":"github.com/ollama/ollama/app/ui","Test":"TestAuthenticationMiddleware/missing_token_cookie"}
{"Time":"2026-09-20T18:43:52.733431+10:00","Action":"output","Package":"github.com/ollama/ollama/app/ui","Test":"TestAuthenticationMiddleware/missing_token_cookie","Output":"=== RUN   TestAuthenticationMiddleware/missing_token_cookie\n"}
{"Time":"2026-09-20T18:43:52.733707+10:00","Action":"output","Package":"github.com/ollama/ollama/app/ui","Test":"TestAuthenticationMiddleware/missing_token_cookie","Output":"--- PASS: TestAuthenticationMiddleware/missing_token_cookie (0.00s)\n"}
{"Time":"2026-09-20T18:43:52.733792+10:00","Action":"pass","Package":"github.com/ollama/ollama/app/ui","Test":"TestAuthenticationMiddleware/missing_token_cookie","Elapsed":0}
{"Time":"2026-09-20T18:43:52.733815+10:00","Action":"run","Package":"github.com/ollama/ollama/app/ui","Test":"TestAuthenticationMiddleware/invalid_token_value"}
{"Time":"2026-09-20T18:43:52.733831+10:00","Action":"output","Package":"github.com/ollama/ollama/app/ui","Test":"TestAuthenticationMiddleware/invalid_token_value","Output":"=== RUN   TestAuthenticationMiddleware/invalid_token_value\n"}
{"Time":"2026-09-20T18:43:52.733981+10:00","Action":"output","Package":"github.com/ollama/ollama/app/ui","Test":"TestAuthenticationMiddleware/invalid_token_value","Output":"--- PASS: TestAuthenticationMiddleware/invalid_token_value (0.00s)\n"}
{"Time":"2026-09-20T18:43:52.734023+10:00","Action":"pass","Package":"github.com/ollama/ollama/app/ui","Test":"TestAuthenticationMiddleware/invalid_token_value","Elapsed":0}
{"Time":"2026-09-20T18:43:52.734054+10:00","Action":"run","Package":"github.com/ollama/ollama/app/ui","Test":"TestAuthenticationMiddleware/valid_token_-_GET_request"}
{"Time":"2026-09-20T18:43:52.734068+10:00","Action":"output","Package":"github.com/ollama/ollama/app/ui","Test":"TestAuthenticationMiddleware/valid_token_-_GET_request","Output":"=== RUN   TestAuthenticationMiddleware/valid_token_-_GET_request\n"}
{"Time":"2026-09-20T18:43:52.734211+10:00","Action":"output","Package":"github.com/ollama/ollama/app/ui","Test":"TestAuthenticationMiddleware/valid_token_-_GET_request","Output":"--- PASS: TestAuthenticationMiddleware/valid_token_-_GET_request (0.00s)\n"}
{"Time":"2026-09-20T18:43:52.734318+10:00","Action":"pass","Package":"github.com/ollama/ollama/app/ui","Test":"TestAuthenticationMiddleware/valid_token_-_GET_request","Elapsed":0}
{"Time":"2026-09-20T18:43:52.73434+10:00","Action":"run","Package":"github.com/ollama/ollama/app/ui","Test":"TestAuthenticationMiddleware/valid_token_-_POST_with_application/json"}
{"Time":"2026-09-20T18:43:52.734391+10:00","Action":"output","Package":"github.com/ollama/ollama/app/ui","Test":"TestAuthenticationMiddleware/valid_token_-_POST_with_application/json","Output":"=== RUN   TestAuthenticationMiddleware/valid_token_-_POST_with_application/json\n"}
{"Time":"2026-09-20T18:43:52.734548+10:00","Action":"output","Package":"github.com/ollama/ollama/app/ui","Test":"TestAuthenticationMiddleware/valid_token_-_POST_with_application/json","Output":"--- PASS: TestAuthenticationMiddleware/valid_token_-_POST_with_application/json (0.00s)\n"}
{"Time":"2026-09-20T18:43:52.734587+10:00","Action":"pass","Package":"github.com/ollama/ollama/app/ui","Test":"TestAuthenticationMiddleware/valid_token_-_POST_with_application/json","Elapsed":0}
{"Time":"2026-09-20T18:43:52.734743+10:00","Action":"run","Package":"github.com/ollama/ollama/app/ui","Test":"TestAuthenticationMiddleware/POST_without_Content-Type_header"}
{"Time":"2026-09-20T18:43:52.734779+10:00","Action":"output","Package":"github.com/ollama/ollama/app/ui","Test":"TestAuthenticationMiddleware/POST_without_Content-Type_header","Output":"=== RUN   TestAuthenticationMiddleware/POST_without_Content-Type_header\n"}
{"Time":"2026-09-20T18:43:52.734905+10:00","Action":"output","Package":"github.com/ollama/ollama/app/ui","Test":"TestAuthenticationMiddleware/POST_without_Content-Type_header","Output":"--- PASS: TestAuthenticationMiddleware/POST_without_Content-Type_header (0.00s)\n"}
{"Time":"2026-09-20T18:43:52.734929+10:00","Action":"pass","Package":"github.com/ollama/ollama/app/ui","Test":"TestAuthenticationMiddleware/POST_without_Content-Type_header","Elapsed":0}
{"Time":"2026-09-20T18:43:52.734944+10:00","Action":"run","Package":"github.com/ollama/ollama/app/ui","Test":"TestAuthenticationMiddleware/POST_with_wrong_Content-Type"}
{"Time":"2026-09-20T18:43:52.734956+10:00","Action":"output","Package":"github.com/ollama/ollama/app/ui","Test":"TestAuthenticationMiddleware/POST_with_wrong_Content-Type","Output":"=== RUN   TestAuthenticationMiddleware/POST_with_wrong_Content-Type\n"}
{"Time":"2026-09-20T18:43:52.735141+10:00","Action":"output","Package":"github.com/ollama/ollama/app/ui","Test":"TestAuthenticationMiddleware/POST_with_wrong_Content-Type","Output":"--- PASS: TestAuthenticationMiddleware/POST_with_wrong_Content-Type (0.00s)\n"}
{"Time":"2026-09-20T18:43:52.735168+10:00","Action":"pass","Package":"github.com/ollama/ollama/app/ui","Test":"TestAuthenticationMiddleware/POST_with_wrong_Content-Type","Elapsed":0}
{"Time":"2026-09-20T18:43:52.735182+10:00","Action":"run","Package":"github.com/ollama/ollama/app/ui","Test":"TestAuthenticationMiddleware/OPTIONS_request_(CORS_preflight)_-_should_bypass_auth"}
{"Time":"2026-09-20T18:43:52.735194+10:00","Action":"output","Package":"github.com/ollama/ollama/app/ui","Test":"TestAuthenticationMiddleware/OPTIONS_request_(CORS_preflight)_-_should_bypass_auth","Output":"=== RUN   TestAuthenticationMiddleware/OPTIONS_request_(CORS_preflight)_-_should_bypass_auth\n"}
{"Time":"2026-09-20T18:43:52.735335+10:00","Action":"output","Package":"github.com/ollama/ollama/app/ui","Test":"TestAuthenticationMiddleware/OPTIONS_request_(CORS_preflight)_-_should_bypass_auth","Output":"--- PASS: TestAuthenticationMiddleware/OPTIONS_request_(CORS_preflight)_-_should_bypass_auth (0.00s)\n"}
{"Time":"2026-09-20T18:43:52.73536+10:00","Action":"pass","Package":"github.com/ollama/ollama/app/ui","Test":"TestAuthenticationMiddleware/OPTIONS_request_(CORS_preflight)_-_should_bypass_auth","Elapsed":0}
{"Time":"2026-09-20T18:43:52.735373+10:00","Action":"output","Package":"github.com/ollama/ollama/app/ui","Test":"TestAuthenticationMiddleware","Output":"--- PASS: TestAuthenticationMiddleware (0.00s)\n"}
{"Time":"2026-09-20T18:43:52.735386+10:00","Action":"pass","Package":"github.com/ollama/ollama/app/ui","Test":"TestAuthenticationMiddleware","Elapsed":0}
{"Time":"2026-09-20T18:43:52.735404+10:00","Action":"run","Package":"github.com/ollama/ollama/app/ui","Test":"TestUserAgent"}
{"Time":"2026-09-20T18:43:52.735417+10:00","Action":"output","Package":"github.com/ollama/ollama/app/ui","Test":"TestUserAgent","Output":"=== RUN   TestUserAgent\n"}
{"Time":"2026-09-20T18:43:52.735429+10:00","Action":"output","Package":"github.com/ollama/ollama/app/ui","Test":"TestUserAgent","Output":"    ui_test.go:490: User Agent: ollama/v0.0.0 (arm64 darwin) app/v0.0.0 Go/go1.26.5\n"}
{"Time":"2026-09-20T18:43:52.735441+10:00","Action":"output","Package":"github.com/ollama/ollama/app/ui","Test":"TestUserAgent","Output":"    ui_test.go:491: Parsed - Product: ollama, Version: v0.0.0, OS: darwin, Arch: arm64\n"}
{"Time":"2026-09-20T18:43:52.735454+10:00","Action":"output","Package":"github.com/ollama/ollama/app/ui","Test":"TestUserAgent","Output":"--- PASS: TestUserAgent (0.00s)\n"}
{"Time":"2026-09-20T18:43:52.735466+10:00","Action":"pass","Package":"github.com/ollama/ollama/app/ui","Test":"TestUserAgent","Elapsed":0}
{"Time":"2026-09-20T18:43:52.735478+10:00","Action":"run","Package":"github.com/ollama/ollama/app/ui","Test":"TestUserAgentTransport"}
{"Time":"2026-09-20T18:43:52.73549+10:00","Action":"output","Package":"github.com/ollama/ollama/app/ui","Test":"TestUserAgentTransport","Output":"=== RUN   TestUserAgentTransport\n"}
{"Time":"2026-09-20T18:43:52.737105+10:00","Action":"output","Package":"github.com/ollama/ollama/app/ui","Test":"TestUserAgentTransport","Output":"    ui_test.go:527: User-Agent transport successfully set: ollama/v0.0.0 (arm64 darwin) app/v0.0.0 Go/go1.26.5\n"}
{"Time":"2026-09-20T18:43:52.737196+10:00","Action":"output","Package":"github.com/ollama/ollama/app/ui","Test":"TestUserAgentTransport","Output":"--- PASS: TestUserAgentTransport (0.00s)\n"}
{"Time":"2026-09-20T18:43:52.737213+10:00","Action":"pass","Package":"github.com/ollama/ollama/app/ui","Test":"TestUserAgentTransport","Elapsed":0}
{"Time":"2026-09-20T18:43:52.73723+10:00","Action":"run","Package":"github.com/ollama/ollama/app/ui","Test":"TestInferenceClientUsesUserAgent"}
{"Time":"2026-09-20T18:43:52.737243+10:00","Action":"output","Package":"github.com/ollama/ollama/app/ui","Test":"TestInferenceClientUsesUserAgent","Output":"=== RUN   TestInferenceClientUsesUserAgent\n"}
{"Time":"2026-09-20T18:43:52.738131+10:00","Action":"output","Package":"github.com/ollama/ollama/app/ui","Test":"TestInferenceClientUsesUserAgent","Output":"--- PASS: TestInferenceClientUsesUserAgent (0.00s)\n"}
{"Time":"2026-09-20T18:43:52.738194+10:00","Action":"pass","Package":"github.com/ollama/ollama/app/ui","Test":"TestInferenceClientUsesUserAgent","Elapsed":0}
{"Time":"2026-09-20T18:43:52.738208+10:00","Action":"run","Package":"github.com/ollama/ollama/app/ui","Test":"TestSupportsBrowserTools"}
{"Time":"2026-09-20T18:43:52.738223+10:00","Action":"output","Package":"github.com/ollama/ollama/app/ui","Test":"TestSupportsBrowserTools","Output":"=== RUN   TestSupportsBrowserTools\n"}
{"Time":"2026-09-20T18:43:52.738237+10:00","Action":"run","Package":"github.com/ollama/ollama/app/ui","Test":"TestSupportsBrowserTools/gpt-oss"}
{"Time":"2026-09-20T18:43:52.73825+10:00","Action":"output","Package":"github.com/ollama/ollama/app/ui","Test":"TestSupportsBrowserTools/gpt-oss","Output":"=== RUN   TestSupportsBrowserTools/gpt-oss\n"}
{"Time":"2026-09-20T18:43:52.738265+10:00","Action":"output","Package":"github.com/ollama/ollama/app/ui","Test":"TestSupportsBrowserTools/gpt-oss","Output":"--- PASS: TestSupportsBrowserTools/gpt-oss (0.00s)\n"}
{"Time":"2026-09-20T18:43:52.738277+10:00","Action":"pass","Package":"github.com/ollama/ollama/app/ui","Test":"TestSupportsBrowserTools/gpt-oss","Elapsed":0}
{"Time":"2026-09-20T18:43:52.73829+10:00","Action":"run","Package":"github.com/ollama/ollama/app/ui","Test":"TestSupportsBrowserTools/gpt-oss-latest"}
{"Time":"2026-09-20T18:43:52.738302+10:00","Action":"output","Package":"github.com/ollama/ollama/app/ui","Test":"TestSupportsBrowserTools/gpt-oss-latest","Output":"=== RUN   TestSupportsBrowserTools/gpt-oss-latest\n"}
{"Time":"2026-09-20T18:43:52.738315+10:00","Action":"output","Package":"github.com/ollama/ollama/app/ui","Test":"TestSupportsBrowserTools/gpt-oss-latest","Output":"--- PASS: TestSupportsBrowserTools/gpt-oss-latest (0.00s)\n"}
{"Time":"2026-09-20T18:43:52.738328+10:00","Action":"pass","Package":"github.com/ollama/ollama/app/ui","Test":"TestSupportsBrowserTools/gpt-oss-latest","Elapsed":0}
{"Time":"2026-09-20T18:43:52.738345+10:00","Action":"run","Package":"github.com/ollama/ollama/app/ui","Test":"TestSupportsBrowserTools/GPT-OSS"}
{"Time":"2026-09-20T18:43:52.73839+10:00","Action":"output","Package":"github.com/ollama/ollama/app/ui","Test":"TestSupportsBrowserTools/GPT-OSS","Output":"=== RUN   TestSupportsBrowserTools/GPT-OSS\n"}
{"Time":"2026-09-20T18:43:52.738421+10:00","Action":"output","Package":"github.com/ollama/ollama/app/ui","Test":"TestSupportsBrowserTools/GPT-OSS","Output":"--- PASS: TestSupportsBrowserTools/GPT-OSS (0.00s)\n"}
{"Time":"2026-09-20T18:43:52.738437+10:00","Action":"pass","Package":"github.com/ollama/ollama/app/ui","Test":"TestSupportsBrowserTools/GPT-OSS","Elapsed":0}
{"Time":"2026-09-20T18:43:52.73845+10:00","Action":"run","Package":"github.com/ollama/ollama/app/ui","Test":"TestSupportsBrowserTools/Gpt-Oss-v2"}
{"Time":"2026-09-20T18:43:52.738463+10:00","Action":"output","Package":"github.com/ollama/ollama/app/ui","Test":"TestSupportsBrowserTools/Gpt-Oss-v2","Output":"=== RUN   TestSupportsBrowserTools/Gpt-Oss-v2\n"}
{"Time":"2026-09-20T18:43:52.738522+10:00","Action":"output","Package":"github.com/ollama/ollama/app/ui","Test":"TestSupportsBrowserTools/Gpt-Oss-v2","Output":"--- PASS: TestSupportsBrowserTools/Gpt-Oss-v2 (0.00s)\n"}
{"Time":"2026-09-20T18:43:52.738542+10:00","Action":"pass","Package":"github.com/ollama/ollama/app/ui","Test":"TestSupportsBrowserTools/Gpt-Oss-v2","Elapsed":0}
{"Time":"2026-09-20T18:43:52.738559+10:00","Action":"run","Package":"github.com/ollama/ollama/app/ui","Test":"TestSupportsBrowserTools/qwen3"}
{"Time":"2026-09-20T18:43:52.738571+10:00","Action":"output","Package":"github.com/ollama/ollama/app/ui","Test":"TestSupportsBrowserTools/qwen3","Output":"=== RUN   TestSupportsBrowserTools/qwen3\n"}
{"Time":"2026-09-20T18:43:52.738584+10:00","Action":"output","Package":"github.com/ollama/ollama/app/ui","Test":"TestSupportsBrowserTools/qwen3","Output":"--- PASS: TestSupportsBrowserTools/qwen3 (0.00s)\n"}
{"Time":"2026-09-20T18:43:52.738597+10:00","Action":"pass","Package":"github.com/ollama/ollama/app/ui","Test":"TestSupportsBrowserTools/qwen3","Elapsed":0}
{"Time":"2026-09-20T18:43:52.738611+10:00","Action":"run","Package":"github.com/ollama/ollama/app/ui","Test":"TestSupportsBrowserTools/deepseek-v3"}
{"Time":"2026-09-20T18:43:52.738623+10:00","Action":"output","Package":"github.com/ollama/ollama/app/ui","Test":"TestSupportsBrowserTools/deepseek-v3","Output":"=== RUN   TestSupportsBrowserTools/deepseek-v3\n"}
{"Time":"2026-09-20T18:43:52.738635+10:00","Action":"output","Package":"github.com/ollama/ollama/app/ui","Test":"TestSupportsBrowserTools/deepseek-v3","Output":"--- PASS: TestSupportsBrowserTools/deepseek-v3 (0.00s)\n"}
{"Time":"2026-09-20T18:43:52.73865+10:00","Action":"pass","Package":"github.com/ollama/ollama/app/ui","Test":"TestSupportsBrowserTools/deepseek-v3","Elapsed":0}
{"Time":"2026-09-20T18:43:52.738662+10:00","Action":"run","Package":"github.com/ollama/ollama/app/ui","Test":"TestSupportsBrowserTools/llama3.3"}
{"Time":"2026-09-20T18:43:52.738673+10:00","Action":"output","Package":"github.com/ollama/ollama/app/ui","Test":"TestSupportsBrowserTools/llama3.3","Output":"=== RUN   TestSupportsBrowserTools/llama3.3\n"}
{"Time":"2026-09-20T18:43:52.738685+10:00","Action":"output","Package":"github.com/ollama/ollama/app/ui","Test":"TestSupportsBrowserTools/llama3.3","Output":"--- PASS: TestSupportsBrowserTools/llama3.3 (0.00s)\n"}
{"Time":"2026-09-20T18:43:52.738696+10:00","Action":"pass","Package":"github.com/ollama/ollama/app/ui","Test":"TestSupportsBrowserTools/llama3.3","Elapsed":0}
{"Time":"2026-09-20T18:43:52.738707+10:00","Action":"run","Package":"github.com/ollama/ollama/app/ui","Test":"TestSupportsBrowserTools/#00"}
{"Time":"2026-09-20T18:43:52.738719+10:00","Action":"output","Package":"github.com/ollama/ollama/app/ui","Test":"TestSupportsBrowserTools/#00","Output":"=== RUN   TestSupportsBrowserTools/#00\n"}
{"Time":"2026-09-20T18:43:52.73876+10:00","Action":"output","Package":"github.com/ollama/ollama/app/ui","Test":"TestSupportsBrowserTools/#00","Output":"--- PASS: TestSupportsBrowserTools/#00 (0.00s)\n"}
{"Time":"2026-09-20T18:43:52.738773+10:00","Action":"pass","Package":"github.com/ollama/ollama/app/ui","Test":"TestSupportsBrowserTools/#00","Elapsed":0}
{"Time":"2026-09-20T18:43:52.738787+10:00","Action":"output","Package":"github.com/ollama/ollama/app/ui","Test":"TestSupportsBrowserTools","Output":"--- PASS: TestSupportsBrowserTools (0.00s)\n"}
{"Time":"2026-09-20T18:43:52.7388+10:00","Action":"pass","Package":"github.com/ollama/ollama/app/ui","Test":"TestSupportsBrowserTools","Elapsed":0}
{"Time":"2026-09-20T18:43:52.738821+10:00","Action":"run","Package":"github.com/ollama/ollama/app/ui","Test":"TestWebSearchToolRegistration"}
{"Time":"2026-09-20T18:43:52.738834+10:00","Action":"output","Package":"github.com/ollama/ollama/app/ui","Test":"TestWebSearchToolRegistration","Output":"=== RUN   TestWebSearchToolRegistration\n"}
{"Time":"2026-09-20T18:43:52.738849+10:00","Action":"run","Package":"github.com/ollama/ollama/app/ui","Test":"TestWebSearchToolRegistration/web_search_enabled_with_tools_capability_-_browser_model"}
{"Time":"2026-09-20T18:43:52.738867+10:00","Action":"output","Package":"github.com/ollama/ollama/app/ui","Test":"TestWebSearchToolRegistration/web_search_enabled_with_tools_capability_-_browser_model","Output":"=== RUN   TestWebSearchToolRegistration/web_search_enabled_with_tools_capability_-_browser_model\n"}
{"Time":"2026-09-20T18:43:52.738885+10:00","Action":"output","Package":"github.com/ollama/ollama/app/ui","Test":"TestWebSearchToolRegistration/web_search_enabled_with_tools_capability_-_browser_model","Output":"--- PASS: TestWebSearchToolRegistration/web_search_enabled_with_tools_capability_-_browser_model (0.00s)\n"}
{"Time":"2026-09-20T18:43:52.7389+10:00","Action":"pass","Package":"github.com/ollama/ollama/app/ui","Test":"TestWebSearchToolRegistration/web_search_enabled_with_tools_capability_-_browser_model","Elapsed":0}
{"Time":"2026-09-20T18:43:52.738914+10:00","Action":"run","Package":"github.com/ollama/ollama/app/ui","Test":"TestWebSearchToolRegistration/web_search_enabled_with_tools_capability_-_non-browser_model"}
{"Time":"2026-09-20T18:43:52.738939+10:00","Action":"output","Package":"github.com/ollama/ollama/app/ui","Test":"TestWebSearchToolRegistration/web_search_enabled_with_tools_capability_-_non-browser_model","Output":"=== RUN   TestWebSearchToolRegistration/web_search_enabled_with_tools_capability_-_non-browser_model\n"}
{"Time":"2026-09-20T18:43:52.738954+10:00","Action":"output","Package":"github.com/ollama/ollama/app/ui","Test":"TestWebSearchToolRegistration/web_search_enabled_with_tools_capability_-_non-browser_model","Output":"--- PASS: TestWebSearchToolRegistration/web_search_enabled_with_tools_capability_-_non-browser_model (0.00s)\n"}
{"Time":"2026-09-20T18:43:52.738968+10:00","Action":"pass","Package":"github.com/ollama/ollama/app/ui","Test":"TestWebSearchToolRegistration/web_search_enabled_with_tools_capability_-_non-browser_model","Elapsed":0}
{"Time":"2026-09-20T18:43:52.738982+10:00","Action":"run","Package":"github.com/ollama/ollama/app/ui","Test":"TestWebSearchToolRegistration/web_search_enabled_without_tools_capability"}
{"Time":"2026-09-20T18:43:52.738996+10:00","Action":"output","Package":"github.com/ollama/ollama/app/ui","Test":"TestWebSearchToolRegistration/web_search_enabled_without_tools_capability","Output":"=== RUN   TestWebSearchToolRegistration/web_search_enabled_without_tools_capability\n"}
{"Time":"2026-09-20T18:43:52.739012+10:00","Action":"output","Package":"github.com/ollama/ollama/app/ui","Test":"TestWebSearchToolRegistration/web_search_enabled_without_tools_capability","Output":"--- PASS: TestWebSearchToolRegistration/web_search_enabled_without_tools_capability (0.00s)\n"}
{"Time":"2026-09-20T18:43:52.739026+10:00","Action":"pass","Package":"github.com/ollama/ollama/app/ui","Test":"TestWebSearchToolRegistration/web_search_enabled_without_tools_capability","Elapsed":0}
{"Time":"2026-09-20T18:43:52.739043+10:00","Action":"run","Package":"github.com/ollama/ollama/app/ui","Test":"TestWebSearchToolRegistration/web_search_disabled_with_tools_capability"}
{"Time":"2026-09-20T18:43:52.739093+10:00","Action":"output","Package":"github.com/ollama/ollama/app/ui","Test":"TestWebSearchToolRegistration/web_search_disabled_with_tools_capability","Output":"=== RUN   TestWebSearchToolRegistration/web_search_disabled_with_tools_capability\n"}
{"Time":"2026-09-20T18:43:52.739114+10:00","Action":"output","Package":"github.com/ollama/ollama/app/ui","Test":"TestWebSearchToolRegistration/web_search_disabled_with_tools_capability","Output":"--- PASS: TestWebSearchToolRegistration/web_search_disabled_with_tools_capability (0.00s)\n"}
{"Time":"2026-09-20T18:43:52.739311+10:00","Action":"pass","Package":"github.com/ollama/ollama/app/ui","Test":"TestWebSearchToolRegistration/web_search_disabled_with_tools_capability","Elapsed":0}
{"Time":"2026-09-20T18:43:52.73934+10:00","Action":"run","Package":"github.com/ollama/ollama/app/ui","Test":"TestWebSearchToolRegistration/web_search_disabled_without_tools_capability"}
{"Time":"2026-09-20T18:43:52.740444+10:00","Action":"output","Package":"github.com/ollama/ollama/app/ui","Test":"TestWebSearchToolRegistration/web_search_disabled_without_tools_capability","Output":"=== RUN   TestWebSearchToolRegistration/web_search_disabled_without_tools_capability\n"}
{"Time":"2026-09-20T18:43:52.743738+10:00","Action":"output","Package":"github.com/ollama/ollama/app/ui","Test":"TestWebSearchToolRegistration/web_search_disabled_without_tools_capability","Output":"--- PASS: TestWebSearchToolRegistration/web_search_disabled_without_tools_capability (0.00s)\n"}
{"Time":"2026-09-20T18:43:52.743762+10:00","Action":"pass","Package":"github.com/ollama/ollama/app/ui","Test":"TestWebSearchToolRegistration/web_search_disabled_without_tools_capability","Elapsed":0}
{"Time":"2026-09-20T18:43:52.743779+10:00","Action":"output","Package":"github.com/ollama/ollama/app/ui","Test":"TestWebSearchToolRegistration","Output":"--- PASS: TestWebSearchToolRegistration (0.00s)\n"}
{"Time":"2026-09-20T18:43:52.743814+10:00","Action":"pass","Package":"github.com/ollama/ollama/app/ui","Test":"TestWebSearchToolRegistration","Elapsed":0}
{"Time":"2026-09-20T18:43:52.74384+10:00","Action":"run","Package":"github.com/ollama/ollama/app/ui","Test":"TestSettingsToggleAutoUpdateOff_CancelsDownload"}
{"Time":"2026-09-20T18:43:52.743855+10:00","Action":"output","Package":"github.com/ollama/ollama/app/ui","Test":"TestSettingsToggleAutoUpdateOff_CancelsDownload","Output":"=== RUN   TestSettingsToggleAutoUpdateOff_CancelsDownload\n"}
{"Time":"2026-09-20T18:43:52.751301+10:00","Action":"output","Package":"github.com/ollama/ollama/app/ui","Test":"TestSettingsToggleAutoUpdateOff_CancelsDownload","Output":"--- PASS: TestSettingsToggleAutoUpdateOff_CancelsDownload (0.01s)\n"}
{"Time":"2026-09-20T18:43:52.751367+10:00","Action":"pass","Package":"github.com/ollama/ollama/app/ui","Test":"TestSettingsToggleAutoUpdateOff_CancelsDownload","Elapsed":0.01}
{"Time":"2026-09-20T18:43:52.751392+10:00","Action":"run","Package":"github.com/ollama/ollama/app/ui","Test":"TestSettingsToggleAutoUpdateOn_WithPendingUpdate_ShowsNotification"}
{"Time":"2026-09-20T18:43:52.751409+10:00","Action":"output","Package":"github.com/ollama/ollama/app/ui","Test":"TestSettingsToggleAutoUpdateOn_WithPendingUpdate_ShowsNotification","Output":"=== RUN   TestSettingsToggleAutoUpdateOn_WithPendingUpdate_ShowsNotification\n"}
{"Time":"2026-09-20T18:43:52.760168+10:00","Action":"output","Package":"github.com/ollama/ollama/app/ui","Test":"TestSettingsToggleAutoUpdateOn_WithPendingUpdate_ShowsNotification","Output":"--- PASS: TestSettingsToggleAutoUpdateOn_WithPendingUpdate_ShowsNotification (0.01s)\n"}
{"Time":"2026-09-20T18:43:52.760236+10:00","Action":"pass","Package":"github.com/ollama/ollama/app/ui","Test":"TestSettingsToggleAutoUpdateOn_WithPendingUpdate_ShowsNotification","Elapsed":0.01}
{"Time":"2026-09-20T18:43:52.760257+10:00","Action":"run","Package":"github.com/ollama/ollama/app/ui","Test":"TestSettingsToggleAutoUpdateOn_NoPendingUpdate_TriggersCheck"}
{"Time":"2026-09-20T18:43:52.760275+10:00","Action":"output","Package":"github.com/ollama/ollama/app/ui","Test":"TestSettingsToggleAutoUpdateOn_NoPendingUpdate_TriggersCheck","Output":"=== RUN   TestSettingsToggleAutoUpdateOn_NoPendingUpdate_TriggersCheck\n"}
{"Time":"2026-09-20T18:43:52.769561+10:00","Action":"output","Package":"github.com/ollama/ollama/app/ui","Test":"TestSettingsToggleAutoUpdateOn_NoPendingUpdate_TriggersCheck","Output":"--- PASS: TestSettingsToggleAutoUpdateOn_NoPendingUpdate_TriggersCheck (0.01s)\n"}
{"Time":"2026-09-20T18:43:52.769658+10:00","Action":"pass","Package":"github.com/ollama/ollama/app/ui","Test":"TestSettingsToggleAutoUpdateOn_NoPendingUpdate_TriggersCheck","Elapsed":0.01}
{"Time":"2026-09-20T18:43:52.769679+10:00","Action":"output","Package":"github.com/ollama/ollama/app/ui","Output":"PASS\n"}
{"Time":"2026-09-20T18:43:52.772765+10:00","Action":"output","Package":"github.com/ollama/ollama/app/ui","Output":"ok  \tgithub.com/ollama/ollama/app/ui\t21.899s\n"}
{"Time":"2026-09-20T18:43:52.772828+10:00","Action":"pass","Package":"github.com/ollama/ollama/app/ui","Elapsed":21.899}
