{"Time":"2026-09-20T21:59:47.189275+10:00","Action":"start","Package":"github.com/ollama/ollama/agent"}
{"Time":"2026-09-20T21:59:48.224125+10:00","Action":"run","Package":"github.com/ollama/ollama/agent","Test":"TestToolApprovalScopeUsesScopedTool"}
{"Time":"2026-09-20T21:59:48.224308+10:00","Action":"output","Package":"github.com/ollama/ollama/agent","Test":"TestToolApprovalScopeUsesScopedTool","Output":"=== RUN   TestToolApprovalScopeUsesScopedTool\n"}
{"Time":"2026-09-20T21:59:48.22439+10:00","Action":"output","Package":"github.com/ollama/ollama/agent","Test":"TestToolApprovalScopeUsesScopedTool","Output":"--- PASS: TestToolApprovalScopeUsesScopedTool (0.00s)\n"}
{"Time":"2026-09-20T21:59:48.224418+10:00","Action":"pass","Package":"github.com/ollama/ollama/agent","Test":"TestToolApprovalScopeUsesScopedTool","Elapsed":0}
{"Time":"2026-09-20T21:59:48.228847+10:00","Action":"run","Package":"github.com/ollama/ollama/agent","Test":"TestSessionApplyApprovalScopes"}
{"Time":"2026-09-20T21:59:48.228887+10:00","Action":"output","Package":"github.com/ollama/ollama/agent","Test":"TestSessionApplyApprovalScopes","Output":"=== RUN   TestSessionApplyApprovalScopes\n"}
{"Time":"2026-09-20T21:59:48.228949+10:00","Action":"output","Package":"github.com/ollama/ollama/agent","Test":"TestSessionApplyApprovalScopes","Output":"--- PASS: TestSessionApplyApprovalScopes (0.00s)\n"}
{"Time":"2026-09-20T21:59:48.228967+10:00","Action":"pass","Package":"github.com/ollama/ollama/agent","Test":"TestSessionApplyApprovalScopes","Elapsed":0}
{"Time":"2026-09-20T21:59:48.228983+10:00","Action":"run","Package":"github.com/ollama/ollama/agent","Test":"TestSessionApplyApprovalAllowAll"}
{"Time":"2026-09-20T21:59:48.229011+10:00","Action":"output","Package":"github.com/ollama/ollama/agent","Test":"TestSessionApplyApprovalAllowAll","Output":"=== RUN   TestSessionApplyApprovalAllowAll\n"}
{"Time":"2026-09-20T21:59:48.229028+10:00","Action":"output","Package":"github.com/ollama/ollama/agent","Test":"TestSessionApplyApprovalAllowAll","Output":"--- PASS: TestSessionApplyApprovalAllowAll (0.00s)\n"}
{"Time":"2026-09-20T21:59:48.229043+10:00","Action":"pass","Package":"github.com/ollama/ollama/agent","Test":"TestSessionApplyApprovalAllowAll","Elapsed":0}
{"Time":"2026-09-20T21:59:48.229057+10:00","Action":"run","Package":"github.com/ollama/ollama/agent","Test":"TestSimpleCompactorSummarizesOldMessages"}
{"Time":"2026-09-20T21:59:48.22907+10:00","Action":"output","Package":"github.com/ollama/ollama/agent","Test":"TestSimpleCompactorSummarizesOldMessages","Output":"=== RUN   TestSimpleCompactorSummarizesOldMessages\n"}
{"Time":"2026-09-20T21:59:48.231811+10:00","Action":"output","Package":"github.com/ollama/ollama/agent","Test":"TestSimpleCompactorSummarizesOldMessages","Output":"--- PASS: TestSimpleCompactorSummarizesOldMessages (0.00s)\n"}
{"Time":"2026-09-20T21:59:48.231877+10:00","Action":"pass","Package":"github.com/ollama/ollama/agent","Test":"TestSimpleCompactorSummarizesOldMessages","Elapsed":0}
{"Time":"2026-09-20T21:59:48.231952+10:00","Action":"run","Package":"github.com/ollama/ollama/agent","Test":"TestSimpleCompactorKeepsOnlySummaryForSmallContext"}
{"Time":"2026-09-20T21:59:48.231972+10:00","Action":"output","Package":"github.com/ollama/ollama/agent","Test":"TestSimpleCompactorKeepsOnlySummaryForSmallContext","Output":"=== RUN   TestSimpleCompactorKeepsOnlySummaryForSmallContext\n"}
{"Time":"2026-09-20T21:59:48.232+10:00","Action":"output","Package":"github.com/ollama/ollama/agent","Test":"TestSimpleCompactorKeepsOnlySummaryForSmallContext","Output":"--- PASS: TestSimpleCompactorKeepsOnlySummaryForSmallContext (0.00s)\n"}
{"Time":"2026-09-20T21:59:48.232022+10:00","Action":"pass","Package":"github.com/ollama/ollama/agent","Test":"TestSimpleCompactorKeepsOnlySummaryForSmallContext","Elapsed":0}
{"Time":"2026-09-20T21:59:48.232038+10:00","Action":"run","Package":"github.com/ollama/ollama/agent","Test":"TestSimpleCompactorAddsContinueTaskInstructionOnlyToToolResult"}
{"Time":"2026-09-20T21:59:48.232058+10:00","Action":"output","Package":"github.com/ollama/ollama/agent","Test":"TestSimpleCompactorAddsContinueTaskInstructionOnlyToToolResult","Output":"=== RUN   TestSimpleCompactorAddsContinueTaskInstructionOnlyToToolResult\n"}
{"Time":"2026-09-20T21:59:48.232102+10:00","Action":"output","Package":"github.com/ollama/ollama/agent","Test":"TestSimpleCompactorAddsContinueTaskInstructionOnlyToToolResult","Output":"--- PASS: TestSimpleCompactorAddsContinueTaskInstructionOnlyToToolResult (0.00s)\n"}
{"Time":"2026-09-20T21:59:48.232178+10:00","Action":"pass","Package":"github.com/ollama/ollama/agent","Test":"TestSimpleCompactorAddsContinueTaskInstructionOnlyToToolResult","Elapsed":0}
{"Time":"2026-09-20T21:59:48.232207+10:00","Action":"run","Package":"github.com/ollama/ollama/agent","Test":"TestSimpleCompactorTruncatesOversizedSummary"}
{"Time":"2026-09-20T21:59:48.232221+10:00","Action":"output","Package":"github.com/ollama/ollama/agent","Test":"TestSimpleCompactorTruncatesOversizedSummary","Output":"=== RUN   TestSimpleCompactorTruncatesOversizedSummary\n"}
{"Time":"2026-09-20T21:59:48.232236+10:00","Action":"output","Package":"github.com/ollama/ollama/agent","Test":"TestSimpleCompactorTruncatesOversizedSummary","Output":"--- PASS: TestSimpleCompactorTruncatesOversizedSummary (0.00s)\n"}
{"Time":"2026-09-20T21:59:48.232249+10:00","Action":"pass","Package":"github.com/ollama/ollama/agent","Test":"TestSimpleCompactorTruncatesOversizedSummary","Elapsed":0}
{"Time":"2026-09-20T21:59:48.232261+10:00","Action":"run","Package":"github.com/ollama/ollama/agent","Test":"TestSimpleCompactorRetriesEmptySummaryWithThinkFalse"}
{"Time":"2026-09-20T21:59:48.232273+10:00","Action":"output","Package":"github.com/ollama/ollama/agent","Test":"TestSimpleCompactorRetriesEmptySummaryWithThinkFalse","Output":"=== RUN   TestSimpleCompactorRetriesEmptySummaryWithThinkFalse\n"}
{"Time":"2026-09-20T21:59:48.232289+10:00","Action":"output","Package":"github.com/ollama/ollama/agent","Test":"TestSimpleCompactorRetriesEmptySummaryWithThinkFalse","Output":"--- PASS: TestSimpleCompactorRetriesEmptySummaryWithThinkFalse (0.00s)\n"}
{"Time":"2026-09-20T21:59:48.232302+10:00","Action":"pass","Package":"github.com/ollama/ollama/agent","Test":"TestSimpleCompactorRetriesEmptySummaryWithThinkFalse","Elapsed":0}
{"Time":"2026-09-20T21:59:48.232326+10:00","Action":"run","Package":"github.com/ollama/ollama/agent","Test":"TestSimpleCompactorIgnoresUnsupportedThinkFalseFallback"}
{"Time":"2026-09-20T21:59:48.232337+10:00","Action":"output","Package":"github.com/ollama/ollama/agent","Test":"TestSimpleCompactorIgnoresUnsupportedThinkFalseFallback","Output":"=== RUN   TestSimpleCompactorIgnoresUnsupportedThinkFalseFallback\n"}
{"Time":"2026-09-20T21:59:48.232355+10:00","Action":"output","Package":"github.com/ollama/ollama/agent","Test":"TestSimpleCompactorIgnoresUnsupportedThinkFalseFallback","Output":"--- PASS: TestSimpleCompactorIgnoresUnsupportedThinkFalseFallback (0.00s)\n"}
{"Time":"2026-09-20T21:59:48.232371+10:00","Action":"pass","Package":"github.com/ollama/ollama/agent","Test":"TestSimpleCompactorIgnoresUnsupportedThinkFalseFallback","Elapsed":0}
{"Time":"2026-09-20T21:59:48.232544+10:00","Action":"run","Package":"github.com/ollama/ollama/agent","Test":"TestSimpleCompactorFallsBackToUnsetThinkWhenThinkFalseUnsupported"}
{"Time":"2026-09-20T21:59:48.232578+10:00","Action":"output","Package":"github.com/ollama/ollama/agent","Test":"TestSimpleCompactorFallsBackToUnsetThinkWhenThinkFalseUnsupported","Output":"=== RUN   TestSimpleCompactorFallsBackToUnsetThinkWhenThinkFalseUnsupported\n"}
{"Time":"2026-09-20T21:59:48.232592+10:00","Action":"output","Package":"github.com/ollama/ollama/agent","Test":"TestSimpleCompactorFallsBackToUnsetThinkWhenThinkFalseUnsupported","Output":"--- PASS: TestSimpleCompactorFallsBackToUnsetThinkWhenThinkFalseUnsupported (0.00s)\n"}
{"Time":"2026-09-20T21:59:48.232604+10:00","Action":"pass","Package":"github.com/ollama/ollama/agent","Test":"TestSimpleCompactorFallsBackToUnsetThinkWhenThinkFalseUnsupported","Elapsed":0}
{"Time":"2026-09-20T21:59:48.232616+10:00","Action":"run","Package":"github.com/ollama/ollama/agent","Test":"TestSimpleCompactorKeepsFewerTurnsForShortChats"}
{"Time":"2026-09-20T21:59:48.232639+10:00","Action":"output","Package":"github.com/ollama/ollama/agent","Test":"TestSimpleCompactorKeepsFewerTurnsForShortChats","Output":"=== RUN   TestSimpleCompactorKeepsFewerTurnsForShortChats\n"}
{"Time":"2026-09-20T21:59:48.232652+10:00","Action":"output","Package":"github.com/ollama/ollama/agent","Test":"TestSimpleCompactorKeepsFewerTurnsForShortChats","Output":"--- PASS: TestSimpleCompactorKeepsFewerTurnsForShortChats (0.00s)\n"}
{"Time":"2026-09-20T21:59:48.232666+10:00","Action":"pass","Package":"github.com/ollama/ollama/agent","Test":"TestSimpleCompactorKeepsFewerTurnsForShortChats","Elapsed":0}
{"Time":"2026-09-20T21:59:48.232678+10:00","Action":"run","Package":"github.com/ollama/ollama/agent","Test":"TestSimpleCompactorCanArchiveWholeShortChat"}
{"Time":"2026-09-20T21:59:48.23269+10:00","Action":"output","Package":"github.com/ollama/ollama/agent","Test":"TestSimpleCompactorCanArchiveWholeShortChat","Output":"=== RUN   TestSimpleCompactorCanArchiveWholeShortChat\n"}
{"Time":"2026-09-20T21:59:48.232702+10:00","Action":"output","Package":"github.com/ollama/ollama/agent","Test":"TestSimpleCompactorCanArchiveWholeShortChat","Output":"--- PASS: TestSimpleCompactorCanArchiveWholeShortChat (0.00s)\n"}
{"Time":"2026-09-20T21:59:48.232783+10:00","Action":"pass","Package":"github.com/ollama/ollama/agent","Test":"TestSimpleCompactorCanArchiveWholeShortChat","Elapsed":0}
{"Time":"2026-09-20T21:59:48.232796+10:00","Action":"run","Package":"github.com/ollama/ollama/agent","Test":"TestSimpleCompactorSkipsBelowThreshold"}
{"Time":"2026-09-20T21:59:48.232808+10:00","Action":"output","Package":"github.com/ollama/ollama/agent","Test":"TestSimpleCompactorSkipsBelowThreshold","Output":"=== RUN   TestSimpleCompactorSkipsBelowThreshold\n"}
{"Time":"2026-09-20T21:59:48.23282+10:00","Action":"output","Package":"github.com/ollama/ollama/agent","Test":"TestSimpleCompactorSkipsBelowThreshold","Output":"--- PASS: TestSimpleCompactorSkipsBelowThreshold (0.00s)\n"}
{"Time":"2026-09-20T21:59:48.232833+10:00","Action":"pass","Package":"github.com/ollama/ollama/agent","Test":"TestSimpleCompactorSkipsBelowThreshold","Elapsed":0}
{"Time":"2026-09-20T21:59:48.232844+10:00","Action":"run","Package":"github.com/ollama/ollama/agent","Test":"TestSimpleCompactorUsesEstimatedMessagesWhenPromptEvalMissing"}
{"Time":"2026-09-20T21:59:48.232856+10:00","Action":"output","Package":"github.com/ollama/ollama/agent","Test":"TestSimpleCompactorUsesEstimatedMessagesWhenPromptEvalMissing","Output":"=== RUN   TestSimpleCompactorUsesEstimatedMessagesWhenPromptEvalMissing\n"}
{"Time":"2026-09-20T21:59:48.232868+10:00","Action":"output","Package":"github.com/ollama/ollama/agent","Test":"TestSimpleCompactorUsesEstimatedMessagesWhenPromptEvalMissing","Output":"--- PASS: TestSimpleCompactorUsesEstimatedMessagesWhenPromptEvalMissing (0.00s)\n"}
{"Time":"2026-09-20T21:59:48.232879+10:00","Action":"pass","Package":"github.com/ollama/ollama/agent","Test":"TestSimpleCompactorUsesEstimatedMessagesWhenPromptEvalMissing","Elapsed":0}
{"Time":"2026-09-20T21:59:48.23289+10:00","Action":"run","Package":"github.com/ollama/ollama/agent","Test":"TestSimpleCompactorEstimateIncludesRequestPreamble"}
{"Time":"2026-09-20T21:59:48.23291+10:00","Action":"output","Package":"github.com/ollama/ollama/agent","Test":"TestSimpleCompactorEstimateIncludesRequestPreamble","Output":"=== RUN   TestSimpleCompactorEstimateIncludesRequestPreamble\n"}
{"Time":"2026-09-20T21:59:48.232922+10:00","Action":"output","Package":"github.com/ollama/ollama/agent","Test":"TestSimpleCompactorEstimateIncludesRequestPreamble","Output":"--- PASS: TestSimpleCompactorEstimateIncludesRequestPreamble (0.00s)\n"}
{"Time":"2026-09-20T21:59:48.232934+10:00","Action":"pass","Package":"github.com/ollama/ollama/agent","Test":"TestSimpleCompactorEstimateIncludesRequestPreamble","Elapsed":0}
{"Time":"2026-09-20T21:59:48.232945+10:00","Action":"run","Package":"github.com/ollama/ollama/agent","Test":"TestCompactionPromptFitsBudgetByTruncatingLargeToolOutput"}
{"Time":"2026-09-20T21:59:48.232966+10:00","Action":"output","Package":"github.com/ollama/ollama/agent","Test":"TestCompactionPromptFitsBudgetByTruncatingLargeToolOutput","Output":"=== RUN   TestCompactionPromptFitsBudgetByTruncatingLargeToolOutput\n"}
{"Time":"2026-09-20T21:59:48.232978+10:00","Action":"output","Package":"github.com/ollama/ollama/agent","Test":"TestCompactionPromptFitsBudgetByTruncatingLargeToolOutput","Output":"--- PASS: TestCompactionPromptFitsBudgetByTruncatingLargeToolOutput (0.00s)\n"}
{"Time":"2026-09-20T21:59:48.232999+10:00","Action":"pass","Package":"github.com/ollama/ollama/agent","Test":"TestCompactionPromptFitsBudgetByTruncatingLargeToolOutput","Elapsed":0}
{"Time":"2026-09-20T21:59:48.233011+10:00","Action":"run","Package":"github.com/ollama/ollama/agent","Test":"TestCompactionPromptRetruncatesAlreadyTruncatedToolOutput"}
{"Time":"2026-09-20T21:59:48.233022+10:00","Action":"output","Package":"github.com/ollama/ollama/agent","Test":"TestCompactionPromptRetruncatesAlreadyTruncatedToolOutput","Output":"=== RUN   TestCompactionPromptRetruncatesAlreadyTruncatedToolOutput\n"}
{"Time":"2026-09-20T21:59:48.233033+10:00","Action":"output","Package":"github.com/ollama/ollama/agent","Test":"TestCompactionPromptRetruncatesAlreadyTruncatedToolOutput","Output":"--- PASS: TestCompactionPromptRetruncatesAlreadyTruncatedToolOutput (0.00s)\n"}
{"Time":"2026-09-20T21:59:48.233087+10:00","Action":"pass","Package":"github.com/ollama/ollama/agent","Test":"TestCompactionPromptRetruncatesAlreadyTruncatedToolOutput","Elapsed":0}
{"Time":"2026-09-20T21:59:48.23311+10:00","Action":"run","Package":"github.com/ollama/ollama/agent","Test":"TestCompactionSummaryTextStripsPrefix"}
{"Time":"2026-09-20T21:59:48.233125+10:00","Action":"output","Package":"github.com/ollama/ollama/agent","Test":"TestCompactionSummaryTextStripsPrefix","Output":"=== RUN   TestCompactionSummaryTextStripsPrefix\n"}
{"Time":"2026-09-20T21:59:48.23314+10:00","Action":"output","Package":"github.com/ollama/ollama/agent","Test":"TestCompactionSummaryTextStripsPrefix","Output":"--- PASS: TestCompactionSummaryTextStripsPrefix (0.00s)\n"}
{"Time":"2026-09-20T21:59:48.233152+10:00","Action":"pass","Package":"github.com/ollama/ollama/agent","Test":"TestCompactionSummaryTextStripsPrefix","Elapsed":0}
{"Time":"2026-09-20T21:59:48.233165+10:00","Action":"run","Package":"github.com/ollama/ollama/agent","Test":"TestCompactionSummaryCanTellModelToContinueTask"}
{"Time":"2026-09-20T21:59:48.233176+10:00","Action":"output","Package":"github.com/ollama/ollama/agent","Test":"TestCompactionSummaryCanTellModelToContinueTask","Output":"=== RUN   TestCompactionSummaryCanTellModelToContinueTask\n"}
{"Time":"2026-09-20T21:59:48.233189+10:00","Action":"output","Package":"github.com/ollama/ollama/agent","Test":"TestCompactionSummaryCanTellModelToContinueTask","Output":"--- PASS: TestCompactionSummaryCanTellModelToContinueTask (0.00s)\n"}
{"Time":"2026-09-20T21:59:48.233201+10:00","Action":"pass","Package":"github.com/ollama/ollama/agent","Test":"TestCompactionSummaryCanTellModelToContinueTask","Elapsed":0}
{"Time":"2026-09-20T21:59:48.233221+10:00","Action":"run","Package":"github.com/ollama/ollama/agent","Test":"TestResolveContextWindowTokensPrefersExplicitNumCtx"}
{"Time":"2026-09-20T21:59:48.233233+10:00","Action":"output","Package":"github.com/ollama/ollama/agent","Test":"TestResolveContextWindowTokensPrefersExplicitNumCtx","Output":"=== RUN   TestResolveContextWindowTokensPrefersExplicitNumCtx\n"}
{"Time":"2026-09-20T21:59:48.233455+10:00","Action":"run","Package":"github.com/ollama/ollama/agent","Test":"TestResolveContextWindowTokensPrefersExplicitNumCtx/explicit_smaller_num_ctx"}
{"Time":"2026-09-20T21:59:48.233478+10:00","Action":"output","Package":"github.com/ollama/ollama/agent","Test":"TestResolveContextWindowTokensPrefersExplicitNumCtx/explicit_smaller_num_ctx","Output":"=== RUN   TestResolveContextWindowTokensPrefersExplicitNumCtx/explicit_smaller_num_ctx\n"}
{"Time":"2026-09-20T21:59:48.233491+10:00","Action":"output","Package":"github.com/ollama/ollama/agent","Test":"TestResolveContextWindowTokensPrefersExplicitNumCtx/explicit_smaller_num_ctx","Output":"--- PASS: TestResolveContextWindowTokensPrefersExplicitNumCtx/explicit_smaller_num_ctx (0.00s)\n"}
{"Time":"2026-09-20T21:59:48.233519+10:00","Action":"pass","Package":"github.com/ollama/ollama/agent","Test":"TestResolveContextWindowTokensPrefersExplicitNumCtx/explicit_smaller_num_ctx","Elapsed":0}
{"Time":"2026-09-20T21:59:48.233535+10:00","Action":"run","Package":"github.com/ollama/ollama/agent","Test":"TestResolveContextWindowTokensPrefersExplicitNumCtx/explicit_num_ctx_can_exceed_configured_metadata"}
{"Time":"2026-09-20T21:59:48.233547+10:00","Action":"output","Package":"github.com/ollama/ollama/agent","Test":"TestResolveContextWindowTokensPrefersExplicitNumCtx/explicit_num_ctx_can_exceed_configured_metadata","Output":"=== RUN   TestResolveContextWindowTokensPrefersExplicitNumCtx/explicit_num_ctx_can_exceed_configured_metadata\n"}
{"Time":"2026-09-20T21:59:48.23356+10:00","Action":"output","Package":"github.com/ollama/ollama/agent","Test":"TestResolveContextWindowTokensPrefersExplicitNumCtx/explicit_num_ctx_can_exceed_configured_metadata","Output":"--- PASS: TestResolveContextWindowTokensPrefersExplicitNumCtx/explicit_num_ctx_can_exceed_configured_metadata (0.00s)\n"}
{"Time":"2026-09-20T21:59:48.233573+10:00","Action":"pass","Package":"github.com/ollama/ollama/agent","Test":"TestResolveContextWindowTokensPrefersExplicitNumCtx/explicit_num_ctx_can_exceed_configured_metadata","Elapsed":0}
{"Time":"2026-09-20T21:59:48.233589+10:00","Action":"run","Package":"github.com/ollama/ollama/agent","Test":"TestResolveContextWindowTokensPrefersExplicitNumCtx/metadata_without_explicit_num_ctx"}
{"Time":"2026-09-20T21:59:48.233601+10:00","Action":"output","Package":"github.com/ollama/ollama/agent","Test":"TestResolveContextWindowTokensPrefersExplicitNumCtx/metadata_without_explicit_num_ctx","Output":"=== RUN   TestResolveContextWindowTokensPrefersExplicitNumCtx/metadata_without_explicit_num_ctx\n"}
{"Time":"2026-09-20T21:59:48.233656+10:00","Action":"output","Package":"github.com/ollama/ollama/agent","Test":"TestResolveContextWindowTokensPrefersExplicitNumCtx/metadata_without_explicit_num_ctx","Output":"--- PASS: TestResolveContextWindowTokensPrefersExplicitNumCtx/metadata_without_explicit_num_ctx (0.00s)\n"}
{"Time":"2026-09-20T21:59:48.233679+10:00","Action":"pass","Package":"github.com/ollama/ollama/agent","Test":"TestResolveContextWindowTokensPrefersExplicitNumCtx/metadata_without_explicit_num_ctx","Elapsed":0}
{"Time":"2026-09-20T21:59:48.233693+10:00","Action":"output","Package":"github.com/ollama/ollama/agent","Test":"TestResolveContextWindowTokensPrefersExplicitNumCtx","Output":"--- PASS: TestResolveContextWindowTokensPrefersExplicitNumCtx (0.00s)\n"}
{"Time":"2026-09-20T21:59:48.233706+10:00","Action":"pass","Package":"github.com/ollama/ollama/agent","Test":"TestResolveContextWindowTokensPrefersExplicitNumCtx","Elapsed":0}
{"Time":"2026-09-20T21:59:48.233719+10:00","Action":"run","Package":"github.com/ollama/ollama/agent","Test":"TestSimpleCompactorForceCompactsWithoutPromptEvalCount"}
{"Time":"2026-09-20T21:59:48.2368+10:00","Action":"output","Package":"github.com/ollama/ollama/agent","Test":"TestSimpleCompactorForceCompactsWithoutPromptEvalCount","Output":"=== RUN   TestSimpleCompactorForceCompactsWithoutPromptEvalCount\n"}
{"Time":"2026-09-20T21:59:48.23684+10:00","Action":"output","Package":"github.com/ollama/ollama/agent","Test":"TestSimpleCompactorForceCompactsWithoutPromptEvalCount","Output":"--- PASS: TestSimpleCompactorForceCompactsWithoutPromptEvalCount (0.00s)\n"}
{"Time":"2026-09-20T21:59:48.236853+10:00","Action":"pass","Package":"github.com/ollama/ollama/agent","Test":"TestSimpleCompactorForceCompactsWithoutPromptEvalCount","Elapsed":0}
{"Time":"2026-09-20T21:59:48.236866+10:00","Action":"run","Package":"github.com/ollama/ollama/agent","Test":"TestSimpleCompactorDefaultsToKeepingThreeUserTurns"}
{"Time":"2026-09-20T21:59:48.236878+10:00","Action":"output","Package":"github.com/ollama/ollama/agent","Test":"TestSimpleCompactorDefaultsToKeepingThreeUserTurns","Output":"=== RUN   TestSimpleCompactorDefaultsToKeepingThreeUserTurns\n"}
{"Time":"2026-09-20T21:59:48.236901+10:00","Action":"output","Package":"github.com/ollama/ollama/agent","Test":"TestSimpleCompactorDefaultsToKeepingThreeUserTurns","Output":"--- PASS: TestSimpleCompactorDefaultsToKeepingThreeUserTurns (0.00s)\n"}
{"Time":"2026-09-20T21:59:48.236914+10:00","Action":"pass","Package":"github.com/ollama/ollama/agent","Test":"TestSimpleCompactorDefaultsToKeepingThreeUserTurns","Elapsed":0}
{"Time":"2026-09-20T21:59:48.236926+10:00","Action":"run","Package":"github.com/ollama/ollama/agent","Test":"TestSimpleCompactorCarriesPreviousSummary"}
{"Time":"2026-09-20T21:59:48.236937+10:00","Action":"output","Package":"github.com/ollama/ollama/agent","Test":"TestSimpleCompactorCarriesPreviousSummary","Output":"=== RUN   TestSimpleCompactorCarriesPreviousSummary\n"}
{"Time":"2026-09-20T21:59:48.23695+10:00","Action":"output","Package":"github.com/ollama/ollama/agent","Test":"TestSimpleCompactorCarriesPreviousSummary","Output":"--- PASS: TestSimpleCompactorCarriesPreviousSummary (0.00s)\n"}
{"Time":"2026-09-20T21:59:48.236961+10:00","Action":"pass","Package":"github.com/ollama/ollama/agent","Test":"TestSimpleCompactorCarriesPreviousSummary","Elapsed":0}
{"Time":"2026-09-20T21:59:48.236973+10:00","Action":"run","Package":"github.com/ollama/ollama/agent","Test":"TestSimpleCompactorCarriesPreviousToolSummaryAndPlacesNewSummaryBeforeKeptSuffix"}
{"Time":"2026-09-20T21:59:48.236984+10:00","Action":"output","Package":"github.com/ollama/ollama/agent","Test":"TestSimpleCompactorCarriesPreviousToolSummaryAndPlacesNewSummaryBeforeKeptSuffix","Output":"=== RUN   TestSimpleCompactorCarriesPreviousToolSummaryAndPlacesNewSummaryBeforeKeptSuffix\n"}
{"Time":"2026-09-20T21:59:48.236995+10:00","Action":"output","Package":"github.com/ollama/ollama/agent","Test":"TestSimpleCompactorCarriesPreviousToolSummaryAndPlacesNewSummaryBeforeKeptSuffix","Output":"--- PASS: TestSimpleCompactorCarriesPreviousToolSummaryAndPlacesNewSummaryBeforeKeptSuffix (0.00s)\n"}
{"Time":"2026-09-20T21:59:48.237007+10:00","Action":"pass","Package":"github.com/ollama/ollama/agent","Test":"TestSimpleCompactorCarriesPreviousToolSummaryAndPlacesNewSummaryBeforeKeptSuffix","Elapsed":0}
{"Time":"2026-09-20T21:59:48.237019+10:00","Action":"run","Package":"github.com/ollama/ollama/agent","Test":"TestSessionEmitsToAllSinksAfterError"}
{"Time":"2026-09-20T21:59:48.237029+10:00","Action":"output","Package":"github.com/ollama/ollama/agent","Test":"TestSessionEmitsToAllSinksAfterError","Output":"=== RUN   TestSessionEmitsToAllSinksAfterError\n"}
{"Time":"2026-09-20T21:59:48.237136+10:00","Action":"output","Package":"github.com/ollama/ollama/agent","Test":"TestSessionEmitsToAllSinksAfterError","Output":"--- PASS: TestSessionEmitsToAllSinksAfterError (0.00s)\n"}
{"Time":"2026-09-20T21:59:48.237163+10:00","Action":"pass","Package":"github.com/ollama/ollama/agent","Test":"TestSessionEmitsToAllSinksAfterError","Elapsed":0}
{"Time":"2026-09-20T21:59:48.23718+10:00","Action":"run","Package":"github.com/ollama/ollama/agent","Test":"TestSessionRunsToolLoop"}
{"Time":"2026-09-20T21:59:48.237193+10:00","Action":"output","Package":"github.com/ollama/ollama/agent","Test":"TestSessionRunsToolLoop","Output":"=== RUN   TestSessionRunsToolLoop\n"}
{"Time":"2026-09-20T21:59:48.237205+10:00","Action":"output","Package":"github.com/ollama/ollama/agent","Test":"TestSessionRunsToolLoop","Output":"--- PASS: TestSessionRunsToolLoop (0.00s)\n"}
{"Time":"2026-09-20T21:59:48.237223+10:00","Action":"pass","Package":"github.com/ollama/ollama/agent","Test":"TestSessionRunsToolLoop","Elapsed":0}
{"Time":"2026-09-20T21:59:48.237235+10:00","Action":"run","Package":"github.com/ollama/ollama/agent","Test":"TestSessionAddsSystemPromptOnlyToRequest"}
{"Time":"2026-09-20T21:59:48.237246+10:00","Action":"output","Package":"github.com/ollama/ollama/agent","Test":"TestSessionAddsSystemPromptOnlyToRequest","Output":"=== RUN   TestSessionAddsSystemPromptOnlyToRequest\n"}
{"Time":"2026-09-20T21:59:48.237421+10:00","Action":"output","Package":"github.com/ollama/ollama/agent","Test":"TestSessionAddsSystemPromptOnlyToRequest","Output":"--- PASS: TestSessionAddsSystemPromptOnlyToRequest (0.00s)\n"}
{"Time":"2026-09-20T21:59:48.237575+10:00","Action":"pass","Package":"github.com/ollama/ollama/agent","Test":"TestSessionAddsSystemPromptOnlyToRequest","Elapsed":0}
{"Time":"2026-09-20T21:59:48.237613+10:00","Action":"run","Package":"github.com/ollama/ollama/agent","Test":"TestSessionChatRequestMatchesRunRequest"}
{"Time":"2026-09-20T21:59:48.237642+10:00","Action":"output","Package":"github.com/ollama/ollama/agent","Test":"TestSessionChatRequestMatchesRunRequest","Output":"=== RUN   TestSessionChatRequestMatchesRunRequest\n"}
{"Time":"2026-09-20T21:59:48.237674+10:00","Action":"output","Package":"github.com/ollama/ollama/agent","Test":"TestSessionChatRequestMatchesRunRequest","Output":"--- PASS: TestSessionChatRequestMatchesRunRequest (0.00s)\n"}
{"Time":"2026-09-20T21:59:48.237719+10:00","Action":"pass","Package":"github.com/ollama/ollama/agent","Test":"TestSessionChatRequestMatchesRunRequest","Elapsed":0}
{"Time":"2026-09-20T21:59:48.237749+10:00","Action":"run","Package":"github.com/ollama/ollama/agent","Test":"TestSessionAccumulatesStreamingAssistantMessage"}
{"Time":"2026-09-20T21:59:48.237777+10:00","Action":"output","Package":"github.com/ollama/ollama/agent","Test":"TestSessionAccumulatesStreamingAssistantMessage","Output":"=== RUN   TestSessionAccumulatesStreamingAssistantMessage\n"}
{"Time":"2026-09-20T21:59:48.237831+10:00","Action":"output","Package":"github.com/ollama/ollama/agent","Test":"TestSessionAccumulatesStreamingAssistantMessage","Output":"--- PASS: TestSessionAccumulatesStreamingAssistantMessage (0.00s)\n"}
{"Time":"2026-09-20T21:59:48.237862+10:00","Action":"pass","Package":"github.com/ollama/ollama/agent","Test":"TestSessionAccumulatesStreamingAssistantMessage","Elapsed":0}
{"Time":"2026-09-20T21:59:48.237971+10:00","Action":"run","Package":"github.com/ollama/ollama/agent","Test":"TestSessionRequestHistoryKeepsThinkingAndServerToolCallIDs"}
{"Time":"2026-09-20T21:59:48.238007+10:00","Action":"output","Package":"github.com/ollama/ollama/agent","Test":"TestSessionRequestHistoryKeepsThinkingAndServerToolCallIDs","Output":"=== RUN   TestSessionRequestHistoryKeepsThinkingAndServerToolCallIDs\n"}
{"Time":"2026-09-20T21:59:48.241403+10:00","Action":"output","Package":"github.com/ollama/ollama/agent","Test":"TestSessionRequestHistoryKeepsThinkingAndServerToolCallIDs","Output":"--- PASS: TestSessionRequestHistoryKeepsThinkingAndServerToolCallIDs (0.00s)\n"}
{"Time":"2026-09-20T21:59:48.241473+10:00","Action":"pass","Package":"github.com/ollama/ollama/agent","Test":"TestSessionRequestHistoryKeepsThinkingAndServerToolCallIDs","Elapsed":0}
{"Time":"2026-09-20T21:59:48.241507+10:00","Action":"run","Package":"github.com/ollama/ollama/agent","Test":"TestSessionKeepsPartialStreamOnCancellation"}
{"Time":"2026-09-20T21:59:48.241525+10:00","Action":"output","Package":"github.com/ollama/ollama/agent","Test":"TestSessionKeepsPartialStreamOnCancellation","Output":"=== RUN   TestSessionKeepsPartialStreamOnCancellation\n"}
{"Time":"2026-09-20T21:59:48.241553+10:00","Action":"output","Package":"github.com/ollama/ollama/agent","Test":"TestSessionKeepsPartialStreamOnCancellation","Output":"--- PASS: TestSessionKeepsPartialStreamOnCancellation (0.00s)\n"}
{"Time":"2026-09-20T21:59:48.2416+10:00","Action":"pass","Package":"github.com/ollama/ollama/agent","Test":"TestSessionKeepsPartialStreamOnCancellation","Elapsed":0}
{"Time":"2026-09-20T21:59:48.241623+10:00","Action":"run","Package":"github.com/ollama/ollama/agent","Test":"TestSessionCancellationKeepsPartialResultWhenUISinkCancels"}
{"Time":"2026-09-20T21:59:48.241638+10:00","Action":"output","Package":"github.com/ollama/ollama/agent","Test":"TestSessionCancellationKeepsPartialResultWhenUISinkCancels","Output":"=== RUN   TestSessionCancellationKeepsPartialResultWhenUISinkCancels\n"}
{"Time":"2026-09-20T21:59:48.241661+10:00","Action":"output","Package":"github.com/ollama/ollama/agent","Test":"TestSessionCancellationKeepsPartialResultWhenUISinkCancels","Output":"--- PASS: TestSessionCancellationKeepsPartialResultWhenUISinkCancels (0.00s)\n"}
{"Time":"2026-09-20T21:59:48.241688+10:00","Action":"pass","Package":"github.com/ollama/ollama/agent","Test":"TestSessionCancellationKeepsPartialResultWhenUISinkCancels","Elapsed":0}
{"Time":"2026-09-20T21:59:48.241701+10:00","Action":"run","Package":"github.com/ollama/ollama/agent","Test":"TestSessionTreatsHTTPContextCanceledStringAsCancellation"}
{"Time":"2026-09-20T21:59:48.241712+10:00","Action":"output","Package":"github.com/ollama/ollama/agent","Test":"TestSessionTreatsHTTPContextCanceledStringAsCancellation","Output":"=== RUN   TestSessionTreatsHTTPContextCanceledStringAsCancellation\n"}
{"Time":"2026-09-20T21:59:48.241725+10:00","Action":"output","Package":"github.com/ollama/ollama/agent","Test":"TestSessionTreatsHTTPContextCanceledStringAsCancellation","Output":"--- PASS: TestSessionTreatsHTTPContextCanceledStringAsCancellation (0.00s)\n"}
{"Time":"2026-09-20T21:59:48.241737+10:00","Action":"pass","Package":"github.com/ollama/ollama/agent","Test":"TestSessionTreatsHTTPContextCanceledStringAsCancellation","Elapsed":0}
{"Time":"2026-09-20T21:59:48.24177+10:00","Action":"run","Package":"github.com/ollama/ollama/agent","Test":"TestSessionDisabledToolsOmitToolsAndReturnsDisabledResults"}
{"Time":"2026-09-20T21:59:48.241782+10:00","Action":"output","Package":"github.com/ollama/ollama/agent","Test":"TestSessionDisabledToolsOmitToolsAndReturnsDisabledResults","Output":"=== RUN   TestSessionDisabledToolsOmitToolsAndReturnsDisabledResults\n"}
{"Time":"2026-09-20T21:59:48.241795+10:00","Action":"output","Package":"github.com/ollama/ollama/agent","Test":"TestSessionDisabledToolsOmitToolsAndReturnsDisabledResults","Output":"--- PASS: TestSessionDisabledToolsOmitToolsAndReturnsDisabledResults (0.00s)\n"}
{"Time":"2026-09-20T21:59:48.241811+10:00","Action":"pass","Package":"github.com/ollama/ollama/agent","Test":"TestSessionDisabledToolsOmitToolsAndReturnsDisabledResults","Elapsed":0}
{"Time":"2026-09-20T21:59:48.241824+10:00","Action":"run","Package":"github.com/ollama/ollama/agent","Test":"TestSessionCancellationAfterToolCallAppendsSkippedToolMessage"}
{"Time":"2026-09-20T21:59:48.241835+10:00","Action":"output","Package":"github.com/ollama/ollama/agent","Test":"TestSessionCancellationAfterToolCallAppendsSkippedToolMessage","Output":"=== RUN   TestSessionCancellationAfterToolCallAppendsSkippedToolMessage\n"}
{"Time":"2026-09-20T21:59:48.241848+10:00","Action":"output","Package":"github.com/ollama/ollama/agent","Test":"TestSessionCancellationAfterToolCallAppendsSkippedToolMessage","Output":"--- PASS: TestSessionCancellationAfterToolCallAppendsSkippedToolMessage (0.00s)\n"}
{"Time":"2026-09-20T21:59:48.241881+10:00","Action":"pass","Package":"github.com/ollama/ollama/agent","Test":"TestSessionCancellationAfterToolCallAppendsSkippedToolMessage","Elapsed":0}
{"Time":"2026-09-20T21:59:48.241904+10:00","Action":"run","Package":"github.com/ollama/ollama/agent","Test":"TestSessionCancellationDuringToolExecutionAppendsToolMessage"}
{"Time":"2026-09-20T21:59:48.241916+10:00","Action":"output","Package":"github.com/ollama/ollama/agent","Test":"TestSessionCancellationDuringToolExecutionAppendsToolMessage","Output":"=== RUN   TestSessionCancellationDuringToolExecutionAppendsToolMessage\n"}
{"Time":"2026-09-20T21:59:48.24193+10:00","Action":"output","Package":"github.com/ollama/ollama/agent","Test":"TestSessionCancellationDuringToolExecutionAppendsToolMessage","Output":"--- PASS: TestSessionCancellationDuringToolExecutionAppendsToolMessage (0.00s)\n"}
{"Time":"2026-09-20T21:59:48.241942+10:00","Action":"pass","Package":"github.com/ollama/ollama/agent","Test":"TestSessionCancellationDuringToolExecutionAppendsToolMessage","Elapsed":0}
{"Time":"2026-09-20T21:59:48.241954+10:00","Action":"run","Package":"github.com/ollama/ollama/agent","Test":"TestSessionToolLoopAllowsRoundsUnderDefaultCap"}
{"Time":"2026-09-20T21:59:48.241965+10:00","Action":"output","Package":"github.com/ollama/ollama/agent","Test":"TestSessionToolLoopAllowsRoundsUnderDefaultCap","Output":"=== RUN   TestSessionToolLoopAllowsRoundsUnderDefaultCap\n"}
{"Time":"2026-09-20T21:59:48.242123+10:00","Action":"output","Package":"github.com/ollama/ollama/agent","Test":"TestSessionToolLoopAllowsRoundsUnderDefaultCap","Output":"--- PASS: TestSessionToolLoopAllowsRoundsUnderDefaultCap (0.00s)\n"}
{"Time":"2026-09-20T21:59:48.24218+10:00","Action":"pass","Package":"github.com/ollama/ollama/agent","Test":"TestSessionToolLoopAllowsRoundsUnderDefaultCap","Elapsed":0}
{"Time":"2026-09-20T21:59:48.24224+10:00","Action":"run","Package":"github.com/ollama/ollama/agent","Test":"TestSessionLocalToolRoundLimitAppendsSkippedToolMessages"}
{"Time":"2026-09-20T21:59:48.242279+10:00","Action":"output","Package":"github.com/ollama/ollama/agent","Test":"TestSessionLocalToolRoundLimitAppendsSkippedToolMessages","Output":"=== RUN   TestSessionLocalToolRoundLimitAppendsSkippedToolMessages\n"}
{"Time":"2026-09-20T21:59:48.242314+10:00","Action":"output","Package":"github.com/ollama/ollama/agent","Test":"TestSessionLocalToolRoundLimitAppendsSkippedToolMessages","Output":"--- PASS: TestSessionLocalToolRoundLimitAppendsSkippedToolMessages (0.00s)\n"}
{"Time":"2026-09-20T21:59:48.242343+10:00","Action":"pass","Package":"github.com/ollama/ollama/agent","Test":"TestSessionLocalToolRoundLimitAppendsSkippedToolMessages","Elapsed":0}
{"Time":"2026-09-20T21:59:48.242372+10:00","Action":"run","Package":"github.com/ollama/ollama/agent","Test":"TestSessionLocalToolLoopStopsAtDefaultRoundCap"}
{"Time":"2026-09-20T21:59:48.242407+10:00","Action":"output","Package":"github.com/ollama/ollama/agent","Test":"TestSessionLocalToolLoopStopsAtDefaultRoundCap","Output":"=== RUN   TestSessionLocalToolLoopStopsAtDefaultRoundCap\n"}
{"Time":"2026-09-20T21:59:48.289397+10:00","Action":"output","Package":"github.com/ollama/ollama/agent","Test":"TestSessionLocalToolLoopStopsAtDefaultRoundCap","Output":"--- PASS: TestSessionLocalToolLoopStopsAtDefaultRoundCap (0.05s)\n"}
{"Time":"2026-09-20T21:59:48.289497+10:00","Action":"pass","Package":"github.com/ollama/ollama/agent","Test":"TestSessionLocalToolLoopStopsAtDefaultRoundCap","Elapsed":0.05}
{"Time":"2026-09-20T21:59:48.289525+10:00","Action":"run","Package":"github.com/ollama/ollama/agent","Test":"TestSessionCloudToolLoopHonorsExplicitRoundCap"}
{"Time":"2026-09-20T21:59:48.289545+10:00","Action":"output","Package":"github.com/ollama/ollama/agent","Test":"TestSessionCloudToolLoopHonorsExplicitRoundCap","Output":"=== RUN   TestSessionCloudToolLoopHonorsExplicitRoundCap\n"}
{"Time":"2026-09-20T21:59:48.289561+10:00","Action":"output","Package":"github.com/ollama/ollama/agent","Test":"TestSessionCloudToolLoopHonorsExplicitRoundCap","Output":"--- PASS: TestSessionCloudToolLoopHonorsExplicitRoundCap (0.00s)\n"}
{"Time":"2026-09-20T21:59:48.289576+10:00","Action":"pass","Package":"github.com/ollama/ollama/agent","Test":"TestSessionCloudToolLoopHonorsExplicitRoundCap","Elapsed":0}
{"Time":"2026-09-20T21:59:48.289591+10:00","Action":"run","Package":"github.com/ollama/ollama/agent","Test":"TestSessionToolLoopNegativeLimitIsUnlimited"}
{"Time":"2026-09-20T21:59:48.289604+10:00","Action":"output","Package":"github.com/ollama/ollama/agent","Test":"TestSessionToolLoopNegativeLimitIsUnlimited","Output":"=== RUN   TestSessionToolLoopNegativeLimitIsUnlimited\n"}
{"Time":"2026-09-20T21:59:48.345157+10:00","Action":"output","Package":"github.com/ollama/ollama/agent","Test":"TestSessionToolLoopNegativeLimitIsUnlimited","Output":"--- PASS: TestSessionToolLoopNegativeLimitIsUnlimited (0.06s)\n"}
{"Time":"2026-09-20T21:59:48.345374+10:00","Action":"pass","Package":"github.com/ollama/ollama/agent","Test":"TestSessionToolLoopNegativeLimitIsUnlimited","Elapsed":0.06}
{"Time":"2026-09-20T21:59:48.345429+10:00","Action":"run","Package":"github.com/ollama/ollama/agent","Test":"TestSessionTruncatesLargeToolResultsBeforeHistory"}
{"Time":"2026-09-20T21:59:48.345473+10:00","Action":"output","Package":"github.com/ollama/ollama/agent","Test":"TestSessionTruncatesLargeToolResultsBeforeHistory","Output":"=== RUN   TestSessionTruncatesLargeToolResultsBeforeHistory\n"}
{"Time":"2026-09-20T21:59:48.357124+10:00","Action":"output","Package":"github.com/ollama/ollama/agent","Test":"TestSessionTruncatesLargeToolResultsBeforeHistory","Output":"--- PASS: TestSessionTruncatesLargeToolResultsBeforeHistory (0.01s)\n"}
{"Time":"2026-09-20T21:59:48.357237+10:00","Action":"pass","Package":"github.com/ollama/ollama/agent","Test":"TestSessionTruncatesLargeToolResultsBeforeHistory","Elapsed":0.01}
{"Time":"2026-09-20T21:59:48.358863+10:00","Action":"run","Package":"github.com/ollama/ollama/agent","Test":"TestSessionSmallContextUsesLowerToolResultPreviewCap"}
{"Time":"2026-09-20T21:59:48.358937+10:00","Action":"output","Package":"github.com/ollama/ollama/agent","Test":"TestSessionSmallContextUsesLowerToolResultPreviewCap","Output":"=== RUN   TestSessionSmallContextUsesLowerToolResultPreviewCap\n"}
{"Time":"2026-09-20T21:59:48.363111+10:00","Action":"output","Package":"github.com/ollama/ollama/agent","Test":"TestSessionSmallContextUsesLowerToolResultPreviewCap","Output":"--- PASS: TestSessionSmallContextUsesLowerToolResultPreviewCap (0.01s)\n"}
{"Time":"2026-09-20T21:59:48.363183+10:00","Action":"pass","Package":"github.com/ollama/ollama/agent","Test":"TestSessionSmallContextUsesLowerToolResultPreviewCap","Elapsed":0.01}
{"Time":"2026-09-20T21:59:48.363212+10:00","Action":"run","Package":"github.com/ollama/ollama/agent","Test":"TestSessionSmallContextRecapsPreTruncatedToolOutput"}
{"Time":"2026-09-20T21:59:48.363233+10:00","Action":"output","Package":"github.com/ollama/ollama/agent","Test":"TestSessionSmallContextRecapsPreTruncatedToolOutput","Output":"=== RUN   TestSessionSmallContextRecapsPreTruncatedToolOutput\n"}
{"Time":"2026-09-20T21:59:48.363538+10:00","Action":"output","Package":"github.com/ollama/ollama/agent","Test":"TestSessionSmallContextRecapsPreTruncatedToolOutput","Output":"--- PASS: TestSessionSmallContextRecapsPreTruncatedToolOutput (0.00s)\n"}
{"Time":"2026-09-20T21:59:48.363563+10:00","Action":"pass","Package":"github.com/ollama/ollama/agent","Test":"TestSessionSmallContextRecapsPreTruncatedToolOutput","Elapsed":0}
{"Time":"2026-09-20T21:59:48.363578+10:00","Action":"run","Package":"github.com/ollama/ollama/agent","Test":"TestSessionRequestSanitizesPreMarkedToolOutput"}
{"Time":"2026-09-20T21:59:48.363593+10:00","Action":"output","Package":"github.com/ollama/ollama/agent","Test":"TestSessionRequestSanitizesPreMarkedToolOutput","Output":"=== RUN   TestSessionRequestSanitizesPreMarkedToolOutput\n"}
{"Time":"2026-09-20T21:59:48.372506+10:00","Action":"output","Package":"github.com/ollama/ollama/agent","Test":"TestSessionRequestSanitizesPreMarkedToolOutput","Output":"--- PASS: TestSessionRequestSanitizesPreMarkedToolOutput (0.01s)\n"}
{"Time":"2026-09-20T21:59:48.372563+10:00","Action":"pass","Package":"github.com/ollama/ollama/agent","Test":"TestSessionRequestSanitizesPreMarkedToolOutput","Elapsed":0.01}
{"Time":"2026-09-20T21:59:48.372583+10:00","Action":"run","Package":"github.com/ollama/ollama/agent","Test":"TestSessionCompactsAfterToolResultsBeforeContinuing"}
{"Time":"2026-09-20T21:59:48.372603+10:00","Action":"output","Package":"github.com/ollama/ollama/agent","Test":"TestSessionCompactsAfterToolResultsBeforeContinuing","Output":"=== RUN   TestSessionCompactsAfterToolResultsBeforeContinuing\n"}
{"Time":"2026-09-20T21:59:48.37262+10:00","Action":"output","Package":"github.com/ollama/ollama/agent","Test":"TestSessionCompactsAfterToolResultsBeforeContinuing","Output":"--- PASS: TestSessionCompactsAfterToolResultsBeforeContinuing (0.00s)\n"}
{"Time":"2026-09-20T21:59:48.372635+10:00","Action":"pass","Package":"github.com/ollama/ollama/agent","Test":"TestSessionCompactsAfterToolResultsBeforeContinuing","Elapsed":0}
{"Time":"2026-09-20T21:59:48.372649+10:00","Action":"run","Package":"github.com/ollama/ollama/agent","Test":"TestSessionStopsWhenCompactedHistoryStillExceedsContext"}
{"Time":"2026-09-20T21:59:48.372674+10:00","Action":"output","Package":"github.com/ollama/ollama/agent","Test":"TestSessionStopsWhenCompactedHistoryStillExceedsContext","Output":"=== RUN   TestSessionStopsWhenCompactedHistoryStillExceedsContext\n"}
{"Time":"2026-09-20T21:59:48.372702+10:00","Action":"output","Package":"github.com/ollama/ollama/agent","Test":"TestSessionStopsWhenCompactedHistoryStillExceedsContext","Output":"--- PASS: TestSessionStopsWhenCompactedHistoryStillExceedsContext (0.00s)\n"}
{"Time":"2026-09-20T21:59:48.372739+10:00","Action":"pass","Package":"github.com/ollama/ollama/agent","Test":"TestSessionStopsWhenCompactedHistoryStillExceedsContext","Elapsed":0}
{"Time":"2026-09-20T21:59:48.372756+10:00","Action":"run","Package":"github.com/ollama/ollama/agent","Test":"TestSessionContextCapsToolResultBeforeCompaction"}
{"Time":"2026-09-20T21:59:48.372769+10:00","Action":"output","Package":"github.com/ollama/ollama/agent","Test":"TestSessionContextCapsToolResultBeforeCompaction","Output":"=== RUN   TestSessionContextCapsToolResultBeforeCompaction\n"}
{"Time":"2026-09-20T21:59:48.381405+10:00","Action":"output","Package":"github.com/ollama/ollama/agent","Test":"TestSessionContextCapsToolResultBeforeCompaction","Output":"--- PASS: TestSessionContextCapsToolResultBeforeCompaction (0.01s)\n"}
{"Time":"2026-09-20T21:59:48.381479+10:00","Action":"pass","Package":"github.com/ollama/ollama/agent","Test":"TestSessionContextCapsToolResultBeforeCompaction","Elapsed":0.01}
{"Time":"2026-09-20T21:59:48.381497+10:00","Action":"run","Package":"github.com/ollama/ollama/agent","Test":"TestSessionCompactsThenReattachesFullyOmittedToolResult"}
{"Time":"2026-09-20T21:59:48.381514+10:00","Action":"output","Package":"github.com/ollama/ollama/agent","Test":"TestSessionCompactsThenReattachesFullyOmittedToolResult","Output":"=== RUN   TestSessionCompactsThenReattachesFullyOmittedToolResult\n"}
{"Time":"2026-09-20T21:59:48.383766+10:00","Action":"output","Package":"github.com/ollama/ollama/agent","Test":"TestSessionCompactsThenReattachesFullyOmittedToolResult","Output":"--- PASS: TestSessionCompactsThenReattachesFullyOmittedToolResult (0.00s)\n"}
{"Time":"2026-09-20T21:59:48.383833+10:00","Action":"pass","Package":"github.com/ollama/ollama/agent","Test":"TestSessionCompactsThenReattachesFullyOmittedToolResult","Elapsed":0}
{"Time":"2026-09-20T21:59:48.383871+10:00","Action":"run","Package":"github.com/ollama/ollama/agent","Test":"TestSessionEmitsAutoCompactionActivityEvents"}
{"Time":"2026-09-20T21:59:48.383893+10:00","Action":"output","Package":"github.com/ollama/ollama/agent","Test":"TestSessionEmitsAutoCompactionActivityEvents","Output":"=== RUN   TestSessionEmitsAutoCompactionActivityEvents\n"}
{"Time":"2026-09-20T21:59:48.394174+10:00","Action":"output","Package":"github.com/ollama/ollama/agent","Test":"TestSessionEmitsAutoCompactionActivityEvents","Output":"--- PASS: TestSessionEmitsAutoCompactionActivityEvents (0.01s)\n"}
{"Time":"2026-09-20T21:59:48.394251+10:00","Action":"pass","Package":"github.com/ollama/ollama/agent","Test":"TestSessionEmitsAutoCompactionActivityEvents","Elapsed":0.01}
{"Time":"2026-09-20T21:59:48.39427+10:00","Action":"run","Package":"github.com/ollama/ollama/agent","Test":"TestSessionTruncatesSeededToolMessagesBeforeHistory"}
{"Time":"2026-09-20T21:59:48.394286+10:00","Action":"output","Package":"github.com/ollama/ollama/agent","Test":"TestSessionTruncatesSeededToolMessagesBeforeHistory","Output":"=== RUN   TestSessionTruncatesSeededToolMessagesBeforeHistory\n"}
{"Time":"2026-09-20T21:59:48.401688+10:00","Action":"output","Package":"github.com/ollama/ollama/agent","Test":"TestSessionTruncatesSeededToolMessagesBeforeHistory","Output":"--- PASS: TestSessionTruncatesSeededToolMessagesBeforeHistory (0.00s)\n"}
{"Time":"2026-09-20T21:59:48.40177+10:00","Action":"pass","Package":"github.com/ollama/ollama/agent","Test":"TestSessionTruncatesSeededToolMessagesBeforeHistory","Elapsed":0}
{"Time":"2026-09-20T21:59:48.401791+10:00","Action":"run","Package":"github.com/ollama/ollama/agent","Test":"TestSessionPreflightRejectsOversizedFirstRequest"}
{"Time":"2026-09-20T21:59:48.401808+10:00","Action":"output","Package":"github.com/ollama/ollama/agent","Test":"TestSessionPreflightRejectsOversizedFirstRequest","Output":"=== RUN   TestSessionPreflightRejectsOversizedFirstRequest\n"}
{"Time":"2026-09-20T21:59:48.401839+10:00","Action":"output","Package":"github.com/ollama/ollama/agent","Test":"TestSessionPreflightRejectsOversizedFirstRequest","Output":"--- PASS: TestSessionPreflightRejectsOversizedFirstRequest (0.00s)\n"}
{"Time":"2026-09-20T21:59:48.401854+10:00","Action":"pass","Package":"github.com/ollama/ollama/agent","Test":"TestSessionPreflightRejectsOversizedFirstRequest","Elapsed":0}
{"Time":"2026-09-20T21:59:48.40187+10:00","Action":"run","Package":"github.com/ollama/ollama/agent","Test":"TestSessionPreflightIgnoresRawImageBytes"}
{"Time":"2026-09-20T21:59:48.401885+10:00","Action":"output","Package":"github.com/ollama/ollama/agent","Test":"TestSessionPreflightIgnoresRawImageBytes","Output":"=== RUN   TestSessionPreflightIgnoresRawImageBytes\n"}
{"Time":"2026-09-20T21:59:48.401917+10:00","Action":"output","Package":"github.com/ollama/ollama/agent","Test":"TestSessionPreflightIgnoresRawImageBytes","Output":"--- PASS: TestSessionPreflightIgnoresRawImageBytes (0.00s)\n"}
{"Time":"2026-09-20T21:59:48.401933+10:00","Action":"pass","Package":"github.com/ollama/ollama/agent","Test":"TestSessionPreflightIgnoresRawImageBytes","Elapsed":0}
{"Time":"2026-09-20T21:59:48.401947+10:00","Action":"run","Package":"github.com/ollama/ollama/agent","Test":"TestSessionFreezesBatchToolWorkingDirAfterApproval"}
{"Time":"2026-09-20T21:59:48.40196+10:00","Action":"output","Package":"github.com/ollama/ollama/agent","Test":"TestSessionFreezesBatchToolWorkingDirAfterApproval","Output":"=== RUN   TestSessionFreezesBatchToolWorkingDirAfterApproval\n"}
{"Time":"2026-09-20T21:59:48.412155+10:00","Action":"output","Package":"github.com/ollama/ollama/agent","Test":"TestSessionFreezesBatchToolWorkingDirAfterApproval","Output":"--- PASS: TestSessionFreezesBatchToolWorkingDirAfterApproval (0.01s)\n"}
{"Time":"2026-09-20T21:59:48.412224+10:00","Action":"pass","Package":"github.com/ollama/ollama/agent","Test":"TestSessionFreezesBatchToolWorkingDirAfterApproval","Elapsed":0.01}
{"Time":"2026-09-20T21:59:48.412248+10:00","Action":"run","Package":"github.com/ollama/ollama/agent","Test":"TestSessionAllowsToolWorkingDirOutsideInitialDir"}
{"Time":"2026-09-20T21:59:48.412267+10:00","Action":"output","Package":"github.com/ollama/ollama/agent","Test":"TestSessionAllowsToolWorkingDirOutsideInitialDir","Output":"=== RUN   TestSessionAllowsToolWorkingDirOutsideInitialDir\n"}
{"Time":"2026-09-20T21:59:48.425275+10:00","Action":"output","Package":"github.com/ollama/ollama/agent","Test":"TestSessionAllowsToolWorkingDirOutsideInitialDir","Output":"--- PASS: TestSessionAllowsToolWorkingDirOutsideInitialDir (0.01s)\n"}
{"Time":"2026-09-20T21:59:48.425329+10:00","Action":"pass","Package":"github.com/ollama/ollama/agent","Test":"TestSessionAllowsToolWorkingDirOutsideInitialDir","Elapsed":0.01}
{"Time":"2026-09-20T21:59:48.425349+10:00","Action":"run","Package":"github.com/ollama/ollama/agent","Test":"TestSessionDeniesWithoutApprovalPrompter"}
{"Time":"2026-09-20T21:59:48.425364+10:00","Action":"output","Package":"github.com/ollama/ollama/agent","Test":"TestSessionDeniesWithoutApprovalPrompter","Output":"=== RUN   TestSessionDeniesWithoutApprovalPrompter\n"}
{"Time":"2026-09-20T21:59:48.425415+10:00","Action":"output","Package":"github.com/ollama/ollama/agent","Test":"TestSessionDeniesWithoutApprovalPrompter","Output":"--- PASS: TestSessionDeniesWithoutApprovalPrompter (0.00s)\n"}
{"Time":"2026-09-20T21:59:48.425435+10:00","Action":"pass","Package":"github.com/ollama/ollama/agent","Test":"TestSessionDeniesWithoutApprovalPrompter","Elapsed":0}
{"Time":"2026-09-20T21:59:48.425451+10:00","Action":"run","Package":"github.com/ollama/ollama/agent","Test":"TestSessionPromptsOnceForApprovalBatch"}
{"Time":"2026-09-20T21:59:48.425466+10:00","Action":"output","Package":"github.com/ollama/ollama/agent","Test":"TestSessionPromptsOnceForApprovalBatch","Output":"=== RUN   TestSessionPromptsOnceForApprovalBatch\n"}
{"Time":"2026-09-20T21:59:48.425509+10:00","Action":"output","Package":"github.com/ollama/ollama/agent","Test":"TestSessionPromptsOnceForApprovalBatch","Output":"--- PASS: TestSessionPromptsOnceForApprovalBatch (0.00s)\n"}
{"Time":"2026-09-20T21:59:48.425526+10:00","Action":"pass","Package":"github.com/ollama/ollama/agent","Test":"TestSessionPromptsOnceForApprovalBatch","Elapsed":0}
{"Time":"2026-09-20T21:59:48.425541+10:00","Action":"run","Package":"github.com/ollama/ollama/agent","Test":"TestSessionRunsFullApprovedToolBatchBeforeNextModelStep"}
{"Time":"2026-09-20T21:59:48.425555+10:00","Action":"output","Package":"github.com/ollama/ollama/agent","Test":"TestSessionRunsFullApprovedToolBatchBeforeNextModelStep","Output":"=== RUN   TestSessionRunsFullApprovedToolBatchBeforeNextModelStep\n"}
{"Time":"2026-09-20T21:59:48.42557+10:00","Action":"output","Package":"github.com/ollama/ollama/agent","Test":"TestSessionRunsFullApprovedToolBatchBeforeNextModelStep","Output":"--- PASS: TestSessionRunsFullApprovedToolBatchBeforeNextModelStep (0.00s)\n"}
{"Time":"2026-09-20T21:59:48.425584+10:00","Action":"pass","Package":"github.com/ollama/ollama/agent","Test":"TestSessionRunsFullApprovedToolBatchBeforeNextModelStep","Elapsed":0}
{"Time":"2026-09-20T21:59:48.425598+10:00","Action":"run","Package":"github.com/ollama/ollama/agent","Test":"TestSessionAllowAllApprovalSkipsFuturePrompts"}
{"Time":"2026-09-20T21:59:48.425611+10:00","Action":"output","Package":"github.com/ollama/ollama/agent","Test":"TestSessionAllowAllApprovalSkipsFuturePrompts","Output":"=== RUN   TestSessionAllowAllApprovalSkipsFuturePrompts\n"}
{"Time":"2026-09-20T21:59:48.425627+10:00","Action":"output","Package":"github.com/ollama/ollama/agent","Test":"TestSessionAllowAllApprovalSkipsFuturePrompts","Output":"--- PASS: TestSessionAllowAllApprovalSkipsFuturePrompts (0.00s)\n"}
{"Time":"2026-09-20T21:59:48.425676+10:00","Action":"pass","Package":"github.com/ollama/ollama/agent","Test":"TestSessionAllowAllApprovalSkipsFuturePrompts","Elapsed":0}
{"Time":"2026-09-20T21:59:48.425698+10:00","Action":"run","Package":"github.com/ollama/ollama/agent","Test":"TestSessionAllowToolApprovalSkipsFuturePromptForSameTool"}
{"Time":"2026-09-20T21:59:48.425713+10:00","Action":"output","Package":"github.com/ollama/ollama/agent","Test":"TestSessionAllowToolApprovalSkipsFuturePromptForSameTool","Output":"=== RUN   TestSessionAllowToolApprovalSkipsFuturePromptForSameTool\n"}
{"Time":"2026-09-20T21:59:48.425729+10:00","Action":"output","Package":"github.com/ollama/ollama/agent","Test":"TestSessionAllowToolApprovalSkipsFuturePromptForSameTool","Output":"--- PASS: TestSessionAllowToolApprovalSkipsFuturePromptForSameTool (0.00s)\n"}
{"Time":"2026-09-20T21:59:48.425933+10:00","Action":"pass","Package":"github.com/ollama/ollama/agent","Test":"TestSessionAllowToolApprovalSkipsFuturePromptForSameTool","Elapsed":0}
{"Time":"2026-09-20T21:59:48.425953+10:00","Action":"run","Package":"github.com/ollama/ollama/agent","Test":"TestSessionAllowShellApprovalScopesToExactCommand"}
{"Time":"2026-09-20T21:59:48.425974+10:00","Action":"output","Package":"github.com/ollama/ollama/agent","Test":"TestSessionAllowShellApprovalScopesToExactCommand","Output":"=== RUN   TestSessionAllowShellApprovalScopesToExactCommand\n"}
{"Time":"2026-09-20T21:59:48.426054+10:00","Action":"output","Package":"github.com/ollama/ollama/agent","Test":"TestSessionAllowShellApprovalScopesToExactCommand","Output":"--- PASS: TestSessionAllowShellApprovalScopesToExactCommand (0.00s)\n"}
{"Time":"2026-09-20T21:59:48.426103+10:00","Action":"pass","Package":"github.com/ollama/ollama/agent","Test":"TestSessionAllowShellApprovalScopesToExactCommand","Elapsed":0}
{"Time":"2026-09-20T21:59:48.426152+10:00","Action":"run","Package":"github.com/ollama/ollama/agent","Test":"TestSessionAllowAllToolsExecutesApprovalTool"}
{"Time":"2026-09-20T21:59:48.426172+10:00","Action":"output","Package":"github.com/ollama/ollama/agent","Test":"TestSessionAllowAllToolsExecutesApprovalTool","Output":"=== RUN   TestSessionAllowAllToolsExecutesApprovalTool\n"}
{"Time":"2026-09-20T21:59:48.429883+10:00","Action":"output","Package":"github.com/ollama/ollama/agent","Test":"TestSessionAllowAllToolsExecutesApprovalTool","Output":"--- PASS: TestSessionAllowAllToolsExecutesApprovalTool (0.00s)\n"}
{"Time":"2026-09-20T21:59:48.429957+10:00","Action":"pass","Package":"github.com/ollama/ollama/agent","Test":"TestSessionAllowAllToolsExecutesApprovalTool","Elapsed":0}
{"Time":"2026-09-20T21:59:48.429977+10:00","Action":"run","Package":"github.com/ollama/ollama/agent","Test":"TestSessionSkillActivationPreservesCallAndResultOrder"}
{"Time":"2026-09-20T21:59:48.430008+10:00","Action":"output","Package":"github.com/ollama/ollama/agent","Test":"TestSessionSkillActivationPreservesCallAndResultOrder","Output":"=== RUN   TestSessionSkillActivationPreservesCallAndResultOrder\n"}
{"Time":"2026-09-20T21:59:48.442497+10:00","Action":"output","Package":"github.com/ollama/ollama/agent","Test":"TestSessionSkillActivationPreservesCallAndResultOrder","Output":"--- PASS: TestSessionSkillActivationPreservesCallAndResultOrder (0.02s)\n"}
{"Time":"2026-09-20T21:59:48.44254+10:00","Action":"pass","Package":"github.com/ollama/ollama/agent","Test":"TestSessionSkillActivationPreservesCallAndResultOrder","Elapsed":0.02}
{"Time":"2026-09-20T21:59:48.442558+10:00","Action":"run","Package":"github.com/ollama/ollama/agent","Test":"TestDiscoverAndLoadSkills"}
{"Time":"2026-09-20T21:59:48.442605+10:00","Action":"output","Package":"github.com/ollama/ollama/agent","Test":"TestDiscoverAndLoadSkills","Output":"=== RUN   TestDiscoverAndLoadSkills\n"}
{"Time":"2026-09-20T21:59:48.495289+10:00","Action":"output","Package":"github.com/ollama/ollama/agent","Test":"TestDiscoverAndLoadSkills","Output":"--- PASS: TestDiscoverAndLoadSkills (0.05s)\n"}
{"Time":"2026-09-20T21:59:48.495384+10:00","Action":"pass","Package":"github.com/ollama/ollama/agent","Test":"TestDiscoverAndLoadSkills","Elapsed":0.05}
{"Time":"2026-09-20T21:59:48.495407+10:00","Action":"run","Package":"github.com/ollama/ollama/agent","Test":"TestSkillSystemContextEscapesUntrustedDescription"}
{"Time":"2026-09-20T21:59:48.495424+10:00","Action":"output","Package":"github.com/ollama/ollama/agent","Test":"TestSkillSystemContextEscapesUntrustedDescription","Output":"=== RUN   TestSkillSystemContextEscapesUntrustedDescription\n"}
{"Time":"2026-09-20T21:59:48.521798+10:00","Action":"output","Package":"github.com/ollama/ollama/agent","Test":"TestSkillSystemContextEscapesUntrustedDescription","Output":"--- PASS: TestSkillSystemContextEscapesUntrustedDescription (0.03s)\n"}
{"Time":"2026-09-20T21:59:48.521884+10:00","Action":"pass","Package":"github.com/ollama/ollama/agent","Test":"TestSkillSystemContextEscapesUntrustedDescription","Elapsed":0.03}
{"Time":"2026-09-20T21:59:48.521916+10:00","Action":"run","Package":"github.com/ollama/ollama/agent","Test":"TestDiscoverSkillsSkipsMalformedEntries"}
{"Time":"2026-09-20T21:59:48.522178+10:00","Action":"output","Package":"github.com/ollama/ollama/agent","Test":"TestDiscoverSkillsSkipsMalformedEntries","Output":"=== RUN   TestDiscoverSkillsSkipsMalformedEntries\n"}
{"Time":"2026-09-20T21:59:48.626132+10:00","Action":"output","Package":"github.com/ollama/ollama/agent","Test":"TestDiscoverSkillsSkipsMalformedEntries","Output":"--- PASS: TestDiscoverSkillsSkipsMalformedEntries (0.10s)\n"}
{"Time":"2026-09-20T21:59:48.626259+10:00","Action":"pass","Package":"github.com/ollama/ollama/agent","Test":"TestDiscoverSkillsSkipsMalformedEntries","Elapsed":0.1}
{"Time":"2026-09-20T21:59:48.626298+10:00","Action":"run","Package":"github.com/ollama/ollama/agent","Test":"TestDiscoverSkillsFollowsSymlinks"}
{"Time":"2026-09-20T21:59:48.626324+10:00","Action":"output","Package":"github.com/ollama/ollama/agent","Test":"TestDiscoverSkillsFollowsSymlinks","Output":"=== RUN   TestDiscoverSkillsFollowsSymlinks\n"}
{"Time":"2026-09-20T21:59:48.686028+10:00","Action":"output","Package":"github.com/ollama/ollama/agent","Test":"TestDiscoverSkillsFollowsSymlinks","Output":"--- PASS: TestDiscoverSkillsFollowsSymlinks (0.06s)\n"}
{"Time":"2026-09-20T21:59:48.686109+10:00","Action":"pass","Package":"github.com/ollama/ollama/agent","Test":"TestDiscoverSkillsFollowsSymlinks","Elapsed":0.06}
{"Time":"2026-09-20T21:59:48.686128+10:00","Action":"run","Package":"github.com/ollama/ollama/agent","Test":"TestLoadDefaultSkillsContinuesAfterBadRoot"}
{"Time":"2026-09-20T21:59:48.686152+10:00","Action":"output","Package":"github.com/ollama/ollama/agent","Test":"TestLoadDefaultSkillsContinuesAfterBadRoot","Output":"=== RUN   TestLoadDefaultSkillsContinuesAfterBadRoot\n"}
{"Time":"2026-09-20T21:59:48.77821+10:00","Action":"output","Package":"github.com/ollama/ollama/agent","Test":"TestLoadDefaultSkillsContinuesAfterBadRoot","Output":"--- PASS: TestLoadDefaultSkillsContinuesAfterBadRoot (0.09s)\n"}
{"Time":"2026-09-20T21:59:48.778273+10:00","Action":"pass","Package":"github.com/ollama/ollama/agent","Test":"TestLoadDefaultSkillsContinuesAfterBadRoot","Elapsed":0.09}
{"Time":"2026-09-20T21:59:48.778289+10:00","Action":"run","Package":"github.com/ollama/ollama/agent","Test":"TestLoadDefaultSkillsInstallsBundledSkillCreator"}
{"Time":"2026-09-20T21:59:48.778302+10:00","Action":"output","Package":"github.com/ollama/ollama/agent","Test":"TestLoadDefaultSkillsInstallsBundledSkillCreator","Output":"=== RUN   TestLoadDefaultSkillsInstallsBundledSkillCreator\n"}
{"Time":"2026-09-20T21:59:48.795841+10:00","Action":"output","Package":"github.com/ollama/ollama/agent","Test":"TestLoadDefaultSkillsInstallsBundledSkillCreator","Output":"--- PASS: TestLoadDefaultSkillsInstallsBundledSkillCreator (0.02s)\n"}
{"Time":"2026-09-20T21:59:48.79592+10:00","Action":"pass","Package":"github.com/ollama/ollama/agent","Test":"TestLoadDefaultSkillsInstallsBundledSkillCreator","Elapsed":0.02}
{"Time":"2026-09-20T21:59:48.795943+10:00","Action":"run","Package":"github.com/ollama/ollama/agent","Test":"TestLoadDefaultSkillsUpdatesExistingSkillCreator"}
{"Time":"2026-09-20T21:59:48.795956+10:00","Action":"output","Package":"github.com/ollama/ollama/agent","Test":"TestLoadDefaultSkillsUpdatesExistingSkillCreator","Output":"=== RUN   TestLoadDefaultSkillsUpdatesExistingSkillCreator\n"}
{"Time":"2026-09-20T21:59:48.809094+10:00","Action":"output","Package":"github.com/ollama/ollama/agent","Test":"TestLoadDefaultSkillsUpdatesExistingSkillCreator","Output":"--- PASS: TestLoadDefaultSkillsUpdatesExistingSkillCreator (0.01s)\n"}
{"Time":"2026-09-20T21:59:48.809202+10:00","Action":"pass","Package":"github.com/ollama/ollama/agent","Test":"TestLoadDefaultSkillsUpdatesExistingSkillCreator","Elapsed":0.01}
{"Time":"2026-09-20T21:59:48.809238+10:00","Action":"run","Package":"github.com/ollama/ollama/agent","Test":"TestSkillsDirUsesOverrideAndXDG"}
{"Time":"2026-09-20T21:59:48.809267+10:00","Action":"output","Package":"github.com/ollama/ollama/agent","Test":"TestSkillsDirUsesOverrideAndXDG","Output":"=== RUN   TestSkillsDirUsesOverrideAndXDG\n"}
{"Time":"2026-09-20T21:59:48.813579+10:00","Action":"output","Package":"github.com/ollama/ollama/agent","Test":"TestSkillsDirUsesOverrideAndXDG","Output":"--- PASS: TestSkillsDirUsesOverrideAndXDG (0.00s)\n"}
{"Time":"2026-09-20T21:59:48.813624+10:00","Action":"pass","Package":"github.com/ollama/ollama/agent","Test":"TestSkillsDirUsesOverrideAndXDG","Elapsed":0}
{"Time":"2026-09-20T21:59:48.81364+10:00","Action":"run","Package":"github.com/ollama/ollama/agent","Test":"TestLoadDefaultSkillsPrecedenceAndCollisions"}
{"Time":"2026-09-20T21:59:48.813692+10:00","Action":"output","Package":"github.com/ollama/ollama/agent","Test":"TestLoadDefaultSkillsPrecedenceAndCollisions","Output":"=== RUN   TestLoadDefaultSkillsPrecedenceAndCollisions\n"}
{"Time":"2026-09-20T21:59:48.908493+10:00","Action":"output","Package":"github.com/ollama/ollama/agent","Test":"TestLoadDefaultSkillsPrecedenceAndCollisions","Output":"--- PASS: TestLoadDefaultSkillsPrecedenceAndCollisions (0.10s)\n"}
{"Time":"2026-09-20T21:59:48.908591+10:00","Action":"pass","Package":"github.com/ollama/ollama/agent","Test":"TestLoadDefaultSkillsPrecedenceAndCollisions","Elapsed":0.1}
{"Time":"2026-09-20T21:59:48.908628+10:00","Action":"run","Package":"github.com/ollama/ollama/agent","Test":"TestSkillCatalogExcludeNames"}
{"Time":"2026-09-20T21:59:48.908676+10:00","Action":"output","Package":"github.com/ollama/ollama/agent","Test":"TestSkillCatalogExcludeNames","Output":"=== RUN   TestSkillCatalogExcludeNames\n"}
{"Time":"2026-09-20T21:59:48.914297+10:00","Action":"output","Package":"github.com/ollama/ollama/agent","Test":"TestSkillCatalogExcludeNames","Output":"--- PASS: TestSkillCatalogExcludeNames (0.01s)\n"}
{"Time":"2026-09-20T21:59:48.914349+10:00","Action":"pass","Package":"github.com/ollama/ollama/agent","Test":"TestSkillCatalogExcludeNames","Elapsed":0.01}
{"Time":"2026-09-20T21:59:48.914367+10:00","Action":"run","Package":"github.com/ollama/ollama/agent","Test":"TestSkillContentListsDirectoryAndResources"}
{"Time":"2026-09-20T21:59:48.914382+10:00","Action":"output","Package":"github.com/ollama/ollama/agent","Test":"TestSkillContentListsDirectoryAndResources","Output":"=== RUN   TestSkillContentListsDirectoryAndResources\n"}
{"Time":"2026-09-20T21:59:48.927054+10:00","Action":"output","Package":"github.com/ollama/ollama/agent","Test":"TestSkillContentListsDirectoryAndResources","Output":"--- PASS: TestSkillContentListsDirectoryAndResources (0.01s)\n"}
{"Time":"2026-09-20T21:59:48.927121+10:00","Action":"pass","Package":"github.com/ollama/ollama/agent","Test":"TestSkillContentListsDirectoryAndResources","Elapsed":0.01}
{"Time":"2026-09-20T21:59:48.927159+10:00","Action":"run","Package":"github.com/ollama/ollama/agent","Test":"TestImportSkillsCopiesFixtureAndIsIdempotent"}
{"Time":"2026-09-20T21:59:48.927188+10:00","Action":"output","Package":"github.com/ollama/ollama/agent","Test":"TestImportSkillsCopiesFixtureAndIsIdempotent","Output":"=== RUN   TestImportSkillsCopiesFixtureAndIsIdempotent\n"}
{"Time":"2026-09-20T21:59:48.936602+10:00","Action":"start","Package":"github.com/ollama/ollama/agent/tools"}
{"Time":"2026-09-20T21:59:48.959489+10:00","Action":"output","Package":"github.com/ollama/ollama/agent","Test":"TestImportSkillsCopiesFixtureAndIsIdempotent","Output":"--- PASS: TestImportSkillsCopiesFixtureAndIsIdempotent (0.03s)\n"}
{"Time":"2026-09-20T21:59:48.959602+10:00","Action":"pass","Package":"github.com/ollama/ollama/agent","Test":"TestImportSkillsCopiesFixtureAndIsIdempotent","Elapsed":0.03}
{"Time":"2026-09-20T21:59:48.95965+10:00","Action":"run","Package":"github.com/ollama/ollama/agent","Test":"TestImportSkillsLeavesConflictsAndUnsafeSourcesUntouched"}
{"Time":"2026-09-20T21:59:48.95968+10:00","Action":"output","Package":"github.com/ollama/ollama/agent","Test":"TestImportSkillsLeavesConflictsAndUnsafeSourcesUntouched","Output":"=== RUN   TestImportSkillsLeavesConflictsAndUnsafeSourcesUntouched\n"}
{"Time":"2026-09-20T21:59:48.969138+10:00","Action":"output","Package":"github.com/ollama/ollama/agent","Test":"TestImportSkillsLeavesConflictsAndUnsafeSourcesUntouched","Output":"--- PASS: TestImportSkillsLeavesConflictsAndUnsafeSourcesUntouched (0.01s)\n"}
{"Time":"2026-09-20T21:59:48.969223+10:00","Action":"pass","Package":"github.com/ollama/ollama/agent","Test":"TestImportSkillsLeavesConflictsAndUnsafeSourcesUntouched","Elapsed":0.01}
{"Time":"2026-09-20T21:59:48.969245+10:00","Action":"run","Package":"github.com/ollama/ollama/agent","Test":"TestImportSkillsRejectsSymlinkedRoot"}
{"Time":"2026-09-20T21:59:48.969257+10:00","Action":"output","Package":"github.com/ollama/ollama/agent","Test":"TestImportSkillsRejectsSymlinkedRoot","Output":"=== RUN   TestImportSkillsRejectsSymlinkedRoot\n"}
{"Time":"2026-09-20T21:59:48.971264+10:00","Action":"output","Package":"github.com/ollama/ollama/agent","Test":"TestImportSkillsRejectsSymlinkedRoot","Output":"--- PASS: TestImportSkillsRejectsSymlinkedRoot (0.00s)\n"}
{"Time":"2026-09-20T21:59:48.971316+10:00","Action":"pass","Package":"github.com/ollama/ollama/agent","Test":"TestImportSkillsRejectsSymlinkedRoot","Elapsed":0}
{"Time":"2026-09-20T21:59:48.971339+10:00","Action":"run","Package":"github.com/ollama/ollama/agent","Test":"TestImportSkillsMissingRootAndConfiguredRoots"}
{"Time":"2026-09-20T21:59:48.971368+10:00","Action":"output","Package":"github.com/ollama/ollama/agent","Test":"TestImportSkillsMissingRootAndConfiguredRoots","Output":"=== RUN   TestImportSkillsMissingRootAndConfiguredRoots\n"}
{"Time":"2026-09-20T21:59:48.97202+10:00","Action":"run","Package":"github.com/ollama/ollama/agent","Test":"TestImportSkillsMissingRootAndConfiguredRoots/codex"}
{"Time":"2026-09-20T21:59:48.972066+10:00","Action":"output","Package":"github.com/ollama/ollama/agent","Test":"TestImportSkillsMissingRootAndConfiguredRoots/codex","Output":"=== RUN   TestImportSkillsMissingRootAndConfiguredRoots/codex\n"}
{"Time":"2026-09-20T21:59:48.974827+10:00","Action":"output","Package":"github.com/ollama/ollama/agent","Test":"TestImportSkillsMissingRootAndConfiguredRoots/codex","Output":"--- PASS: TestImportSkillsMissingRootAndConfiguredRoots/codex (0.00s)\n"}
{"Time":"2026-09-20T21:59:48.974872+10:00","Action":"pass","Package":"github.com/ollama/ollama/agent","Test":"TestImportSkillsMissingRootAndConfiguredRoots/codex","Elapsed":0}
{"Time":"2026-09-20T21:59:48.974889+10:00","Action":"run","Package":"github.com/ollama/ollama/agent","Test":"TestImportSkillsMissingRootAndConfiguredRoots/claude"}
{"Time":"2026-09-20T21:59:48.974908+10:00","Action":"output","Package":"github.com/ollama/ollama/agent","Test":"TestImportSkillsMissingRootAndConfiguredRoots/claude","Output":"=== RUN   TestImportSkillsMissingRootAndConfiguredRoots/claude\n"}
{"Time":"2026-09-20T21:59:48.980407+10:00","Action":"output","Package":"github.com/ollama/ollama/agent","Test":"TestImportSkillsMissingRootAndConfiguredRoots/claude","Output":"--- PASS: TestImportSkillsMissingRootAndConfiguredRoots/claude (0.01s)\n"}
{"Time":"2026-09-20T21:59:48.980459+10:00","Action":"pass","Package":"github.com/ollama/ollama/agent","Test":"TestImportSkillsMissingRootAndConfiguredRoots/claude","Elapsed":0.01}
{"Time":"2026-09-20T21:59:48.980477+10:00","Action":"run","Package":"github.com/ollama/ollama/agent","Test":"TestImportSkillsMissingRootAndConfiguredRoots/pi"}
{"Time":"2026-09-20T21:59:48.98049+10:00","Action":"output","Package":"github.com/ollama/ollama/agent","Test":"TestImportSkillsMissingRootAndConfiguredRoots/pi","Output":"=== RUN   TestImportSkillsMissingRootAndConfiguredRoots/pi\n"}
{"Time":"2026-09-20T21:59:48.986026+10:00","Action":"output","Package":"github.com/ollama/ollama/agent","Test":"TestImportSkillsMissingRootAndConfiguredRoots/pi","Output":"--- PASS: TestImportSkillsMissingRootAndConfiguredRoots/pi (0.01s)\n"}
{"Time":"2026-09-20T21:59:48.986105+10:00","Action":"pass","Package":"github.com/ollama/ollama/agent","Test":"TestImportSkillsMissingRootAndConfiguredRoots/pi","Elapsed":0.01}
{"Time":"2026-09-20T21:59:48.999835+10:00","Action":"output","Package":"github.com/ollama/ollama/agent","Test":"TestImportSkillsMissingRootAndConfiguredRoots","Output":"--- PASS: TestImportSkillsMissingRootAndConfiguredRoots (0.03s)\n"}
{"Time":"2026-09-20T21:59:48.999901+10:00","Action":"pass","Package":"github.com/ollama/ollama/agent","Test":"TestImportSkillsMissingRootAndConfiguredRoots","Elapsed":0.03}
{"Time":"2026-09-20T21:59:48.999918+10:00","Action":"run","Package":"github.com/ollama/ollama/agent","Test":"TestConventionalSkillImportRoots"}
{"Time":"2026-09-20T21:59:48.999944+10:00","Action":"output","Package":"github.com/ollama/ollama/agent","Test":"TestConventionalSkillImportRoots","Output":"=== RUN   TestConventionalSkillImportRoots\n"}
{"Time":"2026-09-20T21:59:49.003094+10:00","Action":"output","Package":"github.com/ollama/ollama/agent","Test":"TestConventionalSkillImportRoots","Output":"--- PASS: TestConventionalSkillImportRoots (0.00s)\n"}
{"Time":"2026-09-20T21:59:49.003151+10:00","Action":"pass","Package":"github.com/ollama/ollama/agent","Test":"TestConventionalSkillImportRoots","Elapsed":0}
{"Time":"2026-09-20T21:59:49.003175+10:00","Action":"run","Package":"github.com/ollama/ollama/agent","Test":"TestImportSkillsRejectsUnreadableManifest"}
{"Time":"2026-09-20T21:59:49.00319+10:00","Action":"output","Package":"github.com/ollama/ollama/agent","Test":"TestImportSkillsRejectsUnreadableManifest","Output":"=== RUN   TestImportSkillsRejectsUnreadableManifest\n"}
{"Time":"2026-09-20T21:59:49.010064+10:00","Action":"output","Package":"github.com/ollama/ollama/agent","Test":"TestImportSkillsRejectsUnreadableManifest","Output":"--- PASS: TestImportSkillsRejectsUnreadableManifest (0.01s)\n"}
{"Time":"2026-09-20T21:59:49.01015+10:00","Action":"pass","Package":"github.com/ollama/ollama/agent","Test":"TestImportSkillsRejectsUnreadableManifest","Elapsed":0.01}
{"Time":"2026-09-20T21:59:49.010186+10:00","Action":"output","Package":"github.com/ollama/ollama/agent","Output":"PASS\n"}
{"Time":"2026-09-20T21:59:49.010639+10:00","Action":"output","Package":"github.com/ollama/ollama/agent","Output":"ok  \tgithub.com/ollama/ollama/agent\t1.820s\n"}
{"Time":"2026-09-20T21:59:49.010738+10:00","Action":"pass","Package":"github.com/ollama/ollama/agent","Elapsed":1.821}
{"Time":"2026-09-20T21:59:49.808226+10:00","Action":"run","Package":"github.com/ollama/ollama/agent/tools","Test":"TestBashReportsFinalWorkingDir"}
{"Time":"2026-09-20T21:59:49.80833+10:00","Action":"output","Package":"github.com/ollama/ollama/agent/tools","Test":"TestBashReportsFinalWorkingDir","Output":"=== RUN   TestBashReportsFinalWorkingDir\n"}
{"Time":"2026-09-20T21:59:49.992403+10:00","Action":"output","Package":"github.com/ollama/ollama/agent/tools","Test":"TestBashReportsFinalWorkingDir","Output":"--- PASS: TestBashReportsFinalWorkingDir (0.18s)\n"}
{"Time":"2026-09-20T21:59:49.992491+10:00","Action":"pass","Package":"github.com/ollama/ollama/agent/tools","Test":"TestBashReportsFinalWorkingDir","Elapsed":0.18}
{"Time":"2026-09-20T21:59:49.992528+10:00","Action":"run","Package":"github.com/ollama/ollama/agent/tools","Test":"TestBashBoundsOutputWhileRunning"}
{"Time":"2026-09-20T21:59:49.992567+10:00","Action":"output","Package":"github.com/ollama/ollama/agent/tools","Test":"TestBashBoundsOutputWhileRunning","Output":"=== RUN   TestBashBoundsOutputWhileRunning\n"}
{"Time":"2026-09-20T21:59:50.259693+10:00","Action":"output","Package":"github.com/ollama/ollama/agent/tools","Test":"TestBashBoundsOutputWhileRunning","Output":"--- PASS: TestBashBoundsOutputWhileRunning (0.27s)\n"}
{"Time":"2026-09-20T21:59:50.259769+10:00","Action":"pass","Package":"github.com/ollama/ollama/agent/tools","Test":"TestBashBoundsOutputWhileRunning","Elapsed":0.27}
{"Time":"2026-09-20T21:59:50.259799+10:00","Action":"run","Package":"github.com/ollama/ollama/agent/tools","Test":"TestBoundedOutputTruncatesAtUTF8Boundary"}
{"Time":"2026-09-20T21:59:50.259848+10:00","Action":"output","Package":"github.com/ollama/ollama/agent/tools","Test":"TestBoundedOutputTruncatesAtUTF8Boundary","Output":"=== RUN   TestBoundedOutputTruncatesAtUTF8Boundary\n"}
{"Time":"2026-09-20T21:59:50.259884+10:00","Action":"output","Package":"github.com/ollama/ollama/agent/tools","Test":"TestBoundedOutputTruncatesAtUTF8Boundary","Output":"--- PASS: TestBoundedOutputTruncatesAtUTF8Boundary (0.00s)\n"}
{"Time":"2026-09-20T21:59:50.259909+10:00","Action":"pass","Package":"github.com/ollama/ollama/agent/tools","Test":"TestBoundedOutputTruncatesAtUTF8Boundary","Elapsed":0}
{"Time":"2026-09-20T21:59:50.259933+10:00","Action":"run","Package":"github.com/ollama/ollama/agent/tools","Test":"TestBoundedOutputKeepsCompleteUTF8AtBoundary"}
{"Time":"2026-09-20T21:59:50.259954+10:00","Action":"output","Package":"github.com/ollama/ollama/agent/tools","Test":"TestBoundedOutputKeepsCompleteUTF8AtBoundary","Output":"=== RUN   TestBoundedOutputKeepsCompleteUTF8AtBoundary\n"}
{"Time":"2026-09-20T21:59:50.25998+10:00","Action":"output","Package":"github.com/ollama/ollama/agent/tools","Test":"TestBoundedOutputKeepsCompleteUTF8AtBoundary","Output":"--- PASS: TestBoundedOutputKeepsCompleteUTF8AtBoundary (0.00s)\n"}
{"Time":"2026-09-20T21:59:50.260002+10:00","Action":"pass","Package":"github.com/ollama/ollama/agent/tools","Test":"TestBoundedOutputKeepsCompleteUTF8AtBoundary","Elapsed":0}
{"Time":"2026-09-20T21:59:50.260033+10:00","Action":"run","Package":"github.com/ollama/ollama/agent/tools","Test":"TestBoundedOutputTrimsTrailingPartialUTF8"}
{"Time":"2026-09-20T21:59:50.260057+10:00","Action":"output","Package":"github.com/ollama/ollama/agent/tools","Test":"TestBoundedOutputTrimsTrailingPartialUTF8","Output":"=== RUN   TestBoundedOutputTrimsTrailingPartialUTF8\n"}
{"Time":"2026-09-20T21:59:50.260079+10:00","Action":"output","Package":"github.com/ollama/ollama/agent/tools","Test":"TestBoundedOutputTrimsTrailingPartialUTF8","Output":"--- PASS: TestBoundedOutputTrimsTrailingPartialUTF8 (0.00s)\n"}
{"Time":"2026-09-20T21:59:50.260102+10:00","Action":"pass","Package":"github.com/ollama/ollama/agent/tools","Test":"TestBoundedOutputTrimsTrailingPartialUTF8","Elapsed":0}
{"Time":"2026-09-20T21:59:50.260123+10:00","Action":"run","Package":"github.com/ollama/ollama/agent/tools","Test":"TestUTF8SafePrefixRejectsMalformedLeadByte"}
{"Time":"2026-09-20T21:59:50.260145+10:00","Action":"output","Package":"github.com/ollama/ollama/agent/tools","Test":"TestUTF8SafePrefixRejectsMalformedLeadByte","Output":"=== RUN   TestUTF8SafePrefixRejectsMalformedLeadByte\n"}
{"Time":"2026-09-20T21:59:50.260167+10:00","Action":"output","Package":"github.com/ollama/ollama/agent/tools","Test":"TestUTF8SafePrefixRejectsMalformedLeadByte","Output":"--- PASS: TestUTF8SafePrefixRejectsMalformedLeadByte (0.00s)\n"}
{"Time":"2026-09-20T21:59:50.26019+10:00","Action":"pass","Package":"github.com/ollama/ollama/agent/tools","Test":"TestUTF8SafePrefixRejectsMalformedLeadByte","Elapsed":0}
{"Time":"2026-09-20T21:59:50.260211+10:00","Action":"run","Package":"github.com/ollama/ollama/agent/tools","Test":"TestBoundedOutputDropsMalformedUTF8"}
{"Time":"2026-09-20T21:59:50.260243+10:00","Action":"output","Package":"github.com/ollama/ollama/agent/tools","Test":"TestBoundedOutputDropsMalformedUTF8","Output":"=== RUN   TestBoundedOutputDropsMalformedUTF8\n"}
{"Time":"2026-09-20T21:59:50.260265+10:00","Action":"output","Package":"github.com/ollama/ollama/agent/tools","Test":"TestBoundedOutputDropsMalformedUTF8","Output":"--- PASS: TestBoundedOutputDropsMalformedUTF8 (0.00s)\n"}
{"Time":"2026-09-20T21:59:50.260287+10:00","Action":"pass","Package":"github.com/ollama/ollama/agent/tools","Test":"TestBoundedOutputDropsMalformedUTF8","Elapsed":0}
{"Time":"2026-09-20T21:59:50.260545+10:00","Action":"run","Package":"github.com/ollama/ollama/agent/tools","Test":"TestBashReportsCanceledCommand"}
{"Time":"2026-09-20T21:59:50.260617+10:00","Action":"output","Package":"github.com/ollama/ollama/agent/tools","Test":"TestBashReportsCanceledCommand","Output":"=== RUN   TestBashReportsCanceledCommand\n"}
{"Time":"2026-09-20T21:59:50.263541+10:00","Action":"output","Package":"github.com/ollama/ollama/agent/tools","Test":"TestBashReportsCanceledCommand","Output":"--- PASS: TestBashReportsCanceledCommand (0.00s)\n"}
{"Time":"2026-09-20T21:59:50.263624+10:00","Action":"pass","Package":"github.com/ollama/ollama/agent/tools","Test":"TestBashReportsCanceledCommand","Elapsed":0}
{"Time":"2026-09-20T21:59:50.263658+10:00","Action":"run","Package":"github.com/ollama/ollama/agent/tools","Test":"TestRejectUnsafeShellCommand"}
{"Time":"2026-09-20T21:59:50.263773+10:00","Action":"output","Package":"github.com/ollama/ollama/agent/tools","Test":"TestRejectUnsafeShellCommand","Output":"=== RUN   TestRejectUnsafeShellCommand\n"}
{"Time":"2026-09-20T21:59:50.264065+10:00","Action":"run","Package":"github.com/ollama/ollama/agent/tools","Test":"TestRejectUnsafeShellCommand/rm_root"}
{"Time":"2026-09-20T21:59:50.26416+10:00","Action":"output","Package":"github.com/ollama/ollama/agent/tools","Test":"TestRejectUnsafeShellCommand/rm_root","Output":"=== RUN   TestRejectUnsafeShellCommand/rm_root\n"}
{"Time":"2026-09-20T21:59:50.264318+10:00","Action":"output","Package":"github.com/ollama/ollama/agent/tools","Test":"TestRejectUnsafeShellCommand/rm_root","Output":"--- PASS: TestRejectUnsafeShellCommand/rm_root (0.00s)\n"}
{"Time":"2026-09-20T21:59:50.264352+10:00","Action":"pass","Package":"github.com/ollama/ollama/agent/tools","Test":"TestRejectUnsafeShellCommand/rm_root","Elapsed":0}
{"Time":"2026-09-20T21:59:50.26438+10:00","Action":"run","Package":"github.com/ollama/ollama/agent/tools","Test":"TestRejectUnsafeShellCommand/sudo_rm_root"}
{"Time":"2026-09-20T21:59:50.26445+10:00","Action":"output","Package":"github.com/ollama/ollama/agent/tools","Test":"TestRejectUnsafeShellCommand/sudo_rm_root","Output":"=== RUN   TestRejectUnsafeShellCommand/sudo_rm_root\n"}
{"Time":"2026-09-20T21:59:50.264492+10:00","Action":"output","Package":"github.com/ollama/ollama/agent/tools","Test":"TestRejectUnsafeShellCommand/sudo_rm_root","Output":"--- PASS: TestRejectUnsafeShellCommand/sudo_rm_root (0.00s)\n"}
{"Time":"2026-09-20T21:59:50.264507+10:00","Action":"pass","Package":"github.com/ollama/ollama/agent/tools","Test":"TestRejectUnsafeShellCommand/sudo_rm_root","Elapsed":0}
{"Time":"2026-09-20T21:59:50.264526+10:00","Action":"run","Package":"github.com/ollama/ollama/agent/tools","Test":"TestRejectUnsafeShellCommand/rm_home"}
{"Time":"2026-09-20T21:59:50.264538+10:00","Action":"output","Package":"github.com/ollama/ollama/agent/tools","Test":"TestRejectUnsafeShellCommand/rm_home","Output":"=== RUN   TestRejectUnsafeShellCommand/rm_home\n"}
{"Time":"2026-09-20T21:59:50.264551+10:00","Action":"output","Package":"github.com/ollama/ollama/agent/tools","Test":"TestRejectUnsafeShellCommand/rm_home","Output":"--- PASS: TestRejectUnsafeShellCommand/rm_home (0.00s)\n"}
{"Time":"2026-09-20T21:59:50.264563+10:00","Action":"pass","Package":"github.com/ollama/ollama/agent/tools","Test":"TestRejectUnsafeShellCommand/rm_home","Elapsed":0}
{"Time":"2026-09-20T21:59:50.264575+10:00","Action":"run","Package":"github.com/ollama/ollama/agent/tools","Test":"TestRejectUnsafeShellCommand/rm_root_wildcard"}
{"Time":"2026-09-20T21:59:50.264592+10:00","Action":"output","Package":"github.com/ollama/ollama/agent/tools","Test":"TestRejectUnsafeShellCommand/rm_root_wildcard","Output":"=== RUN   TestRejectUnsafeShellCommand/rm_root_wildcard\n"}
{"Time":"2026-09-20T21:59:50.264604+10:00","Action":"output","Package":"github.com/ollama/ollama/agent/tools","Test":"TestRejectUnsafeShellCommand/rm_root_wildcard","Output":"--- PASS: TestRejectUnsafeShellCommand/rm_root_wildcard (0.00s)\n"}
{"Time":"2026-09-20T21:59:50.264616+10:00","Action":"pass","Package":"github.com/ollama/ollama/agent/tools","Test":"TestRejectUnsafeShellCommand/rm_root_wildcard","Elapsed":0}
{"Time":"2026-09-20T21:59:50.264627+10:00","Action":"run","Package":"github.com/ollama/ollama/agent/tools","Test":"TestRejectUnsafeShellCommand/rm_system_subdir"}
{"Time":"2026-09-20T21:59:50.264638+10:00","Action":"output","Package":"github.com/ollama/ollama/agent/tools","Test":"TestRejectUnsafeShellCommand/rm_system_subdir","Output":"=== RUN   TestRejectUnsafeShellCommand/rm_system_subdir\n"}
{"Time":"2026-09-20T21:59:50.264681+10:00","Action":"output","Package":"github.com/ollama/ollama/agent/tools","Test":"TestRejectUnsafeShellCommand/rm_system_subdir","Output":"--- PASS: TestRejectUnsafeShellCommand/rm_system_subdir (0.00s)\n"}
{"Time":"2026-09-20T21:59:50.264696+10:00","Action":"pass","Package":"github.com/ollama/ollama/agent/tools","Test":"TestRejectUnsafeShellCommand/rm_system_subdir","Elapsed":0}
{"Time":"2026-09-20T21:59:50.26482+10:00","Action":"run","Package":"github.com/ollama/ollama/agent/tools","Test":"TestRejectUnsafeShellCommand/rm_cwd"}
{"Time":"2026-09-20T21:59:50.264862+10:00","Action":"output","Package":"github.com/ollama/ollama/agent/tools","Test":"TestRejectUnsafeShellCommand/rm_cwd","Output":"=== RUN   TestRejectUnsafeShellCommand/rm_cwd\n"}
{"Time":"2026-09-20T21:59:50.264894+10:00","Action":"output","Package":"github.com/ollama/ollama/agent/tools","Test":"TestRejectUnsafeShellCommand/rm_cwd","Output":"--- PASS: TestRejectUnsafeShellCommand/rm_cwd (0.00s)\n"}
{"Time":"2026-09-20T21:59:50.26491+10:00","Action":"pass","Package":"github.com/ollama/ollama/agent/tools","Test":"TestRejectUnsafeShellCommand/rm_cwd","Elapsed":0}
{"Time":"2026-09-20T21:59:50.264925+10:00","Action":"run","Package":"github.com/ollama/ollama/agent/tools","Test":"TestRejectUnsafeShellCommand/powershell_remove_root"}
{"Time":"2026-09-20T21:59:50.264961+10:00","Action":"output","Package":"github.com/ollama/ollama/agent/tools","Test":"TestRejectUnsafeShellCommand/powershell_remove_root","Output":"=== RUN   TestRejectUnsafeShellCommand/powershell_remove_root\n"}
{"Time":"2026-09-20T21:59:50.264976+10:00","Action":"output","Package":"github.com/ollama/ollama/agent/tools","Test":"TestRejectUnsafeShellCommand/powershell_remove_root","Output":"--- PASS: TestRejectUnsafeShellCommand/powershell_remove_root (0.00s)\n"}
{"Time":"2026-09-20T21:59:50.26499+10:00","Action":"pass","Package":"github.com/ollama/ollama/agent/tools","Test":"TestRejectUnsafeShellCommand/powershell_remove_root","Elapsed":0}
{"Time":"2026-09-20T21:59:50.265003+10:00","Action":"run","Package":"github.com/ollama/ollama/agent/tools","Test":"TestRejectUnsafeShellCommand/powershell_remove_system_subdir"}
{"Time":"2026-09-20T21:59:50.265017+10:00","Action":"output","Package":"github.com/ollama/ollama/agent/tools","Test":"TestRejectUnsafeShellCommand/powershell_remove_system_subdir","Output":"=== RUN   TestRejectUnsafeShellCommand/powershell_remove_system_subdir\n"}
{"Time":"2026-09-20T21:59:50.265031+10:00","Action":"output","Package":"github.com/ollama/ollama/agent/tools","Test":"TestRejectUnsafeShellCommand/powershell_remove_system_subdir","Output":"--- PASS: TestRejectUnsafeShellCommand/powershell_remove_system_subdir (0.00s)\n"}
{"Time":"2026-09-20T21:59:50.265043+10:00","Action":"pass","Package":"github.com/ollama/ollama/agent/tools","Test":"TestRejectUnsafeShellCommand/powershell_remove_system_subdir","Elapsed":0}
{"Time":"2026-09-20T21:59:50.265055+10:00","Action":"run","Package":"github.com/ollama/ollama/agent/tools","Test":"TestRejectUnsafeShellCommand/ssh_private_key"}
{"Time":"2026-09-20T21:59:50.265067+10:00","Action":"output","Package":"github.com/ollama/ollama/agent/tools","Test":"TestRejectUnsafeShellCommand/ssh_private_key","Output":"=== RUN   TestRejectUnsafeShellCommand/ssh_private_key\n"}
{"Time":"2026-09-20T21:59:50.265079+10:00","Action":"output","Package":"github.com/ollama/ollama/agent/tools","Test":"TestRejectUnsafeShellCommand/ssh_private_key","Output":"--- PASS: TestRejectUnsafeShellCommand/ssh_private_key (0.00s)\n"}
{"Time":"2026-09-20T21:59:50.265102+10:00","Action":"pass","Package":"github.com/ollama/ollama/agent/tools","Test":"TestRejectUnsafeShellCommand/ssh_private_key","Elapsed":0}
{"Time":"2026-09-20T21:59:50.265124+10:00","Action":"run","Package":"github.com/ollama/ollama/agent/tools","Test":"TestRejectUnsafeShellCommand/aws_credentials"}
{"Time":"2026-09-20T21:59:50.265136+10:00","Action":"output","Package":"github.com/ollama/ollama/agent/tools","Test":"TestRejectUnsafeShellCommand/aws_credentials","Output":"=== RUN   TestRejectUnsafeShellCommand/aws_credentials\n"}
{"Time":"2026-09-20T21:59:50.265155+10:00","Action":"output","Package":"github.com/ollama/ollama/agent/tools","Test":"TestRejectUnsafeShellCommand/aws_credentials","Output":"--- PASS: TestRejectUnsafeShellCommand/aws_credentials (0.00s)\n"}
{"Time":"2026-09-20T21:59:50.265234+10:00","Action":"pass","Package":"github.com/ollama/ollama/agent/tools","Test":"TestRejectUnsafeShellCommand/aws_credentials","Elapsed":0}
{"Time":"2026-09-20T21:59:50.265261+10:00","Action":"run","Package":"github.com/ollama/ollama/agent/tools","Test":"TestRejectUnsafeShellCommand/shadow"}
{"Time":"2026-09-20T21:59:50.265275+10:00","Action":"output","Package":"github.com/ollama/ollama/agent/tools","Test":"TestRejectUnsafeShellCommand/shadow","Output":"=== RUN   TestRejectUnsafeShellCommand/shadow\n"}
{"Time":"2026-09-20T21:59:50.265288+10:00","Action":"output","Package":"github.com/ollama/ollama/agent/tools","Test":"TestRejectUnsafeShellCommand/shadow","Output":"--- PASS: TestRejectUnsafeShellCommand/shadow (0.00s)\n"}
{"Time":"2026-09-20T21:59:50.2653+10:00","Action":"pass","Package":"github.com/ollama/ollama/agent/tools","Test":"TestRejectUnsafeShellCommand/shadow","Elapsed":0}
{"Time":"2026-09-20T21:59:50.265369+10:00","Action":"run","Package":"github.com/ollama/ollama/agent/tools","Test":"TestRejectUnsafeShellCommand/netrc"}
{"Time":"2026-09-20T21:59:50.265383+10:00","Action":"output","Package":"github.com/ollama/ollama/agent/tools","Test":"TestRejectUnsafeShellCommand/netrc","Output":"=== RUN   TestRejectUnsafeShellCommand/netrc\n"}
{"Time":"2026-09-20T21:59:50.265395+10:00","Action":"output","Package":"github.com/ollama/ollama/agent/tools","Test":"TestRejectUnsafeShellCommand/netrc","Output":"--- PASS: TestRejectUnsafeShellCommand/netrc (0.00s)\n"}
{"Time":"2026-09-20T21:59:50.265411+10:00","Action":"pass","Package":"github.com/ollama/ollama/agent/tools","Test":"TestRejectUnsafeShellCommand/netrc","Elapsed":0}
{"Time":"2026-09-20T21:59:50.265431+10:00","Action":"run","Package":"github.com/ollama/ollama/agent/tools","Test":"TestRejectUnsafeShellCommand/docker_config"}
{"Time":"2026-09-20T21:59:50.265442+10:00","Action":"output","Package":"github.com/ollama/ollama/agent/tools","Test":"TestRejectUnsafeShellCommand/docker_config","Output":"=== RUN   TestRejectUnsafeShellCommand/docker_config\n"}
{"Time":"2026-09-20T21:59:50.265454+10:00","Action":"output","Package":"github.com/ollama/ollama/agent/tools","Test":"TestRejectUnsafeShellCommand/docker_config","Output":"--- PASS: TestRejectUnsafeShellCommand/docker_config (0.00s)\n"}
{"Time":"2026-09-20T21:59:50.265466+10:00","Action":"pass","Package":"github.com/ollama/ollama/agent/tools","Test":"TestRejectUnsafeShellCommand/docker_config","Elapsed":0}
{"Time":"2026-09-20T21:59:50.265478+10:00","Action":"run","Package":"github.com/ollama/ollama/agent/tools","Test":"TestRejectUnsafeShellCommand/gnupg_dir"}
{"Time":"2026-09-20T21:59:50.265488+10:00","Action":"output","Package":"github.com/ollama/ollama/agent/tools","Test":"TestRejectUnsafeShellCommand/gnupg_dir","Output":"=== RUN   TestRejectUnsafeShellCommand/gnupg_dir\n"}
{"Time":"2026-09-20T21:59:50.2655+10:00","Action":"output","Package":"github.com/ollama/ollama/agent/tools","Test":"TestRejectUnsafeShellCommand/gnupg_dir","Output":"--- PASS: TestRejectUnsafeShellCommand/gnupg_dir (0.00s)\n"}
{"Time":"2026-09-20T21:59:50.265512+10:00","Action":"pass","Package":"github.com/ollama/ollama/agent/tools","Test":"TestRejectUnsafeShellCommand/gnupg_dir","Elapsed":0}
{"Time":"2026-09-20T21:59:50.265523+10:00","Action":"run","Package":"github.com/ollama/ollama/agent/tools","Test":"TestRejectUnsafeShellCommand/gh_hosts"}
{"Time":"2026-09-20T21:59:50.265533+10:00","Action":"output","Package":"github.com/ollama/ollama/agent/tools","Test":"TestRejectUnsafeShellCommand/gh_hosts","Output":"=== RUN   TestRejectUnsafeShellCommand/gh_hosts\n"}
{"Time":"2026-09-20T21:59:50.265545+10:00","Action":"output","Package":"github.com/ollama/ollama/agent/tools","Test":"TestRejectUnsafeShellCommand/gh_hosts","Output":"--- PASS: TestRejectUnsafeShellCommand/gh_hosts (0.00s)\n"}
{"Time":"2026-09-20T21:59:50.265557+10:00","Action":"pass","Package":"github.com/ollama/ollama/agent/tools","Test":"TestRejectUnsafeShellCommand/gh_hosts","Elapsed":0}
{"Time":"2026-09-20T21:59:50.265568+10:00","Action":"run","Package":"github.com/ollama/ollama/agent/tools","Test":"TestRejectUnsafeShellCommand/ssh_config"}
{"Time":"2026-09-20T21:59:50.26558+10:00","Action":"output","Package":"github.com/ollama/ollama/agent/tools","Test":"TestRejectUnsafeShellCommand/ssh_config","Output":"=== RUN   TestRejectUnsafeShellCommand/ssh_config\n"}
{"Time":"2026-09-20T21:59:50.265592+10:00","Action":"output","Package":"github.com/ollama/ollama/agent/tools","Test":"TestRejectUnsafeShellCommand/ssh_config","Output":"--- PASS: TestRejectUnsafeShellCommand/ssh_config (0.00s)\n"}
{"Time":"2026-09-20T21:59:50.265603+10:00","Action":"pass","Package":"github.com/ollama/ollama/agent/tools","Test":"TestRejectUnsafeShellCommand/ssh_config","Elapsed":0}
{"Time":"2026-09-20T21:59:50.265614+10:00","Action":"run","Package":"github.com/ollama/ollama/agent/tools","Test":"TestRejectUnsafeShellCommand/printenv_dump"}
{"Time":"2026-09-20T21:59:50.265625+10:00","Action":"output","Package":"github.com/ollama/ollama/agent/tools","Test":"TestRejectUnsafeShellCommand/printenv_dump","Output":"=== RUN   TestRejectUnsafeShellCommand/printenv_dump\n"}
{"Time":"2026-09-20T21:59:50.265637+10:00","Action":"output","Package":"github.com/ollama/ollama/agent/tools","Test":"TestRejectUnsafeShellCommand/printenv_dump","Output":"--- PASS: TestRejectUnsafeShellCommand/printenv_dump (0.00s)\n"}
{"Time":"2026-09-20T21:59:50.265648+10:00","Action":"pass","Package":"github.com/ollama/ollama/agent/tools","Test":"TestRejectUnsafeShellCommand/printenv_dump","Elapsed":0}
{"Time":"2026-09-20T21:59:50.265664+10:00","Action":"run","Package":"github.com/ollama/ollama/agent/tools","Test":"TestRejectUnsafeShellCommand/delete_build_dir"}
{"Time":"2026-09-20T21:59:50.265676+10:00","Action":"output","Package":"github.com/ollama/ollama/agent/tools","Test":"TestRejectUnsafeShellCommand/delete_build_dir","Output":"=== RUN   TestRejectUnsafeShellCommand/delete_build_dir\n"}
{"Time":"2026-09-20T21:59:50.265689+10:00","Action":"output","Package":"github.com/ollama/ollama/agent/tools","Test":"TestRejectUnsafeShellCommand/delete_build_dir","Output":"--- PASS: TestRejectUnsafeShellCommand/delete_build_dir (0.00s)\n"}
{"Time":"2026-09-20T21:59:50.2657+10:00","Action":"pass","Package":"github.com/ollama/ollama/agent/tools","Test":"TestRejectUnsafeShellCommand/delete_build_dir","Elapsed":0}
{"Time":"2026-09-20T21:59:50.265711+10:00","Action":"run","Package":"github.com/ollama/ollama/agent/tools","Test":"TestRejectUnsafeShellCommand/read_project_file"}
{"Time":"2026-09-20T21:59:50.265722+10:00","Action":"output","Package":"github.com/ollama/ollama/agent/tools","Test":"TestRejectUnsafeShellCommand/read_project_file","Output":"=== RUN   TestRejectUnsafeShellCommand/read_project_file\n"}
{"Time":"2026-09-20T21:59:50.265762+10:00","Action":"output","Package":"github.com/ollama/ollama/agent/tools","Test":"TestRejectUnsafeShellCommand/read_project_file","Output":"--- PASS: TestRejectUnsafeShellCommand/read_project_file (0.00s)\n"}
{"Time":"2026-09-20T21:59:50.265783+10:00","Action":"pass","Package":"github.com/ollama/ollama/agent/tools","Test":"TestRejectUnsafeShellCommand/read_project_file","Elapsed":0}
{"Time":"2026-09-20T21:59:50.265801+10:00","Action":"run","Package":"github.com/ollama/ollama/agent/tools","Test":"TestRejectUnsafeShellCommand/mention_key_text"}
{"Time":"2026-09-20T21:59:50.265814+10:00","Action":"output","Package":"github.com/ollama/ollama/agent/tools","Test":"TestRejectUnsafeShellCommand/mention_key_text","Output":"=== RUN   TestRejectUnsafeShellCommand/mention_key_text\n"}
{"Time":"2026-09-20T21:59:50.265829+10:00","Action":"output","Package":"github.com/ollama/ollama/agent/tools","Test":"TestRejectUnsafeShellCommand/mention_key_text","Output":"--- PASS: TestRejectUnsafeShellCommand/mention_key_text (0.00s)\n"}
{"Time":"2026-09-20T21:59:50.265878+10:00","Action":"pass","Package":"github.com/ollama/ollama/agent/tools","Test":"TestRejectUnsafeShellCommand/mention_key_text","Elapsed":0}
{"Time":"2026-09-20T21:59:50.265997+10:00","Action":"run","Package":"github.com/ollama/ollama/agent/tools","Test":"TestRejectUnsafeShellCommand/env_example"}
{"Time":"2026-09-20T21:59:50.266009+10:00","Action":"output","Package":"github.com/ollama/ollama/agent/tools","Test":"TestRejectUnsafeShellCommand/env_example","Output":"=== RUN   TestRejectUnsafeShellCommand/env_example\n"}
{"Time":"2026-09-20T21:59:50.266059+10:00","Action":"output","Package":"github.com/ollama/ollama/agent/tools","Test":"TestRejectUnsafeShellCommand/env_example","Output":"--- PASS: TestRejectUnsafeShellCommand/env_example (0.00s)\n"}
{"Time":"2026-09-20T21:59:50.266072+10:00","Action":"pass","Package":"github.com/ollama/ollama/agent/tools","Test":"TestRejectUnsafeShellCommand/env_example","Elapsed":0}
{"Time":"2026-09-20T21:59:50.266085+10:00","Action":"run","Package":"github.com/ollama/ollama/agent/tools","Test":"TestRejectUnsafeShellCommand/rm_build_then_unrelated_tilde_path"}
{"Time":"2026-09-20T21:59:50.266096+10:00","Action":"output","Package":"github.com/ollama/ollama/agent/tools","Test":"TestRejectUnsafeShellCommand/rm_build_then_unrelated_tilde_path","Output":"=== RUN   TestRejectUnsafeShellCommand/rm_build_then_unrelated_tilde_path\n"}
{"Time":"2026-09-20T21:59:50.266113+10:00","Action":"output","Package":"github.com/ollama/ollama/agent/tools","Test":"TestRejectUnsafeShellCommand/rm_build_then_unrelated_tilde_path","Output":"--- PASS: TestRejectUnsafeShellCommand/rm_build_then_unrelated_tilde_path (0.00s)\n"}
{"Time":"2026-09-20T21:59:50.266125+10:00","Action":"pass","Package":"github.com/ollama/ollama/agent/tools","Test":"TestRejectUnsafeShellCommand/rm_build_then_unrelated_tilde_path","Elapsed":0}
{"Time":"2026-09-20T21:59:50.266137+10:00","Action":"run","Package":"github.com/ollama/ollama/agent/tools","Test":"TestRejectUnsafeShellCommand/rm_build_then_unrelated_slash_path"}
{"Time":"2026-09-20T21:59:50.266148+10:00","Action":"output","Package":"github.com/ollama/ollama/agent/tools","Test":"TestRejectUnsafeShellCommand/rm_build_then_unrelated_slash_path","Output":"=== RUN   TestRejectUnsafeShellCommand/rm_build_then_unrelated_slash_path\n"}
{"Time":"2026-09-20T21:59:50.26616+10:00","Action":"output","Package":"github.com/ollama/ollama/agent/tools","Test":"TestRejectUnsafeShellCommand/rm_build_then_unrelated_slash_path","Output":"--- PASS: TestRejectUnsafeShellCommand/rm_build_then_unrelated_slash_path (0.00s)\n"}
{"Time":"2026-09-20T21:59:50.26618+10:00","Action":"pass","Package":"github.com/ollama/ollama/agent/tools","Test":"TestRejectUnsafeShellCommand/rm_build_then_unrelated_slash_path","Elapsed":0}
{"Time":"2026-09-20T21:59:50.266195+10:00","Action":"run","Package":"github.com/ollama/ollama/agent/tools","Test":"TestRejectUnsafeShellCommand/rm_build_then_unrelated_star_glob"}
{"Time":"2026-09-20T21:59:50.266206+10:00","Action":"output","Package":"github.com/ollama/ollama/agent/tools","Test":"TestRejectUnsafeShellCommand/rm_build_then_unrelated_star_glob","Output":"=== RUN   TestRejectUnsafeShellCommand/rm_build_then_unrelated_star_glob\n"}
{"Time":"2026-09-20T21:59:50.266218+10:00","Action":"output","Package":"github.com/ollama/ollama/agent/tools","Test":"TestRejectUnsafeShellCommand/rm_build_then_unrelated_star_glob","Output":"--- PASS: TestRejectUnsafeShellCommand/rm_build_then_unrelated_star_glob (0.00s)\n"}
{"Time":"2026-09-20T21:59:50.26623+10:00","Action":"pass","Package":"github.com/ollama/ollama/agent/tools","Test":"TestRejectUnsafeShellCommand/rm_build_then_unrelated_star_glob","Elapsed":0}
{"Time":"2026-09-20T21:59:50.266241+10:00","Action":"run","Package":"github.com/ollama/ollama/agent/tools","Test":"TestRejectUnsafeShellCommand/rm_multiple_targets_one_unsafe"}
{"Time":"2026-09-20T21:59:50.266252+10:00","Action":"output","Package":"github.com/ollama/ollama/agent/tools","Test":"TestRejectUnsafeShellCommand/rm_multiple_targets_one_unsafe","Output":"=== RUN   TestRejectUnsafeShellCommand/rm_multiple_targets_one_unsafe\n"}
{"Time":"2026-09-20T21:59:50.266265+10:00","Action":"output","Package":"github.com/ollama/ollama/agent/tools","Test":"TestRejectUnsafeShellCommand/rm_multiple_targets_one_unsafe","Output":"--- PASS: TestRejectUnsafeShellCommand/rm_multiple_targets_one_unsafe (0.00s)\n"}
{"Time":"2026-09-20T21:59:50.266301+10:00","Action":"pass","Package":"github.com/ollama/ollama/agent/tools","Test":"TestRejectUnsafeShellCommand/rm_multiple_targets_one_unsafe","Elapsed":0}
{"Time":"2026-09-20T21:59:50.266328+10:00","Action":"run","Package":"github.com/ollama/ollama/agent/tools","Test":"TestRejectUnsafeShellCommand/rm_unsafe_then_safe_piped"}
{"Time":"2026-09-20T21:59:50.266346+10:00","Action":"output","Package":"github.com/ollama/ollama/agent/tools","Test":"TestRejectUnsafeShellCommand/rm_unsafe_then_safe_piped","Output":"=== RUN   TestRejectUnsafeShellCommand/rm_unsafe_then_safe_piped\n"}
{"Time":"2026-09-20T21:59:50.26636+10:00","Action":"output","Package":"github.com/ollama/ollama/agent/tools","Test":"TestRejectUnsafeShellCommand/rm_unsafe_then_safe_piped","Output":"--- PASS: TestRejectUnsafeShellCommand/rm_unsafe_then_safe_piped (0.00s)\n"}
{"Time":"2026-09-20T21:59:50.266372+10:00","Action":"pass","Package":"github.com/ollama/ollama/agent/tools","Test":"TestRejectUnsafeShellCommand/rm_unsafe_then_safe_piped","Elapsed":0}
{"Time":"2026-09-20T21:59:50.266394+10:00","Action":"run","Package":"github.com/ollama/ollama/agent/tools","Test":"TestRejectUnsafeShellCommand/rm_unsafe_via_command_substitution"}
{"Time":"2026-09-20T21:59:50.266406+10:00","Action":"output","Package":"github.com/ollama/ollama/agent/tools","Test":"TestRejectUnsafeShellCommand/rm_unsafe_via_command_substitution","Output":"=== RUN   TestRejectUnsafeShellCommand/rm_unsafe_via_command_substitution\n"}
{"Time":"2026-09-20T21:59:50.266419+10:00","Action":"output","Package":"github.com/ollama/ollama/agent/tools","Test":"TestRejectUnsafeShellCommand/rm_unsafe_via_command_substitution","Output":"--- PASS: TestRejectUnsafeShellCommand/rm_unsafe_via_command_substitution (0.00s)\n"}
{"Time":"2026-09-20T21:59:50.266431+10:00","Action":"pass","Package":"github.com/ollama/ollama/agent/tools","Test":"TestRejectUnsafeShellCommand/rm_unsafe_via_command_substitution","Elapsed":0}
{"Time":"2026-09-20T21:59:50.266444+10:00","Action":"output","Package":"github.com/ollama/ollama/agent/tools","Test":"TestRejectUnsafeShellCommand","Output":"--- PASS: TestRejectUnsafeShellCommand (0.00s)\n"}
{"Time":"2026-09-20T21:59:50.266456+10:00","Action":"pass","Package":"github.com/ollama/ollama/agent/tools","Test":"TestRejectUnsafeShellCommand","Elapsed":0}
{"Time":"2026-09-20T21:59:50.266473+10:00","Action":"run","Package":"github.com/ollama/ollama/agent/tools","Test":"TestBashRejectsUnsafeCommandBeforeExecution"}
{"Time":"2026-09-20T21:59:50.266485+10:00","Action":"output","Package":"github.com/ollama/ollama/agent/tools","Test":"TestBashRejectsUnsafeCommandBeforeExecution","Output":"=== RUN   TestBashRejectsUnsafeCommandBeforeExecution\n"}
{"Time":"2026-09-20T21:59:50.266508+10:00","Action":"output","Package":"github.com/ollama/ollama/agent/tools","Test":"TestBashRejectsUnsafeCommandBeforeExecution","Output":"--- PASS: TestBashRejectsUnsafeCommandBeforeExecution (0.00s)\n"}
{"Time":"2026-09-20T21:59:50.26652+10:00","Action":"pass","Package":"github.com/ollama/ollama/agent/tools","Test":"TestBashRejectsUnsafeCommandBeforeExecution","Elapsed":0}
{"Time":"2026-09-20T21:59:50.266542+10:00","Action":"run","Package":"github.com/ollama/ollama/agent/tools","Test":"TestReadFinalWorkingDirRejectsInvalidPaths"}
{"Time":"2026-09-20T21:59:50.266553+10:00","Action":"output","Package":"github.com/ollama/ollama/agent/tools","Test":"TestReadFinalWorkingDirRejectsInvalidPaths","Output":"=== RUN   TestReadFinalWorkingDirRejectsInvalidPaths\n"}
{"Time":"2026-09-20T21:59:50.269697+10:00","Action":"output","Package":"github.com/ollama/ollama/agent/tools","Test":"TestReadFinalWorkingDirRejectsInvalidPaths","Output":"--- PASS: TestReadFinalWorkingDirRejectsInvalidPaths (0.00s)\n"}
{"Time":"2026-09-20T21:59:50.269761+10:00","Action":"pass","Package":"github.com/ollama/ollama/agent/tools","Test":"TestReadFinalWorkingDirRejectsInvalidPaths","Elapsed":0}
{"Time":"2026-09-20T21:59:50.269776+10:00","Action":"run","Package":"github.com/ollama/ollama/agent/tools","Test":"TestNormalizeBashWorkingDirWindowsDriveLetter"}
{"Time":"2026-09-20T21:59:50.269803+10:00","Action":"output","Package":"github.com/ollama/ollama/agent/tools","Test":"TestNormalizeBashWorkingDirWindowsDriveLetter","Output":"=== RUN   TestNormalizeBashWorkingDirWindowsDriveLetter\n"}
{"Time":"2026-09-20T21:59:50.269817+10:00","Action":"output","Package":"github.com/ollama/ollama/agent/tools","Test":"TestNormalizeBashWorkingDirWindowsDriveLetter","Output":"    bash_test.go:251: windows path normalization\n"}
{"Time":"2026-09-20T21:59:50.269837+10:00","Action":"output","Package":"github.com/ollama/ollama/agent/tools","Test":"TestNormalizeBashWorkingDirWindowsDriveLetter","Output":"--- SKIP: TestNormalizeBashWorkingDirWindowsDriveLetter (0.00s)\n"}
{"Time":"2026-09-20T21:59:50.26985+10:00","Action":"skip","Package":"github.com/ollama/ollama/agent/tools","Test":"TestNormalizeBashWorkingDirWindowsDriveLetter","Elapsed":0}
{"Time":"2026-09-20T21:59:50.269862+10:00","Action":"run","Package":"github.com/ollama/ollama/agent/tools","Test":"TestConfigureBashCommandSetsProcessGroup"}
{"Time":"2026-09-20T21:59:50.269873+10:00","Action":"output","Package":"github.com/ollama/ollama/agent/tools","Test":"TestConfigureBashCommandSetsProcessGroup","Output":"=== RUN   TestConfigureBashCommandSetsProcessGroup\n"}
{"Time":"2026-09-20T21:59:50.269931+10:00","Action":"output","Package":"github.com/ollama/ollama/agent/tools","Test":"TestConfigureBashCommandSetsProcessGroup","Output":"--- PASS: TestConfigureBashCommandSetsProcessGroup (0.00s)\n"}
{"Time":"2026-09-20T21:59:50.269949+10:00","Action":"pass","Package":"github.com/ollama/ollama/agent/tools","Test":"TestConfigureBashCommandSetsProcessGroup","Elapsed":0}
{"Time":"2026-09-20T21:59:50.270338+10:00","Action":"run","Package":"github.com/ollama/ollama/agent/tools","Test":"TestBashWaitDelayBoundsBackgroundOutputPipe"}
{"Time":"2026-09-20T21:59:50.27039+10:00","Action":"output","Package":"github.com/ollama/ollama/agent/tools","Test":"TestBashWaitDelayBoundsBackgroundOutputPipe","Output":"=== RUN   TestBashWaitDelayBoundsBackgroundOutputPipe\n"}
{"Time":"2026-09-20T21:59:51.298641+10:00","Action":"output","Package":"github.com/ollama/ollama/agent/tools","Test":"TestBashWaitDelayBoundsBackgroundOutputPipe","Output":"--- PASS: TestBashWaitDelayBoundsBackgroundOutputPipe (1.03s)\n"}
{"Time":"2026-09-20T21:59:51.298724+10:00","Action":"pass","Package":"github.com/ollama/ollama/agent/tools","Test":"TestBashWaitDelayBoundsBackgroundOutputPipe","Elapsed":1.03}
{"Time":"2026-09-20T21:59:51.298753+10:00","Action":"run","Package":"github.com/ollama/ollama/agent/tools","Test":"TestEditReplacesUniqueText"}
{"Time":"2026-09-20T21:59:51.298775+10:00","Action":"output","Package":"github.com/ollama/ollama/agent/tools","Test":"TestEditReplacesUniqueText","Output":"=== RUN   TestEditReplacesUniqueText\n"}
{"Time":"2026-09-20T21:59:51.318752+10:00","Action":"output","Package":"github.com/ollama/ollama/agent/tools","Test":"TestEditReplacesUniqueText","Output":"--- PASS: TestEditReplacesUniqueText (0.02s)\n"}
{"Time":"2026-09-20T21:59:51.318806+10:00","Action":"pass","Package":"github.com/ollama/ollama/agent/tools","Test":"TestEditReplacesUniqueText","Elapsed":0.02}
{"Time":"2026-09-20T21:59:51.318839+10:00","Action":"run","Package":"github.com/ollama/ollama/agent/tools","Test":"TestEditRequiresUniqueMatchByDefault"}
{"Time":"2026-09-20T21:59:51.318853+10:00","Action":"output","Package":"github.com/ollama/ollama/agent/tools","Test":"TestEditRequiresUniqueMatchByDefault","Output":"=== RUN   TestEditRequiresUniqueMatchByDefault\n"}
{"Time":"2026-09-20T21:59:51.32112+10:00","Action":"output","Package":"github.com/ollama/ollama/agent/tools","Test":"TestEditRequiresUniqueMatchByDefault","Output":"--- PASS: TestEditRequiresUniqueMatchByDefault (0.00s)\n"}
{"Time":"2026-09-20T21:59:51.321161+10:00","Action":"pass","Package":"github.com/ollama/ollama/agent/tools","Test":"TestEditRequiresUniqueMatchByDefault","Elapsed":0}
{"Time":"2026-09-20T21:59:51.321176+10:00","Action":"run","Package":"github.com/ollama/ollama/agent/tools","Test":"TestEditRejectsEscapingPath"}
{"Time":"2026-09-20T21:59:51.321202+10:00","Action":"output","Package":"github.com/ollama/ollama/agent/tools","Test":"TestEditRejectsEscapingPath","Output":"=== RUN   TestEditRejectsEscapingPath\n"}
{"Time":"2026-09-20T21:59:51.322042+10:00","Action":"output","Package":"github.com/ollama/ollama/agent/tools","Test":"TestEditRejectsEscapingPath","Output":"--- PASS: TestEditRejectsEscapingPath (0.00s)\n"}
{"Time":"2026-09-20T21:59:51.322082+10:00","Action":"pass","Package":"github.com/ollama/ollama/agent/tools","Test":"TestEditRejectsEscapingPath","Elapsed":0}
{"Time":"2026-09-20T21:59:51.32237+10:00","Action":"run","Package":"github.com/ollama/ollama/agent/tools","Test":"TestEditRejectsSymlinkEscape"}
{"Time":"2026-09-20T21:59:51.322409+10:00","Action":"output","Package":"github.com/ollama/ollama/agent/tools","Test":"TestEditRejectsSymlinkEscape","Output":"=== RUN   TestEditRejectsSymlinkEscape\n"}
{"Time":"2026-09-20T21:59:51.324449+10:00","Action":"output","Package":"github.com/ollama/ollama/agent/tools","Test":"TestEditRejectsSymlinkEscape","Output":"--- PASS: TestEditRejectsSymlinkEscape (0.00s)\n"}
{"Time":"2026-09-20T21:59:51.324497+10:00","Action":"pass","Package":"github.com/ollama/ollama/agent/tools","Test":"TestEditRejectsSymlinkEscape","Elapsed":0}
{"Time":"2026-09-20T21:59:51.324514+10:00","Action":"run","Package":"github.com/ollama/ollama/agent/tools","Test":"TestEditRejectsFinalSymlink"}
{"Time":"2026-09-20T21:59:51.324527+10:00","Action":"output","Package":"github.com/ollama/ollama/agent/tools","Test":"TestEditRejectsFinalSymlink","Output":"=== RUN   TestEditRejectsFinalSymlink\n"}
{"Time":"2026-09-20T21:59:51.326873+10:00","Action":"output","Package":"github.com/ollama/ollama/agent/tools","Test":"TestEditRejectsFinalSymlink","Output":"--- PASS: TestEditRejectsFinalSymlink (0.00s)\n"}
{"Time":"2026-09-20T21:59:51.326944+10:00","Action":"pass","Package":"github.com/ollama/ollama/agent/tools","Test":"TestEditRejectsFinalSymlink","Elapsed":0}
{"Time":"2026-09-20T21:59:51.326978+10:00","Action":"run","Package":"github.com/ollama/ollama/agent/tools","Test":"TestReadRejectsParentOutsideCurrentWorkingDir"}
{"Time":"2026-09-20T21:59:51.327007+10:00","Action":"output","Package":"github.com/ollama/ollama/agent/tools","Test":"TestReadRejectsParentOutsideCurrentWorkingDir","Output":"=== RUN   TestReadRejectsParentOutsideCurrentWorkingDir\n"}
{"Time":"2026-09-20T21:59:51.329582+10:00","Action":"output","Package":"github.com/ollama/ollama/agent/tools","Test":"TestReadRejectsParentOutsideCurrentWorkingDir","Output":"--- PASS: TestReadRejectsParentOutsideCurrentWorkingDir (0.00s)\n"}
{"Time":"2026-09-20T21:59:51.329625+10:00","Action":"pass","Package":"github.com/ollama/ollama/agent/tools","Test":"TestReadRejectsParentOutsideCurrentWorkingDir","Elapsed":0}
{"Time":"2026-09-20T21:59:51.329641+10:00","Action":"run","Package":"github.com/ollama/ollama/agent/tools","Test":"TestReadRequiresApproval"}
{"Time":"2026-09-20T21:59:51.329654+10:00","Action":"output","Package":"github.com/ollama/ollama/agent/tools","Test":"TestReadRequiresApproval","Output":"=== RUN   TestReadRequiresApproval\n"}
{"Time":"2026-09-20T21:59:51.329679+10:00","Action":"output","Package":"github.com/ollama/ollama/agent/tools","Test":"TestReadRequiresApproval","Output":"--- PASS: TestReadRequiresApproval (0.00s)\n"}
{"Time":"2026-09-20T21:59:51.329692+10:00","Action":"pass","Package":"github.com/ollama/ollama/agent/tools","Test":"TestReadRequiresApproval","Elapsed":0}
{"Time":"2026-09-20T21:59:51.329704+10:00","Action":"run","Package":"github.com/ollama/ollama/agent/tools","Test":"TestReadApprovalScopeIncludesPath"}
{"Time":"2026-09-20T21:59:51.329716+10:00","Action":"output","Package":"github.com/ollama/ollama/agent/tools","Test":"TestReadApprovalScopeIncludesPath","Output":"=== RUN   TestReadApprovalScopeIncludesPath\n"}
{"Time":"2026-09-20T21:59:51.329729+10:00","Action":"output","Package":"github.com/ollama/ollama/agent/tools","Test":"TestReadApprovalScopeIncludesPath","Output":"--- PASS: TestReadApprovalScopeIncludesPath (0.00s)\n"}
{"Time":"2026-09-20T21:59:51.329742+10:00","Action":"pass","Package":"github.com/ollama/ollama/agent/tools","Test":"TestReadApprovalScopeIncludesPath","Elapsed":0}
{"Time":"2026-09-20T21:59:51.329755+10:00","Action":"run","Package":"github.com/ollama/ollama/agent/tools","Test":"TestReadDefaultsToEntireFile"}
{"Time":"2026-09-20T21:59:51.329766+10:00","Action":"output","Package":"github.com/ollama/ollama/agent/tools","Test":"TestReadDefaultsToEntireFile","Output":"=== RUN   TestReadDefaultsToEntireFile\n"}
{"Time":"2026-09-20T21:59:51.332022+10:00","Action":"output","Package":"github.com/ollama/ollama/agent/tools","Test":"TestReadDefaultsToEntireFile","Output":"--- PASS: TestReadDefaultsToEntireFile (0.00s)\n"}
{"Time":"2026-09-20T21:59:51.332078+10:00","Action":"pass","Package":"github.com/ollama/ollama/agent/tools","Test":"TestReadDefaultsToEntireFile","Elapsed":0}
{"Time":"2026-09-20T21:59:51.332108+10:00","Action":"run","Package":"github.com/ollama/ollama/agent/tools","Test":"TestReadAllowsAbsolutePath"}
{"Time":"2026-09-20T21:59:51.33215+10:00","Action":"output","Package":"github.com/ollama/ollama/agent/tools","Test":"TestReadAllowsAbsolutePath","Output":"=== RUN   TestReadAllowsAbsolutePath\n"}
{"Time":"2026-09-20T21:59:51.334482+10:00","Action":"output","Package":"github.com/ollama/ollama/agent/tools","Test":"TestReadAllowsAbsolutePath","Output":"--- PASS: TestReadAllowsAbsolutePath (0.00s)\n"}
{"Time":"2026-09-20T21:59:51.334522+10:00","Action":"pass","Package":"github.com/ollama/ollama/agent/tools","Test":"TestReadAllowsAbsolutePath","Elapsed":0}
{"Time":"2026-09-20T21:59:51.334538+10:00","Action":"run","Package":"github.com/ollama/ollama/agent/tools","Test":"TestReadRejectsAbsoluteSymlink"}
{"Time":"2026-09-20T21:59:51.334551+10:00","Action":"output","Package":"github.com/ollama/ollama/agent/tools","Test":"TestReadRejectsAbsoluteSymlink","Output":"=== RUN   TestReadRejectsAbsoluteSymlink\n"}
{"Time":"2026-09-20T21:59:51.33732+10:00","Action":"output","Package":"github.com/ollama/ollama/agent/tools","Test":"TestReadRejectsAbsoluteSymlink","Output":"--- PASS: TestReadRejectsAbsoluteSymlink (0.00s)\n"}
{"Time":"2026-09-20T21:59:51.337368+10:00","Action":"pass","Package":"github.com/ollama/ollama/agent/tools","Test":"TestReadRejectsAbsoluteSymlink","Elapsed":0}
{"Time":"2026-09-20T21:59:51.337406+10:00","Action":"run","Package":"github.com/ollama/ollama/agent/tools","Test":"TestReadStartEnd"}
{"Time":"2026-09-20T21:59:51.33742+10:00","Action":"output","Package":"github.com/ollama/ollama/agent/tools","Test":"TestReadStartEnd","Output":"=== RUN   TestReadStartEnd\n"}
{"Time":"2026-09-20T21:59:51.338941+10:00","Action":"output","Package":"github.com/ollama/ollama/agent/tools","Test":"TestReadStartEnd","Output":"--- PASS: TestReadStartEnd (0.00s)\n"}
{"Time":"2026-09-20T21:59:51.338984+10:00","Action":"pass","Package":"github.com/ollama/ollama/agent/tools","Test":"TestReadStartEnd","Elapsed":0}
{"Time":"2026-09-20T21:59:51.338999+10:00","Action":"run","Package":"github.com/ollama/ollama/agent/tools","Test":"TestReadStartOnly"}
{"Time":"2026-09-20T21:59:51.339011+10:00","Action":"output","Package":"github.com/ollama/ollama/agent/tools","Test":"TestReadStartOnly","Output":"=== RUN   TestReadStartOnly\n"}
{"Time":"2026-09-20T21:59:51.341227+10:00","Action":"output","Package":"github.com/ollama/ollama/agent/tools","Test":"TestReadStartOnly","Output":"--- PASS: TestReadStartOnly (0.00s)\n"}
{"Time":"2026-09-20T21:59:51.341267+10:00","Action":"pass","Package":"github.com/ollama/ollama/agent/tools","Test":"TestReadStartOnly","Elapsed":0}
{"Time":"2026-09-20T21:59:51.341283+10:00","Action":"run","Package":"github.com/ollama/ollama/agent/tools","Test":"TestReadEndOnly"}
{"Time":"2026-09-20T21:59:51.341296+10:00","Action":"output","Package":"github.com/ollama/ollama/agent/tools","Test":"TestReadEndOnly","Output":"=== RUN   TestReadEndOnly\n"}
{"Time":"2026-09-20T21:59:51.342894+10:00","Action":"output","Package":"github.com/ollama/ollama/agent/tools","Test":"TestReadEndOnly","Output":"--- PASS: TestReadEndOnly (0.00s)\n"}
{"Time":"2026-09-20T21:59:51.34297+10:00","Action":"pass","Package":"github.com/ollama/ollama/agent/tools","Test":"TestReadEndOnly","Elapsed":0}
{"Time":"2026-09-20T21:59:51.343009+10:00","Action":"run","Package":"github.com/ollama/ollama/agent/tools","Test":"TestReadSelectionRejectsHugeSingleLine"}
{"Time":"2026-09-20T21:59:51.343048+10:00","Action":"output","Package":"github.com/ollama/ollama/agent/tools","Test":"TestReadSelectionRejectsHugeSingleLine","Output":"=== RUN   TestReadSelectionRejectsHugeSingleLine\n"}
{"Time":"2026-09-20T21:59:51.346517+10:00","Action":"output","Package":"github.com/ollama/ollama/agent/tools","Test":"TestReadSelectionRejectsHugeSingleLine","Output":"--- PASS: TestReadSelectionRejectsHugeSingleLine (0.00s)\n"}
{"Time":"2026-09-20T21:59:51.346555+10:00","Action":"pass","Package":"github.com/ollama/ollama/agent/tools","Test":"TestReadSelectionRejectsHugeSingleLine","Elapsed":0}
{"Time":"2026-09-20T21:59:51.346571+10:00","Action":"run","Package":"github.com/ollama/ollama/agent/tools","Test":"TestReadAllWithinLimitRejectsGrowingRead"}
{"Time":"2026-09-20T21:59:51.346593+10:00","Action":"output","Package":"github.com/ollama/ollama/agent/tools","Test":"TestReadAllWithinLimitRejectsGrowingRead","Output":"=== RUN   TestReadAllWithinLimitRejectsGrowingRead\n"}
{"Time":"2026-09-20T21:59:51.346711+10:00","Action":"output","Package":"github.com/ollama/ollama/agent/tools","Test":"TestReadAllWithinLimitRejectsGrowingRead","Output":"--- PASS: TestReadAllWithinLimitRejectsGrowingRead (0.00s)\n"}
{"Time":"2026-09-20T21:59:51.346866+10:00","Action":"pass","Package":"github.com/ollama/ollama/agent/tools","Test":"TestReadAllWithinLimitRejectsGrowingRead","Elapsed":0}
{"Time":"2026-09-20T21:59:51.346898+10:00","Action":"run","Package":"github.com/ollama/ollama/agent/tools","Test":"TestReadRejectsInvalidRange"}
{"Time":"2026-09-20T21:59:51.346911+10:00","Action":"output","Package":"github.com/ollama/ollama/agent/tools","Test":"TestReadRejectsInvalidRange","Output":"=== RUN   TestReadRejectsInvalidRange\n"}
{"Time":"2026-09-20T21:59:51.357429+10:00","Action":"output","Package":"github.com/ollama/ollama/agent/tools","Test":"TestReadRejectsInvalidRange","Output":"--- PASS: TestReadRejectsInvalidRange (0.01s)\n"}
{"Time":"2026-09-20T21:59:51.357484+10:00","Action":"pass","Package":"github.com/ollama/ollama/agent/tools","Test":"TestReadRejectsInvalidRange","Elapsed":0.01}
{"Time":"2026-09-20T21:59:51.357503+10:00","Action":"run","Package":"github.com/ollama/ollama/agent/tools","Test":"TestOpenRegularFileRejectsFIFO"}
{"Time":"2026-09-20T21:59:51.357516+10:00","Action":"output","Package":"github.com/ollama/ollama/agent/tools","Test":"TestOpenRegularFileRejectsFIFO","Output":"=== RUN   TestOpenRegularFileRejectsFIFO\n"}
{"Time":"2026-09-20T21:59:51.358851+10:00","Action":"output","Package":"github.com/ollama/ollama/agent/tools","Test":"TestOpenRegularFileRejectsFIFO","Output":"--- PASS: TestOpenRegularFileRejectsFIFO (0.00s)\n"}
{"Time":"2026-09-20T21:59:51.358925+10:00","Action":"pass","Package":"github.com/ollama/ollama/agent/tools","Test":"TestOpenRegularFileRejectsFIFO","Elapsed":0}
{"Time":"2026-09-20T21:59:51.358958+10:00","Action":"run","Package":"github.com/ollama/ollama/agent/tools","Test":"TestEditPreservesModeDespiteUmask"}
{"Time":"2026-09-20T21:59:51.358987+10:00","Action":"output","Package":"github.com/ollama/ollama/agent/tools","Test":"TestEditPreservesModeDespiteUmask","Output":"=== RUN   TestEditPreservesModeDespiteUmask\n"}
{"Time":"2026-09-20T21:59:51.374899+10:00","Action":"output","Package":"github.com/ollama/ollama/agent/tools","Test":"TestEditPreservesModeDespiteUmask","Output":"--- PASS: TestEditPreservesModeDespiteUmask (0.02s)\n"}
{"Time":"2026-09-20T21:59:51.374966+10:00","Action":"pass","Package":"github.com/ollama/ollama/agent/tools","Test":"TestEditPreservesModeDespiteUmask","Elapsed":0.02}
{"Time":"2026-09-20T21:59:51.374987+10:00","Action":"run","Package":"github.com/ollama/ollama/agent/tools","Test":"TestReadRejectsSymlinkEscapingWorkingDir"}
{"Time":"2026-09-20T21:59:51.375002+10:00","Action":"output","Package":"github.com/ollama/ollama/agent/tools","Test":"TestReadRejectsSymlinkEscapingWorkingDir","Output":"=== RUN   TestReadRejectsSymlinkEscapingWorkingDir\n"}
{"Time":"2026-09-20T21:59:51.380122+10:00","Action":"output","Package":"github.com/ollama/ollama/agent/tools","Test":"TestReadRejectsSymlinkEscapingWorkingDir","Output":"--- PASS: TestReadRejectsSymlinkEscapingWorkingDir (0.01s)\n"}
{"Time":"2026-09-20T21:59:51.380167+10:00","Action":"pass","Package":"github.com/ollama/ollama/agent/tools","Test":"TestReadRejectsSymlinkEscapingWorkingDir","Elapsed":0.01}
{"Time":"2026-09-20T21:59:51.380186+10:00","Action":"run","Package":"github.com/ollama/ollama/agent/tools","Test":"TestReadRejectsSymlinkInsideWorkingDirToOutside"}
{"Time":"2026-09-20T21:59:51.38028+10:00","Action":"output","Package":"github.com/ollama/ollama/agent/tools","Test":"TestReadRejectsSymlinkInsideWorkingDirToOutside","Output":"=== RUN   TestReadRejectsSymlinkInsideWorkingDirToOutside\n"}
{"Time":"2026-09-20T21:59:51.38559+10:00","Action":"output","Package":"github.com/ollama/ollama/agent/tools","Test":"TestReadRejectsSymlinkInsideWorkingDirToOutside","Output":"--- PASS: TestReadRejectsSymlinkInsideWorkingDirToOutside (0.01s)\n"}
{"Time":"2026-09-20T21:59:51.385632+10:00","Action":"pass","Package":"github.com/ollama/ollama/agent/tools","Test":"TestReadRejectsSymlinkInsideWorkingDirToOutside","Elapsed":0.01}
{"Time":"2026-09-20T21:59:51.385649+10:00","Action":"run","Package":"github.com/ollama/ollama/agent/tools","Test":"TestMCPToolReachesAServerThroughTheAgentHarness"}
{"Time":"2026-09-20T21:59:51.385663+10:00","Action":"output","Package":"github.com/ollama/ollama/agent/tools","Test":"TestMCPToolReachesAServerThroughTheAgentHarness","Output":"=== RUN   TestMCPToolReachesAServerThroughTheAgentHarness\n"}
{"Time":"2026-09-20T21:59:51.886209+10:00","Action":"start","Package":"github.com/ollama/ollama/cmd/tui/chat"}
{"Time":"2026-09-20T21:59:51.886756+10:00","Action":"start","Package":"github.com/ollama/ollama/app/store"}
{"Time":"2026-09-20T21:59:51.887124+10:00","Action":"start","Package":"github.com/ollama/ollama/app/ui"}
{"Time":"2026-09-20T21:59:51.887658+10:00","Action":"start","Package":"github.com/ollama/ollama/app/tools"}
{"Time":"2026-09-20T21:59:52.594834+10:00","Action":"run","Package":"github.com/ollama/ollama/cmd/tui/chat","Test":"TestChatApprovalApprovesOnce"}
{"Time":"2026-09-20T21:59:52.595106+10:00","Action":"output","Package":"github.com/ollama/ollama/cmd/tui/chat","Test":"TestChatApprovalApprovesOnce","Output":"=== RUN   TestChatApprovalApprovesOnce\n"}
{"Time":"2026-09-20T21:59:52.595439+10:00","Action":"output","Package":"github.com/ollama/ollama/cmd/tui/chat","Test":"TestChatApprovalApprovesOnce","Output":"--- PASS: TestChatApprovalApprovesOnce (0.00s)\n"}
{"Time":"2026-09-20T21:59:52.59551+10:00","Action":"pass","Package":"github.com/ollama/ollama/cmd/tui/chat","Test":"TestChatApprovalApprovesOnce","Elapsed":0}
{"Time":"2026-09-20T21:59:52.595531+10:00","Action":"run","Package":"github.com/ollama/ollama/cmd/tui/chat","Test":"TestChatApprovalAllowsTool"}
{"Time":"2026-09-20T21:59:52.595554+10:00","Action":"output","Package":"github.com/ollama/ollama/cmd/tui/chat","Test":"TestChatApprovalAllowsTool","Output":"=== RUN   TestChatApprovalAllowsTool\n"}
{"Time":"2026-09-20T21:59:52.595567+10:00","Action":"output","Package":"github.com/ollama/ollama/cmd/tui/chat","Test":"TestChatApprovalAllowsTool","Output":"--- PASS: TestChatApprovalAllowsTool (0.00s)\n"}
{"Time":"2026-09-20T21:59:52.59558+10:00","Action":"pass","Package":"github.com/ollama/ollama/cmd/tui/chat","Test":"TestChatApprovalAllowsTool","Elapsed":0}
{"Time":"2026-09-20T21:59:52.595592+10:00","Action":"run","Package":"github.com/ollama/ollama/cmd/tui/chat","Test":"TestChatApprovalLabelsSecondChoiceAsPerTool"}
{"Time":"2026-09-20T21:59:52.595614+10:00","Action":"output","Package":"github.com/ollama/ollama/cmd/tui/chat","Test":"TestChatApprovalLabelsSecondChoiceAsPerTool","Output":"=== RUN   TestChatApprovalLabelsSecondChoiceAsPerTool\n"}
{"Time":"2026-09-20T21:59:52.595633+10:00","Action":"output","Package":"github.com/ollama/ollama/cmd/tui/chat","Test":"TestChatApprovalLabelsSecondChoiceAsPerTool","Output":"--- PASS: TestChatApprovalLabelsSecondChoiceAsPerTool (0.00s)\n"}
{"Time":"2026-09-20T21:59:52.595646+10:00","Action":"pass","Package":"github.com/ollama/ollama/cmd/tui/chat","Test":"TestChatApprovalLabelsSecondChoiceAsPerTool","Elapsed":0}
{"Time":"2026-09-20T21:59:52.595658+10:00","Action":"run","Package":"github.com/ollama/ollama/cmd/tui/chat","Test":"TestChatApprovalLabelsShellChoiceAsCommandScoped"}
{"Time":"2026-09-20T21:59:52.595669+10:00","Action":"output","Package":"github.com/ollama/ollama/cmd/tui/chat","Test":"TestChatApprovalLabelsShellChoiceAsCommandScoped","Output":"=== RUN   TestChatApprovalLabelsShellChoiceAsCommandScoped\n"}
{"Time":"2026-09-20T21:59:52.595689+10:00","Action":"output","Package":"github.com/ollama/ollama/cmd/tui/chat","Test":"TestChatApprovalLabelsShellChoiceAsCommandScoped","Output":"--- PASS: TestChatApprovalLabelsShellChoiceAsCommandScoped (0.00s)\n"}
{"Time":"2026-09-20T21:59:52.595702+10:00","Action":"pass","Package":"github.com/ollama/ollama/cmd/tui/chat","Test":"TestChatApprovalLabelsShellChoiceAsCommandScoped","Elapsed":0}
{"Time":"2026-09-20T21:59:52.595732+10:00","Action":"run","Package":"github.com/ollama/ollama/cmd/tui/chat","Test":"TestChatApprovalUsesShellNameForPermissionPrompt"}
{"Time":"2026-09-20T21:59:52.595744+10:00","Action":"output","Package":"github.com/ollama/ollama/cmd/tui/chat","Test":"TestChatApprovalUsesShellNameForPermissionPrompt","Output":"=== RUN   TestChatApprovalUsesShellNameForPermissionPrompt\n"}
{"Time":"2026-09-20T21:59:52.595801+10:00","Action":"output","Package":"github.com/ollama/ollama/cmd/tui/chat","Test":"TestChatApprovalUsesShellNameForPermissionPrompt","Output":"--- PASS: TestChatApprovalUsesShellNameForPermissionPrompt (0.00s)\n"}
{"Time":"2026-09-20T21:59:52.595818+10:00","Action":"pass","Package":"github.com/ollama/ollama/cmd/tui/chat","Test":"TestChatApprovalUsesShellNameForPermissionPrompt","Elapsed":0}
{"Time":"2026-09-20T21:59:52.59583+10:00","Action":"run","Package":"github.com/ollama/ollama/cmd/tui/chat","Test":"TestChatApprovalRendersSkillLoad"}
{"Time":"2026-09-20T21:59:52.595849+10:00","Action":"output","Package":"github.com/ollama/ollama/cmd/tui/chat","Test":"TestChatApprovalRendersSkillLoad","Output":"=== RUN   TestChatApprovalRendersSkillLoad\n"}
{"Time":"2026-09-20T21:59:52.596112+10:00","Action":"output","Package":"github.com/ollama/ollama/cmd/tui/chat","Test":"TestChatApprovalRendersSkillLoad","Output":"--- PASS: TestChatApprovalRendersSkillLoad (0.00s)\n"}
{"Time":"2026-09-20T21:59:52.596166+10:00","Action":"pass","Package":"github.com/ollama/ollama/cmd/tui/chat","Test":"TestChatApprovalRendersSkillLoad","Elapsed":0}
{"Time":"2026-09-20T21:59:52.596184+10:00","Action":"run","Package":"github.com/ollama/ollama/cmd/tui/chat","Test":"TestChatApprovalPromptOmitsDuplicateBatchDetails"}
{"Time":"2026-09-20T21:59:52.596199+10:00","Action":"output","Package":"github.com/ollama/ollama/cmd/tui/chat","Test":"TestChatApprovalPromptOmitsDuplicateBatchDetails","Output":"=== RUN   TestChatApprovalPromptOmitsDuplicateBatchDetails\n"}
{"Time":"2026-09-20T21:59:52.596214+10:00","Action":"output","Package":"github.com/ollama/ollama/cmd/tui/chat","Test":"TestChatApprovalPromptOmitsDuplicateBatchDetails","Output":"--- PASS: TestChatApprovalPromptOmitsDuplicateBatchDetails (0.00s)\n"}
{"Time":"2026-09-20T21:59:52.596236+10:00","Action":"pass","Package":"github.com/ollama/ollama/cmd/tui/chat","Test":"TestChatApprovalPromptOmitsDuplicateBatchDetails","Elapsed":0}
{"Time":"2026-09-20T21:59:52.596251+10:00","Action":"run","Package":"github.com/ollama/ollama/cmd/tui/chat","Test":"TestChatApprovalKeepsQueuedBatchCallsVisible"}
{"Time":"2026-09-20T21:59:52.596265+10:00","Action":"output","Package":"github.com/ollama/ollama/cmd/tui/chat","Test":"TestChatApprovalKeepsQueuedBatchCallsVisible","Output":"=== RUN   TestChatApprovalKeepsQueuedBatchCallsVisible\n"}
{"Time":"2026-09-20T21:59:52.596606+10:00","Action":"output","Package":"github.com/ollama/ollama/cmd/tui/chat","Test":"TestChatApprovalKeepsQueuedBatchCallsVisible","Output":"--- PASS: TestChatApprovalKeepsQueuedBatchCallsVisible (0.00s)\n"}
{"Time":"2026-09-20T21:59:52.596676+10:00","Action":"pass","Package":"github.com/ollama/ollama/cmd/tui/chat","Test":"TestChatApprovalKeepsQueuedBatchCallsVisible","Elapsed":0}
{"Time":"2026-09-20T21:59:52.596694+10:00","Action":"run","Package":"github.com/ollama/ollama/cmd/tui/chat","Test":"TestChatApprovalPromptRepaintsFlowTranscript"}
{"Time":"2026-09-20T21:59:52.596709+10:00","Action":"output","Package":"github.com/ollama/ollama/cmd/tui/chat","Test":"TestChatApprovalPromptRepaintsFlowTranscript","Output":"=== RUN   TestChatApprovalPromptRepaintsFlowTranscript\n"}
{"Time":"2026-09-20T21:59:52.596837+10:00","Action":"output","Package":"github.com/ollama/ollama/cmd/tui/chat","Test":"TestChatApprovalPromptRepaintsFlowTranscript","Output":"--- PASS: TestChatApprovalPromptRepaintsFlowTranscript (0.00s)\n"}
{"Time":"2026-09-20T21:59:52.596864+10:00","Action":"pass","Package":"github.com/ollama/ollama/cmd/tui/chat","Test":"TestChatApprovalPromptRepaintsFlowTranscript","Elapsed":0}
{"Time":"2026-09-20T21:59:52.59688+10:00","Action":"run","Package":"github.com/ollama/ollama/cmd/tui/chat","Test":"TestChatApprovalResolutionRepaintsFlowTranscript"}
{"Time":"2026-09-20T21:59:52.596894+10:00","Action":"output","Package":"github.com/ollama/ollama/cmd/tui/chat","Test":"TestChatApprovalResolutionRepaintsFlowTranscript","Output":"=== RUN   TestChatApprovalResolutionRepaintsFlowTranscript\n"}
{"Time":"2026-09-20T21:59:52.596968+10:00","Action":"output","Package":"github.com/ollama/ollama/cmd/tui/chat","Test":"TestChatApprovalResolutionRepaintsFlowTranscript","Output":"--- PASS: TestChatApprovalResolutionRepaintsFlowTranscript (0.00s)\n"}
{"Time":"2026-09-20T21:59:52.596995+10:00","Action":"pass","Package":"github.com/ollama/ollama/cmd/tui/chat","Test":"TestChatApprovalResolutionRepaintsFlowTranscript","Elapsed":0}
{"Time":"2026-09-20T21:59:52.597012+10:00","Action":"run","Package":"github.com/ollama/ollama/cmd/tui/chat","Test":"TestChatApprovalBatchCollapsesAtNextToolBoundary"}
{"Time":"2026-09-20T21:59:52.597027+10:00","Action":"output","Package":"github.com/ollama/ollama/cmd/tui/chat","Test":"TestChatApprovalBatchCollapsesAtNextToolBoundary","Output":"=== RUN   TestChatApprovalBatchCollapsesAtNextToolBoundary\n"}
{"Time":"2026-09-20T21:59:52.597096+10:00","Action":"output","Package":"github.com/ollama/ollama/cmd/tui/chat","Test":"TestChatApprovalBatchCollapsesAtNextToolBoundary","Output":"--- PASS: TestChatApprovalBatchCollapsesAtNextToolBoundary (0.00s)\n"}
{"Time":"2026-09-20T21:59:52.597131+10:00","Action":"pass","Package":"github.com/ollama/ollama/cmd/tui/chat","Test":"TestChatApprovalBatchCollapsesAtNextToolBoundary","Elapsed":0}
{"Time":"2026-09-20T21:59:52.597147+10:00","Action":"run","Package":"github.com/ollama/ollama/cmd/tui/chat","Test":"TestChatApprovalPrompterCancels"}
{"Time":"2026-09-20T21:59:52.597161+10:00","Action":"output","Package":"github.com/ollama/ollama/cmd/tui/chat","Test":"TestChatApprovalPrompterCancels","Output":"=== RUN   TestChatApprovalPrompterCancels\n"}
{"Time":"2026-09-20T21:59:52.597177+10:00","Action":"output","Package":"github.com/ollama/ollama/cmd/tui/chat","Test":"TestChatApprovalPrompterCancels","Output":"--- PASS: TestChatApprovalPrompterCancels (0.00s)\n"}
{"Time":"2026-09-20T21:59:52.597191+10:00","Action":"pass","Package":"github.com/ollama/ollama/cmd/tui/chat","Test":"TestChatApprovalPrompterCancels","Elapsed":0}
{"Time":"2026-09-20T21:59:52.597213+10:00","Action":"run","Package":"github.com/ollama/ollama/cmd/tui/chat","Test":"TestChatApprovalControllerAutoApprovesAfterFullAccessToggle"}
{"Time":"2026-09-20T21:59:52.597227+10:00","Action":"output","Package":"github.com/ollama/ollama/cmd/tui/chat","Test":"TestChatApprovalControllerAutoApprovesAfterFullAccessToggle","Output":"=== RUN   TestChatApprovalControllerAutoApprovesAfterFullAccessToggle\n"}
{"Time":"2026-09-20T21:59:52.597242+10:00","Action":"output","Package":"github.com/ollama/ollama/cmd/tui/chat","Test":"TestChatApprovalControllerAutoApprovesAfterFullAccessToggle","Output":"--- PASS: TestChatApprovalControllerAutoApprovesAfterFullAccessToggle (0.00s)\n"}
{"Time":"2026-09-20T21:59:52.597256+10:00","Action":"pass","Package":"github.com/ollama/ollama/cmd/tui/chat","Test":"TestChatApprovalControllerAutoApprovesAfterFullAccessToggle","Elapsed":0}
{"Time":"2026-09-20T21:59:52.597269+10:00","Action":"run","Package":"github.com/ollama/ollama/cmd/tui/chat","Test":"TestChatPermissionToggleSyncsRunningApprovalController"}
{"Time":"2026-09-20T21:59:52.597282+10:00","Action":"output","Package":"github.com/ollama/ollama/cmd/tui/chat","Test":"TestChatPermissionToggleSyncsRunningApprovalController","Output":"=== RUN   TestChatPermissionToggleSyncsRunningApprovalController\n"}
{"Time":"2026-09-20T21:59:52.597297+10:00","Action":"output","Package":"github.com/ollama/ollama/cmd/tui/chat","Test":"TestChatPermissionToggleSyncsRunningApprovalController","Output":"--- PASS: TestChatPermissionToggleSyncsRunningApprovalController (0.00s)\n"}
{"Time":"2026-09-20T21:59:52.597317+10:00","Action":"pass","Package":"github.com/ollama/ollama/cmd/tui/chat","Test":"TestChatPermissionToggleSyncsRunningApprovalController","Elapsed":0}
{"Time":"2026-09-20T21:59:52.597335+10:00","Action":"run","Package":"github.com/ollama/ollama/cmd/tui/chat","Test":"TestChatPermissionToggleFromFullAccessRequiresReviewInRunningController"}
{"Time":"2026-09-20T21:59:52.597354+10:00","Action":"output","Package":"github.com/ollama/ollama/cmd/tui/chat","Test":"TestChatPermissionToggleFromFullAccessRequiresReviewInRunningController","Output":"=== RUN   TestChatPermissionToggleFromFullAccessRequiresReviewInRunningController\n"}
{"Time":"2026-09-20T21:59:52.597381+10:00","Action":"output","Package":"github.com/ollama/ollama/cmd/tui/chat","Test":"TestChatPermissionToggleFromFullAccessRequiresReviewInRunningController","Output":"--- PASS: TestChatPermissionToggleFromFullAccessRequiresReviewInRunningController (0.00s)\n"}
{"Time":"2026-09-20T21:59:52.597402+10:00","Action":"pass","Package":"github.com/ollama/ollama/cmd/tui/chat","Test":"TestChatPermissionToggleFromFullAccessRequiresReviewInRunningController","Elapsed":0}
{"Time":"2026-09-20T21:59:52.597415+10:00","Action":"run","Package":"github.com/ollama/ollama/cmd/tui/chat","Test":"TestChatApprovalPromptSkippedWhenFullAccessEnabledInFlight"}
{"Time":"2026-09-20T21:59:52.59744+10:00","Action":"output","Package":"github.com/ollama/ollama/cmd/tui/chat","Test":"TestChatApprovalPromptSkippedWhenFullAccessEnabledInFlight","Output":"=== RUN   TestChatApprovalPromptSkippedWhenFullAccessEnabledInFlight\n"}
{"Time":"2026-09-20T21:59:52.597455+10:00","Action":"output","Package":"github.com/ollama/ollama/cmd/tui/chat","Test":"TestChatApprovalPromptSkippedWhenFullAccessEnabledInFlight","Output":"--- PASS: TestChatApprovalPromptSkippedWhenFullAccessEnabledInFlight (0.00s)\n"}
{"Time":"2026-09-20T21:59:52.597495+10:00","Action":"pass","Package":"github.com/ollama/ollama/cmd/tui/chat","Test":"TestChatApprovalPromptSkippedWhenFullAccessEnabledInFlight","Elapsed":0}
{"Time":"2026-09-20T21:59:52.597732+10:00","Action":"run","Package":"github.com/ollama/ollama/cmd/tui/chat","Test":"TestCloudAuthTickDoesNotPoll"}
{"Time":"2026-09-20T21:59:52.597746+10:00","Action":"output","Package":"github.com/ollama/ollama/cmd/tui/chat","Test":"TestCloudAuthTickDoesNotPoll","Output":"=== RUN   TestCloudAuthTickDoesNotPoll\n"}
{"Time":"2026-09-20T21:59:52.800023+10:00","Action":"output","Package":"github.com/ollama/ollama/cmd/tui/chat","Test":"TestCloudAuthTickDoesNotPoll","Output":"--- PASS: TestCloudAuthTickDoesNotPoll (0.20s)\n"}
{"Time":"2026-09-20T21:59:52.800138+10:00","Action":"pass","Package":"github.com/ollama/ollama/cmd/tui/chat","Test":"TestCloudAuthTickDoesNotPoll","Elapsed":0.2}
{"Time":"2026-09-20T21:59:52.800174+10:00","Action":"run","Package":"github.com/ollama/ollama/cmd/tui/chat","Test":"TestCloudAuthPollSchedulesNextPoll"}
{"Time":"2026-09-20T21:59:52.800192+10:00","Action":"output","Package":"github.com/ollama/ollama/cmd/tui/chat","Test":"TestCloudAuthPollSchedulesNextPoll","Output":"=== RUN   TestCloudAuthPollSchedulesNextPoll\n"}
{"Time":"2026-09-20T21:59:52.80021+10:00","Action":"output","Package":"github.com/ollama/ollama/cmd/tui/chat","Test":"TestCloudAuthPollSchedulesNextPoll","Output":"--- PASS: TestCloudAuthPollSchedulesNextPoll (0.00s)\n"}
{"Time":"2026-09-20T21:59:52.800247+10:00","Action":"pass","Package":"github.com/ollama/ollama/cmd/tui/chat","Test":"TestCloudAuthPollSchedulesNextPoll","Elapsed":0}
{"Time":"2026-09-20T21:59:52.800264+10:00","Action":"run","Package":"github.com/ollama/ollama/cmd/tui/chat","Test":"TestCloudModelPreflightFailureShowsPlanVerificationNotice"}
{"Time":"2026-09-20T21:59:52.800279+10:00","Action":"output","Package":"github.com/ollama/ollama/cmd/tui/chat","Test":"TestCloudModelPreflightFailureShowsPlanVerificationNotice","Output":"=== RUN   TestCloudModelPreflightFailureShowsPlanVerificationNotice\n"}
{"Time":"2026-09-20T21:59:52.800295+10:00","Action":"output","Package":"github.com/ollama/ollama/cmd/tui/chat","Test":"TestCloudModelPreflightFailureShowsPlanVerificationNotice","Output":"--- PASS: TestCloudModelPreflightFailureShowsPlanVerificationNotice (0.00s)\n"}
{"Time":"2026-09-20T21:59:52.800329+10:00","Action":"pass","Package":"github.com/ollama/ollama/cmd/tui/chat","Test":"TestCloudModelPreflightFailureShowsPlanVerificationNotice","Elapsed":0}
{"Time":"2026-09-20T21:59:52.800345+10:00","Action":"run","Package":"github.com/ollama/ollama/cmd/tui/chat","Test":"TestCloudModelPreflightIgnoresStaleModel"}
{"Time":"2026-09-20T21:59:52.800663+10:00","Action":"output","Package":"github.com/ollama/ollama/cmd/tui/chat","Test":"TestCloudModelPreflightIgnoresStaleModel","Output":"=== RUN   TestCloudModelPreflightIgnoresStaleModel\n"}
{"Time":"2026-09-20T21:59:52.800772+10:00","Action":"output","Package":"github.com/ollama/ollama/cmd/tui/chat","Test":"TestCloudModelPreflightIgnoresStaleModel","Output":"--- PASS: TestCloudModelPreflightIgnoresStaleModel (0.00s)\n"}
{"Time":"2026-09-20T21:59:52.800804+10:00","Action":"pass","Package":"github.com/ollama/ollama/cmd/tui/chat","Test":"TestCloudModelPreflightIgnoresStaleModel","Elapsed":0}
{"Time":"2026-09-20T21:59:52.800822+10:00","Action":"run","Package":"github.com/ollama/ollama/cmd/tui/chat","Test":"TestCloudModelPreflightCommandChecksCloudModel"}
{"Time":"2026-09-20T21:59:52.800837+10:00","Action":"output","Package":"github.com/ollama/ollama/cmd/tui/chat","Test":"TestCloudModelPreflightCommandChecksCloudModel","Output":"=== RUN   TestCloudModelPreflightCommandChecksCloudModel\n"}
{"Time":"2026-09-20T21:59:52.800852+10:00","Action":"output","Package":"github.com/ollama/ollama/cmd/tui/chat","Test":"TestCloudModelPreflightCommandChecksCloudModel","Output":"--- PASS: TestCloudModelPreflightCommandChecksCloudModel (0.00s)\n"}
{"Time":"2026-09-20T21:59:52.800867+10:00","Action":"pass","Package":"github.com/ollama/ollama/cmd/tui/chat","Test":"TestCloudModelPreflightCommandChecksCloudModel","Elapsed":0}
{"Time":"2026-09-20T21:59:52.800889+10:00","Action":"run","Package":"github.com/ollama/ollama/cmd/tui/chat","Test":"TestCloudAuthPollGivesUpAfterConsecutiveFailures"}
{"Time":"2026-09-20T21:59:52.800902+10:00","Action":"output","Package":"github.com/ollama/ollama/cmd/tui/chat","Test":"TestCloudAuthPollGivesUpAfterConsecutiveFailures","Output":"=== RUN   TestCloudAuthPollGivesUpAfterConsecutiveFailures\n"}
{"Time":"2026-09-20T21:59:52.800931+10:00","Action":"output","Package":"github.com/ollama/ollama/cmd/tui/chat","Test":"TestCloudAuthPollGivesUpAfterConsecutiveFailures","Output":"--- PASS: TestCloudAuthPollGivesUpAfterConsecutiveFailures (0.00s)\n"}
{"Time":"2026-09-20T21:59:52.800967+10:00","Action":"pass","Package":"github.com/ollama/ollama/cmd/tui/chat","Test":"TestCloudAuthPollGivesUpAfterConsecutiveFailures","Elapsed":0}
{"Time":"2026-09-20T21:59:52.801003+10:00","Action":"run","Package":"github.com/ollama/ollama/cmd/tui/chat","Test":"TestCloudAuthPollResetsFailuresOnHealthyResponse"}
{"Time":"2026-09-20T21:59:52.801022+10:00","Action":"output","Package":"github.com/ollama/ollama/cmd/tui/chat","Test":"TestCloudAuthPollResetsFailuresOnHealthyResponse","Output":"=== RUN   TestCloudAuthPollResetsFailuresOnHealthyResponse\n"}
{"Time":"2026-09-20T21:59:52.801039+10:00","Action":"output","Package":"github.com/ollama/ollama/cmd/tui/chat","Test":"TestCloudAuthPollResetsFailuresOnHealthyResponse","Output":"--- PASS: TestCloudAuthPollResetsFailuresOnHealthyResponse (0.00s)\n"}
{"Time":"2026-09-20T21:59:52.801056+10:00","Action":"pass","Package":"github.com/ollama/ollama/cmd/tui/chat","Test":"TestCloudAuthPollResetsFailuresOnHealthyResponse","Elapsed":0}
{"Time":"2026-09-20T21:59:52.801071+10:00","Action":"run","Package":"github.com/ollama/ollama/cmd/tui/chat","Test":"TestCloudAuthPollCompletesAfterFailures"}
{"Time":"2026-09-20T21:59:52.801085+10:00","Action":"output","Package":"github.com/ollama/ollama/cmd/tui/chat","Test":"TestCloudAuthPollCompletesAfterFailures","Output":"=== RUN   TestCloudAuthPollCompletesAfterFailures\n"}
{"Time":"2026-09-20T21:59:52.8011+10:00","Action":"output","Package":"github.com/ollama/ollama/cmd/tui/chat","Test":"TestCloudAuthPollCompletesAfterFailures","Output":"--- PASS: TestCloudAuthPollCompletesAfterFailures (0.00s)\n"}
{"Time":"2026-09-20T21:59:52.801114+10:00","Action":"pass","Package":"github.com/ollama/ollama/cmd/tui/chat","Test":"TestCloudAuthPollCompletesAfterFailures","Elapsed":0}
{"Time":"2026-09-20T21:59:52.801127+10:00","Action":"run","Package":"github.com/ollama/ollama/cmd/tui/chat","Test":"TestApplyAgentEventStreamsAssistantContent"}
{"Time":"2026-09-20T21:59:52.801141+10:00","Action":"output","Package":"github.com/ollama/ollama/cmd/tui/chat","Test":"TestApplyAgentEventStreamsAssistantContent","Output":"=== RUN   TestApplyAgentEventStreamsAssistantContent\n"}
{"Time":"2026-09-20T21:59:52.801163+10:00","Action":"output","Package":"github.com/ollama/ollama/cmd/tui/chat","Test":"TestApplyAgentEventStreamsAssistantContent","Output":"--- PASS: TestApplyAgentEventStreamsAssistantContent (0.00s)\n"}
{"Time":"2026-09-20T21:59:52.801177+10:00","Action":"pass","Package":"github.com/ollama/ollama/cmd/tui/chat","Test":"TestApplyAgentEventStreamsAssistantContent","Elapsed":0}
{"Time":"2026-09-20T21:59:52.80119+10:00","Action":"run","Package":"github.com/ollama/ollama/cmd/tui/chat","Test":"TestApplyAgentEventTracksToolLifecycle"}
{"Time":"2026-09-20T21:59:52.801203+10:00","Action":"output","Package":"github.com/ollama/ollama/cmd/tui/chat","Test":"TestApplyAgentEventTracksToolLifecycle","Output":"=== RUN   TestApplyAgentEventTracksToolLifecycle\n"}
{"Time":"2026-09-20T21:59:52.801266+10:00","Action":"output","Package":"github.com/ollama/ollama/cmd/tui/chat","Test":"TestApplyAgentEventTracksToolLifecycle","Output":"--- PASS: TestApplyAgentEventTracksToolLifecycle (0.00s)\n"}
{"Time":"2026-09-20T21:59:52.801295+10:00","Action":"pass","Package":"github.com/ollama/ollama/cmd/tui/chat","Test":"TestApplyAgentEventTracksToolLifecycle","Elapsed":0}
{"Time":"2026-09-20T21:59:52.80131+10:00","Action":"run","Package":"github.com/ollama/ollama/cmd/tui/chat","Test":"TestApplyAgentEventRendersDeniedCommandAsDenied"}
{"Time":"2026-09-20T21:59:52.801324+10:00","Action":"output","Package":"github.com/ollama/ollama/cmd/tui/chat","Test":"TestApplyAgentEventRendersDeniedCommandAsDenied","Output":"=== RUN   TestApplyAgentEventRendersDeniedCommandAsDenied\n"}
{"Time":"2026-09-20T21:59:52.801338+10:00","Action":"output","Package":"github.com/ollama/ollama/cmd/tui/chat","Test":"TestApplyAgentEventRendersDeniedCommandAsDenied","Output":"--- PASS: TestApplyAgentEventRendersDeniedCommandAsDenied (0.00s)\n"}
{"Time":"2026-09-20T21:59:52.801352+10:00","Action":"pass","Package":"github.com/ollama/ollama/cmd/tui/chat","Test":"TestApplyAgentEventRendersDeniedCommandAsDenied","Elapsed":0}
{"Time":"2026-09-20T21:59:52.801407+10:00","Action":"run","Package":"github.com/ollama/ollama/cmd/tui/chat","Test":"TestApplyAgentEventShowsWorkingWhileAwaitingCloudToolStart"}
{"Time":"2026-09-20T21:59:52.801434+10:00","Action":"output","Package":"github.com/ollama/ollama/cmd/tui/chat","Test":"TestApplyAgentEventShowsWorkingWhileAwaitingCloudToolStart","Output":"=== RUN   TestApplyAgentEventShowsWorkingWhileAwaitingCloudToolStart\n"}
{"Time":"2026-09-20T21:59:52.801454+10:00","Action":"output","Package":"github.com/ollama/ollama/cmd/tui/chat","Test":"TestApplyAgentEventShowsWorkingWhileAwaitingCloudToolStart","Output":"--- PASS: TestApplyAgentEventShowsWorkingWhileAwaitingCloudToolStart (0.00s)\n"}
{"Time":"2026-09-20T21:59:52.80147+10:00","Action":"pass","Package":"github.com/ollama/ollama/cmd/tui/chat","Test":"TestApplyAgentEventShowsWorkingWhileAwaitingCloudToolStart","Elapsed":0}
{"Time":"2026-09-20T21:59:52.801484+10:00","Action":"run","Package":"github.com/ollama/ollama/cmd/tui/chat","Test":"TestActivityLineShowsWorkingWhileAwaitingModelBeforeFirstEvent"}
{"Time":"2026-09-20T21:59:52.801498+10:00","Action":"output","Package":"github.com/ollama/ollama/cmd/tui/chat","Test":"TestActivityLineShowsWorkingWhileAwaitingModelBeforeFirstEvent","Output":"=== RUN   TestActivityLineShowsWorkingWhileAwaitingModelBeforeFirstEvent\n"}
{"Time":"2026-09-20T21:59:52.801515+10:00","Action":"output","Package":"github.com/ollama/ollama/cmd/tui/chat","Test":"TestActivityLineShowsWorkingWhileAwaitingModelBeforeFirstEvent","Output":"--- PASS: TestActivityLineShowsWorkingWhileAwaitingModelBeforeFirstEvent (0.00s)\n"}
{"Time":"2026-09-20T21:59:52.801531+10:00","Action":"pass","Package":"github.com/ollama/ollama/cmd/tui/chat","Test":"TestActivityLineShowsWorkingWhileAwaitingModelBeforeFirstEvent","Elapsed":0}
{"Time":"2026-09-20T21:59:52.801547+10:00","Action":"run","Package":"github.com/ollama/ollama/cmd/tui/chat","Test":"TestActivityLineShowsWorkingAfterAssistantContentGoesIdle"}
{"Time":"2026-09-20T21:59:52.801567+10:00","Action":"output","Package":"github.com/ollama/ollama/cmd/tui/chat","Test":"TestActivityLineShowsWorkingAfterAssistantContentGoesIdle","Output":"=== RUN   TestActivityLineShowsWorkingAfterAssistantContentGoesIdle\n"}
{"Time":"2026-09-20T21:59:52.801582+10:00","Action":"output","Package":"github.com/ollama/ollama/cmd/tui/chat","Test":"TestActivityLineShowsWorkingAfterAssistantContentGoesIdle","Output":"--- PASS: TestActivityLineShowsWorkingAfterAssistantContentGoesIdle (0.00s)\n"}
{"Time":"2026-09-20T21:59:52.8016+10:00","Action":"pass","Package":"github.com/ollama/ollama/cmd/tui/chat","Test":"TestActivityLineShowsWorkingAfterAssistantContentGoesIdle","Elapsed":0}
{"Time":"2026-09-20T21:59:52.801615+10:00","Action":"run","Package":"github.com/ollama/ollama/cmd/tui/chat","Test":"TestApplyAgentEventKeepsDetectedBatchStableUntilComplete"}
{"Time":"2026-09-20T21:59:52.801629+10:00","Action":"output","Package":"github.com/ollama/ollama/cmd/tui/chat","Test":"TestApplyAgentEventKeepsDetectedBatchStableUntilComplete","Output":"=== RUN   TestApplyAgentEventKeepsDetectedBatchStableUntilComplete\n"}
{"Time":"2026-09-20T21:59:52.801644+10:00","Action":"output","Package":"github.com/ollama/ollama/cmd/tui/chat","Test":"TestApplyAgentEventKeepsDetectedBatchStableUntilComplete","Output":"--- PASS: TestApplyAgentEventKeepsDetectedBatchStableUntilComplete (0.00s)\n"}
{"Time":"2026-09-20T21:59:52.801657+10:00","Action":"pass","Package":"github.com/ollama/ollama/cmd/tui/chat","Test":"TestApplyAgentEventKeepsDetectedBatchStableUntilComplete","Elapsed":0}
{"Time":"2026-09-20T21:59:52.801684+10:00","Action":"run","Package":"github.com/ollama/ollama/cmd/tui/chat","Test":"TestApplyAgentEventDoesNotCollapsePartialDetectedBatch"}
{"Time":"2026-09-20T21:59:52.801731+10:00","Action":"output","Package":"github.com/ollama/ollama/cmd/tui/chat","Test":"TestApplyAgentEventDoesNotCollapsePartialDetectedBatch","Output":"=== RUN   TestApplyAgentEventDoesNotCollapsePartialDetectedBatch\n"}
{"Time":"2026-09-20T21:59:52.801754+10:00","Action":"output","Package":"github.com/ollama/ollama/cmd/tui/chat","Test":"TestApplyAgentEventDoesNotCollapsePartialDetectedBatch","Output":"--- PASS: TestApplyAgentEventDoesNotCollapsePartialDetectedBatch (0.00s)\n"}
{"Time":"2026-09-20T21:59:52.80177+10:00","Action":"pass","Package":"github.com/ollama/ollama/cmd/tui/chat","Test":"TestApplyAgentEventDoesNotCollapsePartialDetectedBatch","Elapsed":0}
{"Time":"2026-09-20T21:59:52.801786+10:00","Action":"run","Package":"github.com/ollama/ollama/cmd/tui/chat","Test":"TestApplyAgentEventGroupsCompletedCommandsAtNextToolBoundary"}
{"Time":"2026-09-20T21:59:52.801799+10:00","Action":"output","Package":"github.com/ollama/ollama/cmd/tui/chat","Test":"TestApplyAgentEventGroupsCompletedCommandsAtNextToolBoundary","Output":"=== RUN   TestApplyAgentEventGroupsCompletedCommandsAtNextToolBoundary\n"}
{"Time":"2026-09-20T21:59:52.801815+10:00","Action":"output","Package":"github.com/ollama/ollama/cmd/tui/chat","Test":"TestApplyAgentEventGroupsCompletedCommandsAtNextToolBoundary","Output":"--- PASS: TestApplyAgentEventGroupsCompletedCommandsAtNextToolBoundary (0.00s)\n"}
{"Time":"2026-09-20T21:59:52.801836+10:00","Action":"pass","Package":"github.com/ollama/ollama/cmd/tui/chat","Test":"TestApplyAgentEventGroupsCompletedCommandsAtNextToolBoundary","Elapsed":0}
{"Time":"2026-09-20T21:59:52.801853+10:00","Action":"run","Package":"github.com/ollama/ollama/cmd/tui/chat","Test":"TestApplyAgentEventDoesNotGroupCompletedCommandsOnMessageDelta"}
{"Time":"2026-09-20T21:59:52.801873+10:00","Action":"output","Package":"github.com/ollama/ollama/cmd/tui/chat","Test":"TestApplyAgentEventDoesNotGroupCompletedCommandsOnMessageDelta","Output":"=== RUN   TestApplyAgentEventDoesNotGroupCompletedCommandsOnMessageDelta\n"}
{"Time":"2026-09-20T21:59:52.801888+10:00","Action":"output","Package":"github.com/ollama/ollama/cmd/tui/chat","Test":"TestApplyAgentEventDoesNotGroupCompletedCommandsOnMessageDelta","Output":"--- PASS: TestApplyAgentEventDoesNotGroupCompletedCommandsOnMessageDelta (0.00s)\n"}
{"Time":"2026-09-20T21:59:52.80191+10:00","Action":"pass","Package":"github.com/ollama/ollama/cmd/tui/chat","Test":"TestApplyAgentEventDoesNotGroupCompletedCommandsOnMessageDelta","Elapsed":0}
{"Time":"2026-09-20T21:59:52.801931+10:00","Action":"run","Package":"github.com/ollama/ollama/cmd/tui/chat","Test":"TestApplyAgentEventGroupsPreviouslyDeniedCommandsAtNextToolBoundary"}
{"Time":"2026-09-20T21:59:52.801943+10:00","Action":"output","Package":"github.com/ollama/ollama/cmd/tui/chat","Test":"TestApplyAgentEventGroupsPreviouslyDeniedCommandsAtNextToolBoundary","Output":"=== RUN   TestApplyAgentEventGroupsPreviouslyDeniedCommandsAtNextToolBoundary\n"}
{"Time":"2026-09-20T21:59:52.801957+10:00","Action":"output","Package":"github.com/ollama/ollama/cmd/tui/chat","Test":"TestApplyAgentEventGroupsPreviouslyDeniedCommandsAtNextToolBoundary","Output":"--- PASS: TestApplyAgentEventGroupsPreviouslyDeniedCommandsAtNextToolBoundary (0.00s)\n"}
{"Time":"2026-09-20T21:59:52.80198+10:00","Action":"pass","Package":"github.com/ollama/ollama/cmd/tui/chat","Test":"TestApplyAgentEventGroupsPreviouslyDeniedCommandsAtNextToolBoundary","Elapsed":0}
{"Time":"2026-09-20T21:59:52.801999+10:00","Action":"run","Package":"github.com/ollama/ollama/cmd/tui/chat","Test":"TestMessagesEndWithCompactionResult"}
{"Time":"2026-09-20T21:59:52.802012+10:00","Action":"output","Package":"github.com/ollama/ollama/cmd/tui/chat","Test":"TestMessagesEndWithCompactionResult","Output":"=== RUN   TestMessagesEndWithCompactionResult\n"}
{"Time":"2026-09-20T21:59:52.802061+10:00","Action":"output","Package":"github.com/ollama/ollama/cmd/tui/chat","Test":"TestMessagesEndWithCompactionResult","Output":"--- PASS: TestMessagesEndWithCompactionResult (0.00s)\n"}
{"Time":"2026-09-20T21:59:52.80208+10:00","Action":"pass","Package":"github.com/ollama/ollama/cmd/tui/chat","Test":"TestMessagesEndWithCompactionResult","Elapsed":0}
{"Time":"2026-09-20T21:59:52.802094+10:00","Action":"run","Package":"github.com/ollama/ollama/cmd/tui/chat","Test":"TestChatHelpCommandShowsV1Commands"}
{"Time":"2026-09-20T21:59:52.802108+10:00","Action":"output","Package":"github.com/ollama/ollama/cmd/tui/chat","Test":"TestChatHelpCommandShowsV1Commands","Output":"=== RUN   TestChatHelpCommandShowsV1Commands\n"}
{"Time":"2026-09-20T21:59:52.802134+10:00","Action":"output","Package":"github.com/ollama/ollama/cmd/tui/chat","Test":"TestChatHelpCommandShowsV1Commands","Output":"--- PASS: TestChatHelpCommandShowsV1Commands (0.00s)\n"}
{"Time":"2026-09-20T21:59:52.802162+10:00","Action":"pass","Package":"github.com/ollama/ollama/cmd/tui/chat","Test":"TestChatHelpCommandShowsV1Commands","Elapsed":0}
{"Time":"2026-09-20T21:59:52.80219+10:00","Action":"run","Package":"github.com/ollama/ollama/cmd/tui/chat","Test":"TestChatNewCommandRepaintsFromTop"}
{"Time":"2026-09-20T21:59:52.802215+10:00","Action":"output","Package":"github.com/ollama/ollama/cmd/tui/chat","Test":"TestChatNewCommandRepaintsFromTop","Output":"=== RUN   TestChatNewCommandRepaintsFromTop\n"}
{"Time":"2026-09-20T21:59:52.802243+10:00","Action":"output","Package":"github.com/ollama/ollama/cmd/tui/chat","Test":"TestChatNewCommandRepaintsFromTop","Output":"--- PASS: TestChatNewCommandRepaintsFromTop (0.00s)\n"}
{"Time":"2026-09-20T21:59:52.80227+10:00","Action":"pass","Package":"github.com/ollama/ollama/cmd/tui/chat","Test":"TestChatNewCommandRepaintsFromTop","Elapsed":0}
{"Time":"2026-09-20T21:59:52.802299+10:00","Action":"run","Package":"github.com/ollama/ollama/cmd/tui/chat","Test":"TestChatNewCommandPreservesLaunchFullAccessDefault"}
{"Time":"2026-09-20T21:59:52.802324+10:00","Action":"output","Package":"github.com/ollama/ollama/cmd/tui/chat","Test":"TestChatNewCommandPreservesLaunchFullAccessDefault","Output":"=== RUN   TestChatNewCommandPreservesLaunchFullAccessDefault\n"}
{"Time":"2026-09-20T21:59:52.802352+10:00","Action":"output","Package":"github.com/ollama/ollama/cmd/tui/chat","Test":"TestChatNewCommandPreservesLaunchFullAccessDefault","Output":"--- PASS: TestChatNewCommandPreservesLaunchFullAccessDefault (0.00s)\n"}
{"Time":"2026-09-20T21:59:52.802382+10:00","Action":"pass","Package":"github.com/ollama/ollama/cmd/tui/chat","Test":"TestChatNewCommandPreservesLaunchFullAccessDefault","Elapsed":0}
{"Time":"2026-09-20T21:59:52.802409+10:00","Action":"run","Package":"github.com/ollama/ollama/cmd/tui/chat","Test":"TestChatSaveCommandRequiresFilename"}
{"Time":"2026-09-20T21:59:52.802437+10:00","Action":"output","Package":"github.com/ollama/ollama/cmd/tui/chat","Test":"TestChatSaveCommandRequiresFilename","Output":"=== RUN   TestChatSaveCommandRequiresFilename\n"}
{"Time":"2026-09-20T21:59:52.802453+10:00","Action":"output","Package":"github.com/ollama/ollama/cmd/tui/chat","Test":"TestChatSaveCommandRequiresFilename","Output":"--- PASS: TestChatSaveCommandRequiresFilename (0.00s)\n"}
{"Time":"2026-09-20T21:59:52.802468+10:00","Action":"pass","Package":"github.com/ollama/ollama/cmd/tui/chat","Test":"TestChatSaveCommandRequiresFilename","Elapsed":0}
{"Time":"2026-09-20T21:59:52.802483+10:00","Action":"run","Package":"github.com/ollama/ollama/cmd/tui/chat","Test":"TestChatSaveCommandWritesRequestJSON"}
{"Time":"2026-09-20T21:59:52.802498+10:00","Action":"output","Package":"github.com/ollama/ollama/cmd/tui/chat","Test":"TestChatSaveCommandWritesRequestJSON","Output":"=== RUN   TestChatSaveCommandWritesRequestJSON\n"}
{"Time":"2026-09-20T21:59:52.804696+10:00","Action":"output","Package":"github.com/ollama/ollama/cmd/tui/chat","Test":"TestChatSaveCommandWritesRequestJSON","Output":"--- PASS: TestChatSaveCommandWritesRequestJSON (0.00s)\n"}
{"Time":"2026-09-20T21:59:52.804742+10:00","Action":"pass","Package":"github.com/ollama/ollama/cmd/tui/chat","Test":"TestChatSaveCommandWritesRequestJSON","Elapsed":0}
{"Time":"2026-09-20T21:59:52.804756+10:00","Action":"run","Package":"github.com/ollama/ollama/cmd/tui/chat","Test":"TestChatSaveCommandRejectsPath"}
{"Time":"2026-09-20T21:59:52.804768+10:00","Action":"output","Package":"github.com/ollama/ollama/cmd/tui/chat","Test":"TestChatSaveCommandRejectsPath","Output":"=== RUN   TestChatSaveCommandRejectsPath\n"}
{"Time":"2026-09-20T21:59:52.805707+10:00","Action":"output","Package":"github.com/ollama/ollama/cmd/tui/chat","Test":"TestChatSaveCommandRejectsPath","Output":"--- PASS: TestChatSaveCommandRejectsPath (0.00s)\n"}
{"Time":"2026-09-20T21:59:52.805761+10:00","Action":"pass","Package":"github.com/ollama/ollama/cmd/tui/chat","Test":"TestChatSaveCommandRejectsPath","Elapsed":0}
{"Time":"2026-09-20T21:59:52.805779+10:00","Action":"run","Package":"github.com/ollama/ollama/cmd/tui/chat","Test":"TestChatPromptCommandOpensPromptDebugScreen"}
{"Time":"2026-09-20T21:59:52.805793+10:00","Action":"output","Package":"github.com/ollama/ollama/cmd/tui/chat","Test":"TestChatPromptCommandOpensPromptDebugScreen","Output":"=== RUN   TestChatPromptCommandOpensPromptDebugScreen\n"}
{"Time":"2026-09-20T21:59:52.806191+10:00","Action":"output","Package":"github.com/ollama/ollama/cmd/tui/chat","Test":"TestChatPromptCommandOpensPromptDebugScreen","Output":"--- PASS: TestChatPromptCommandOpensPromptDebugScreen (0.00s)\n"}
{"Time":"2026-09-20T21:59:52.806276+10:00","Action":"pass","Package":"github.com/ollama/ollama/cmd/tui/chat","Test":"TestChatPromptCommandOpensPromptDebugScreen","Elapsed":0}
{"Time":"2026-09-20T21:59:52.806299+10:00","Action":"run","Package":"github.com/ollama/ollama/cmd/tui/chat","Test":"TestChatPromptDebugCapsToolResultPreview"}
{"Time":"2026-09-20T21:59:52.806314+10:00","Action":"output","Package":"github.com/ollama/ollama/cmd/tui/chat","Test":"TestChatPromptDebugCapsToolResultPreview","Output":"=== RUN   TestChatPromptDebugCapsToolResultPreview\n"}
{"Time":"2026-09-20T21:59:52.806559+10:00","Action":"output","Package":"github.com/ollama/ollama/cmd/tui/chat","Test":"TestChatPromptDebugCapsToolResultPreview","Output":"--- PASS: TestChatPromptDebugCapsToolResultPreview (0.00s)\n"}
{"Time":"2026-09-20T21:59:52.806585+10:00","Action":"pass","Package":"github.com/ollama/ollama/cmd/tui/chat","Test":"TestChatPromptDebugCapsToolResultPreview","Elapsed":0}
{"Time":"2026-09-20T21:59:52.806601+10:00","Action":"run","Package":"github.com/ollama/ollama/cmd/tui/chat","Test":"TestChatPromptDebugMouseWheelScrolls"}
{"Time":"2026-09-20T21:59:52.806615+10:00","Action":"output","Package":"github.com/ollama/ollama/cmd/tui/chat","Test":"TestChatPromptDebugMouseWheelScrolls","Output":"=== RUN   TestChatPromptDebugMouseWheelScrolls\n"}
{"Time":"2026-09-20T21:59:52.806972+10:00","Action":"output","Package":"github.com/ollama/ollama/cmd/tui/chat","Test":"TestChatPromptDebugMouseWheelScrolls","Output":"--- PASS: TestChatPromptDebugMouseWheelScrolls (0.00s)\n"}
{"Time":"2026-09-20T21:59:52.807021+10:00","Action":"pass","Package":"github.com/ollama/ollama/cmd/tui/chat","Test":"TestChatPromptDebugMouseWheelScrolls","Elapsed":0}
{"Time":"2026-09-20T21:59:52.807038+10:00","Action":"run","Package":"github.com/ollama/ollama/cmd/tui/chat","Test":"TestChatPromptDebugCachesLinesByWidth"}
{"Time":"2026-09-20T21:59:52.807053+10:00","Action":"output","Package":"github.com/ollama/ollama/cmd/tui/chat","Test":"TestChatPromptDebugCachesLinesByWidth","Output":"=== RUN   TestChatPromptDebugCachesLinesByWidth\n"}
{"Time":"2026-09-20T21:59:52.807596+10:00","Action":"output","Package":"github.com/ollama/ollama/cmd/tui/chat","Test":"TestChatPromptDebugCachesLinesByWidth","Output":"--- PASS: TestChatPromptDebugCachesLinesByWidth (0.00s)\n"}
{"Time":"2026-09-20T21:59:52.807618+10:00","Action":"pass","Package":"github.com/ollama/ollama/cmd/tui/chat","Test":"TestChatPromptDebugCachesLinesByWidth","Elapsed":0}
{"Time":"2026-09-20T21:59:52.807633+10:00","Action":"run","Package":"github.com/ollama/ollama/cmd/tui/chat","Test":"TestTruncateInputLineUsesDisplayWidth"}
{"Time":"2026-09-20T21:59:52.807646+10:00","Action":"output","Package":"github.com/ollama/ollama/cmd/tui/chat","Test":"TestTruncateInputLineUsesDisplayWidth","Output":"=== RUN   TestTruncateInputLineUsesDisplayWidth\n"}
{"Time":"2026-09-20T21:59:52.80775+10:00","Action":"output","Package":"github.com/ollama/ollama/cmd/tui/chat","Test":"TestTruncateInputLineUsesDisplayWidth","Output":"--- PASS: TestTruncateInputLineUsesDisplayWidth (0.00s)\n"}
{"Time":"2026-09-20T21:59:52.807768+10:00","Action":"pass","Package":"github.com/ollama/ollama/cmd/tui/chat","Test":"TestTruncateInputLineUsesDisplayWidth","Elapsed":0}
{"Time":"2026-09-20T21:59:52.807783+10:00","Action":"run","Package":"github.com/ollama/ollama/cmd/tui/chat","Test":"TestRenderInputBoxTruncationUsesSingleContinuationMarker"}
{"Time":"2026-09-20T21:59:52.807796+10:00","Action":"output","Package":"github.com/ollama/ollama/cmd/tui/chat","Test":"TestRenderInputBoxTruncationUsesSingleContinuationMarker","Output":"=== RUN   TestRenderInputBoxTruncationUsesSingleContinuationMarker\n"}
{"Time":"2026-09-20T21:59:52.807822+10:00","Action":"output","Package":"github.com/ollama/ollama/cmd/tui/chat","Test":"TestRenderInputBoxTruncationUsesSingleContinuationMarker","Output":"--- PASS: TestRenderInputBoxTruncationUsesSingleContinuationMarker (0.00s)\n"}
{"Time":"2026-09-20T21:59:52.807838+10:00","Action":"pass","Package":"github.com/ollama/ollama/cmd/tui/chat","Test":"TestRenderInputBoxTruncationUsesSingleContinuationMarker","Elapsed":0}
{"Time":"2026-09-20T21:59:52.807855+10:00","Action":"run","Package":"github.com/ollama/ollama/cmd/tui/chat","Test":"TestChatInputHandlesShiftEnterCSIMessage"}
{"Time":"2026-09-20T21:59:52.80787+10:00","Action":"output","Package":"github.com/ollama/ollama/cmd/tui/chat","Test":"TestChatInputHandlesShiftEnterCSIMessage","Output":"=== RUN   TestChatInputHandlesShiftEnterCSIMessage\n"}
{"Time":"2026-09-20T21:59:52.807887+10:00","Action":"output","Package":"github.com/ollama/ollama/cmd/tui/chat","Test":"TestChatInputHandlesShiftEnterCSIMessage","Output":"--- PASS: TestChatInputHandlesShiftEnterCSIMessage (0.00s)\n"}
{"Time":"2026-09-20T21:59:52.8079+10:00","Action":"pass","Package":"github.com/ollama/ollama/cmd/tui/chat","Test":"TestChatInputHandlesShiftEnterCSIMessage","Elapsed":0}
{"Time":"2026-09-20T21:59:52.807929+10:00","Action":"run","Package":"github.com/ollama/ollama/cmd/tui/chat","Test":"TestChatInputAcceptsSpace"}
{"Time":"2026-09-20T21:59:52.807952+10:00","Action":"output","Package":"github.com/ollama/ollama/cmd/tui/chat","Test":"TestChatInputAcceptsSpace","Output":"=== RUN   TestChatInputAcceptsSpace\n"}
{"Time":"2026-09-20T21:59:52.807969+10:00","Action":"output","Package":"github.com/ollama/ollama/cmd/tui/chat","Test":"TestChatInputAcceptsSpace","Output":"--- PASS: TestChatInputAcceptsSpace (0.00s)\n"}
{"Time":"2026-09-20T21:59:52.807984+10:00","Action":"pass","Package":"github.com/ollama/ollama/cmd/tui/chat","Test":"TestChatInputAcceptsSpace","Elapsed":0}
{"Time":"2026-09-20T21:59:52.807998+10:00","Action":"run","Package":"github.com/ollama/ollama/cmd/tui/chat","Test":"TestChatCloudModelDefaultToolRoundsStopAtLimit"}
{"Time":"2026-09-20T21:59:52.80801+10:00","Action":"output","Package":"github.com/ollama/ollama/cmd/tui/chat","Test":"TestChatCloudModelDefaultToolRoundsStopAtLimit","Output":"=== RUN   TestChatCloudModelDefaultToolRoundsStopAtLimit\n"}
{"Time":"2026-09-20T21:59:52.837134+10:00","Action":"output","Package":"github.com/ollama/ollama/cmd/tui/chat","Test":"TestChatCloudModelDefaultToolRoundsStopAtLimit","Output":"--- PASS: TestChatCloudModelDefaultToolRoundsStopAtLimit (0.03s)\n"}
{"Time":"2026-09-20T21:59:52.837228+10:00","Action":"pass","Package":"github.com/ollama/ollama/cmd/tui/chat","Test":"TestChatCloudModelDefaultToolRoundsStopAtLimit","Elapsed":0.03}
{"Time":"2026-09-20T21:59:52.837247+10:00","Action":"run","Package":"github.com/ollama/ollama/cmd/tui/chat","Test":"TestChatLargePasteUsesPlaceholderAndExpandsOnSubmit"}
{"Time":"2026-09-20T21:59:52.83726+10:00","Action":"output","Package":"github.com/ollama/ollama/cmd/tui/chat","Test":"TestChatLargePasteUsesPlaceholderAndExpandsOnSubmit","Output":"=== RUN   TestChatLargePasteUsesPlaceholderAndExpandsOnSubmit\n"}
{"Time":"2026-09-20T21:59:52.837278+10:00","Action":"output","Package":"github.com/ollama/ollama/cmd/tui/chat","Test":"TestChatLargePasteUsesPlaceholderAndExpandsOnSubmit","Output":"--- PASS: TestChatLargePasteUsesPlaceholderAndExpandsOnSubmit (0.00s)\n"}
{"Time":"2026-09-20T21:59:52.837291+10:00","Action":"pass","Package":"github.com/ollama/ollama/cmd/tui/chat","Test":"TestChatLargePasteUsesPlaceholderAndExpandsOnSubmit","Elapsed":0}
{"Time":"2026-09-20T21:59:52.837309+10:00","Action":"run","Package":"github.com/ollama/ollama/cmd/tui/chat","Test":"TestChatBackspaceDeletesWholePastedTextPlaceholder"}
{"Time":"2026-09-20T21:59:52.837321+10:00","Action":"output","Package":"github.com/ollama/ollama/cmd/tui/chat","Test":"TestChatBackspaceDeletesWholePastedTextPlaceholder","Output":"=== RUN   TestChatBackspaceDeletesWholePastedTextPlaceholder\n"}
{"Time":"2026-09-20T21:59:52.837333+10:00","Action":"output","Package":"github.com/ollama/ollama/cmd/tui/chat","Test":"TestChatBackspaceDeletesWholePastedTextPlaceholder","Output":"--- PASS: TestChatBackspaceDeletesWholePastedTextPlaceholder (0.00s)\n"}
{"Time":"2026-09-20T21:59:52.837345+10:00","Action":"pass","Package":"github.com/ollama/ollama/cmd/tui/chat","Test":"TestChatBackspaceDeletesWholePastedTextPlaceholder","Elapsed":0}
{"Time":"2026-09-20T21:59:52.837357+10:00","Action":"run","Package":"github.com/ollama/ollama/cmd/tui/chat","Test":"TestInitialPromptHistoryLoadsFromMessages"}
{"Time":"2026-09-20T21:59:52.837368+10:00","Action":"output","Package":"github.com/ollama/ollama/cmd/tui/chat","Test":"TestInitialPromptHistoryLoadsFromMessages","Output":"=== RUN   TestInitialPromptHistoryLoadsFromMessages\n"}
{"Time":"2026-09-20T21:59:52.837386+10:00","Action":"output","Package":"github.com/ollama/ollama/cmd/tui/chat","Test":"TestInitialPromptHistoryLoadsFromMessages","Output":"--- PASS: TestInitialPromptHistoryLoadsFromMessages (0.00s)\n"}
{"Time":"2026-09-20T21:59:52.837398+10:00","Action":"pass","Package":"github.com/ollama/ollama/cmd/tui/chat","Test":"TestInitialPromptHistoryLoadsFromMessages","Elapsed":0}
{"Time":"2026-09-20T21:59:52.837416+10:00","Action":"run","Package":"github.com/ollama/ollama/cmd/tui/chat","Test":"TestSkillCommandsListAndPersistSyntheticToolCall"}
{"Time":"2026-09-20T21:59:52.837428+10:00","Action":"output","Package":"github.com/ollama/ollama/cmd/tui/chat","Test":"TestSkillCommandsListAndPersistSyntheticToolCall","Output":"=== RUN   TestSkillCommandsListAndPersistSyntheticToolCall\n"}
{"Time":"2026-09-20T21:59:52.841577+10:00","Action":"output","Package":"github.com/ollama/ollama/cmd/tui/chat","Test":"TestSkillCommandsListAndPersistSyntheticToolCall","Output":"--- PASS: TestSkillCommandsListAndPersistSyntheticToolCall (0.00s)\n"}
{"Time":"2026-09-20T21:59:52.84162+10:00","Action":"pass","Package":"github.com/ollama/ollama/cmd/tui/chat","Test":"TestSkillCommandsListAndPersistSyntheticToolCall","Elapsed":0}
{"Time":"2026-09-20T21:59:52.841636+10:00","Action":"run","Package":"github.com/ollama/ollama/cmd/tui/chat","Test":"TestSkillsImportReloadsCatalogRegistryAndSystemPrompt"}
{"Time":"2026-09-20T21:59:52.841649+10:00","Action":"output","Package":"github.com/ollama/ollama/cmd/tui/chat","Test":"TestSkillsImportReloadsCatalogRegistryAndSystemPrompt","Output":"=== RUN   TestSkillsImportReloadsCatalogRegistryAndSystemPrompt\n"}
{"Time":"2026-09-20T21:59:52.847814+10:00","Action":"output","Package":"github.com/ollama/ollama/cmd/tui/chat","Test":"TestSkillsImportReloadsCatalogRegistryAndSystemPrompt","Output":"--- PASS: TestSkillsImportReloadsCatalogRegistryAndSystemPrompt (0.01s)\n"}
{"Time":"2026-09-20T21:59:52.847855+10:00","Action":"pass","Package":"github.com/ollama/ollama/cmd/tui/chat","Test":"TestSkillsImportReloadsCatalogRegistryAndSystemPrompt","Elapsed":0.01}
{"Time":"2026-09-20T21:59:52.847872+10:00","Action":"run","Package":"github.com/ollama/ollama/cmd/tui/chat","Test":"TestSkillsImportUsage"}
{"Time":"2026-09-20T21:59:52.847885+10:00","Action":"output","Package":"github.com/ollama/ollama/cmd/tui/chat","Test":"TestSkillsImportUsage","Output":"=== RUN   TestSkillsImportUsage\n"}
{"Time":"2026-09-20T21:59:52.847898+10:00","Action":"output","Package":"github.com/ollama/ollama/cmd/tui/chat","Test":"TestSkillsImportUsage","Output":"--- PASS: TestSkillsImportUsage (0.00s)\n"}
{"Time":"2026-09-20T21:59:52.84791+10:00","Action":"pass","Package":"github.com/ollama/ollama/cmd/tui/chat","Test":"TestSkillsImportUsage","Elapsed":0}
{"Time":"2026-09-20T21:59:52.847922+10:00","Action":"run","Package":"github.com/ollama/ollama/cmd/tui/chat","Test":"TestSkillSlashCommandPromptBecomesUserMessage"}
{"Time":"2026-09-20T21:59:52.847933+10:00","Action":"output","Package":"github.com/ollama/ollama/cmd/tui/chat","Test":"TestSkillSlashCommandPromptBecomesUserMessage","Output":"=== RUN   TestSkillSlashCommandPromptBecomesUserMessage\n"}
{"Time":"2026-09-20T21:59:52.851412+10:00","Action":"output","Package":"github.com/ollama/ollama/cmd/tui/chat","Test":"TestSkillSlashCommandPromptBecomesUserMessage","Output":"--- PASS: TestSkillSlashCommandPromptBecomesUserMessage (0.00s)\n"}
{"Time":"2026-09-20T21:59:52.851455+10:00","Action":"pass","Package":"github.com/ollama/ollama/cmd/tui/chat","Test":"TestSkillSlashCommandPromptBecomesUserMessage","Elapsed":0}
{"Time":"2026-09-20T21:59:52.851472+10:00","Action":"run","Package":"github.com/ollama/ollama/cmd/tui/chat","Test":"TestChatSkillSubmitWhileActiveRunKeepsActiveState"}
{"Time":"2026-09-20T21:59:52.851484+10:00","Action":"output","Package":"github.com/ollama/ollama/cmd/tui/chat","Test":"TestChatSkillSubmitWhileActiveRunKeepsActiveState","Output":"=== RUN   TestChatSkillSubmitWhileActiveRunKeepsActiveState\n"}
{"Time":"2026-09-20T21:59:52.852896+10:00","Action":"run","Package":"github.com/ollama/ollama/cmd/tui/chat","Test":"TestChatSkillSubmitWhileActiveRunKeepsActiveState/running"}
{"Time":"2026-09-20T21:59:52.852941+10:00","Action":"output","Package":"github.com/ollama/ollama/cmd/tui/chat","Test":"TestChatSkillSubmitWhileActiveRunKeepsActiveState/running","Output":"=== RUN   TestChatSkillSubmitWhileActiveRunKeepsActiveState/running\n"}
{"Time":"2026-09-20T21:59:52.852961+10:00","Action":"output","Package":"github.com/ollama/ollama/cmd/tui/chat","Test":"TestChatSkillSubmitWhileActiveRunKeepsActiveState/running","Output":"--- PASS: TestChatSkillSubmitWhileActiveRunKeepsActiveState/running (0.00s)\n"}
{"Time":"2026-09-20T21:59:52.852975+10:00","Action":"pass","Package":"github.com/ollama/ollama/cmd/tui/chat","Test":"TestChatSkillSubmitWhileActiveRunKeepsActiveState/running","Elapsed":0}
{"Time":"2026-09-20T21:59:52.852988+10:00","Action":"run","Package":"github.com/ollama/ollama/cmd/tui/chat","Test":"TestChatSkillSubmitWhileActiveRunKeepsActiveState/compacting"}
{"Time":"2026-09-20T21:59:52.853001+10:00","Action":"output","Package":"github.com/ollama/ollama/cmd/tui/chat","Test":"TestChatSkillSubmitWhileActiveRunKeepsActiveState/compacting","Output":"=== RUN   TestChatSkillSubmitWhileActiveRunKeepsActiveState/compacting\n"}
{"Time":"2026-09-20T21:59:52.853015+10:00","Action":"output","Package":"github.com/ollama/ollama/cmd/tui/chat","Test":"TestChatSkillSubmitWhileActiveRunKeepsActiveState/compacting","Output":"--- PASS: TestChatSkillSubmitWhileActiveRunKeepsActiveState/compacting (0.00s)\n"}
{"Time":"2026-09-20T21:59:52.853028+10:00","Action":"pass","Package":"github.com/ollama/ollama/cmd/tui/chat","Test":"TestChatSkillSubmitWhileActiveRunKeepsActiveState/compacting","Elapsed":0}
{"Time":"2026-09-20T21:59:52.854138+10:00","Action":"output","Package":"github.com/ollama/ollama/cmd/tui/chat","Test":"TestChatSkillSubmitWhileActiveRunKeepsActiveState","Output":"--- PASS: TestChatSkillSubmitWhileActiveRunKeepsActiveState (0.00s)\n"}
{"Time":"2026-09-20T21:59:52.854252+10:00","Action":"pass","Package":"github.com/ollama/ollama/cmd/tui/chat","Test":"TestChatSkillSubmitWhileActiveRunKeepsActiveState","Elapsed":0}
{"Time":"2026-09-20T21:59:52.854306+10:00","Action":"run","Package":"github.com/ollama/ollama/cmd/tui/chat","Test":"TestSkillSlashCommandAppearsInCompletions"}
{"Time":"2026-09-20T21:59:52.854322+10:00","Action":"output","Package":"github.com/ollama/ollama/cmd/tui/chat","Test":"TestSkillSlashCommandAppearsInCompletions","Output":"=== RUN   TestSkillSlashCommandAppearsInCompletions\n"}
{"Time":"2026-09-20T21:59:52.856657+10:00","Action":"output","Package":"github.com/ollama/ollama/cmd/tui/chat","Test":"TestSkillSlashCommandAppearsInCompletions","Output":"--- PASS: TestSkillSlashCommandAppearsInCompletions (0.00s)\n"}
{"Time":"2026-09-20T21:59:52.856698+10:00","Action":"pass","Package":"github.com/ollama/ollama/cmd/tui/chat","Test":"TestSkillSlashCommandAppearsInCompletions","Elapsed":0}
{"Time":"2026-09-20T21:59:52.856713+10:00","Action":"run","Package":"github.com/ollama/ollama/cmd/tui/chat","Test":"TestSkillsImportSlashCompletions"}
{"Time":"2026-09-20T21:59:52.856727+10:00","Action":"output","Package":"github.com/ollama/ollama/cmd/tui/chat","Test":"TestSkillsImportSlashCompletions","Output":"=== RUN   TestSkillsImportSlashCompletions\n"}
{"Time":"2026-09-20T21:59:52.856744+10:00","Action":"run","Package":"github.com/ollama/ollama/cmd/tui/chat","Test":"TestSkillsImportSlashCompletions//skills"}
{"Time":"2026-09-20T21:59:52.856873+10:00","Action":"output","Package":"github.com/ollama/ollama/cmd/tui/chat","Test":"TestSkillsImportSlashCompletions//skills","Output":"=== RUN   TestSkillsImportSlashCompletions//skills\n"}
{"Time":"2026-09-20T21:59:52.856945+10:00","Action":"output","Package":"github.com/ollama/ollama/cmd/tui/chat","Test":"TestSkillsImportSlashCompletions//skills","Output":"--- PASS: TestSkillsImportSlashCompletions//skills (0.00s)\n"}
{"Time":"2026-09-20T21:59:52.856965+10:00","Action":"pass","Package":"github.com/ollama/ollama/cmd/tui/chat","Test":"TestSkillsImportSlashCompletions//skills","Elapsed":0}
{"Time":"2026-09-20T21:59:52.856979+10:00","Action":"run","Package":"github.com/ollama/ollama/cmd/tui/chat","Test":"TestSkillsImportSlashCompletions//skills_impo"}
{"Time":"2026-09-20T21:59:52.856991+10:00","Action":"output","Package":"github.com/ollama/ollama/cmd/tui/chat","Test":"TestSkillsImportSlashCompletions//skills_impo","Output":"=== RUN   TestSkillsImportSlashCompletions//skills_impo\n"}
{"Time":"2026-09-20T21:59:52.857011+10:00","Action":"output","Package":"github.com/ollama/ollama/cmd/tui/chat","Test":"TestSkillsImportSlashCompletions//skills_impo","Output":"--- PASS: TestSkillsImportSlashCompletions//skills_impo (0.00s)\n"}
{"Time":"2026-09-20T21:59:52.857024+10:00","Action":"pass","Package":"github.com/ollama/ollama/cmd/tui/chat","Test":"TestSkillsImportSlashCompletions//skills_impo","Elapsed":0}
{"Time":"2026-09-20T21:59:52.857037+10:00","Action":"run","Package":"github.com/ollama/ollama/cmd/tui/chat","Test":"TestSkillsImportSlashCompletions//skills_import_"}
{"Time":"2026-09-20T21:59:52.857059+10:00","Action":"output","Package":"github.com/ollama/ollama/cmd/tui/chat","Test":"TestSkillsImportSlashCompletions//skills_import_","Output":"=== RUN   TestSkillsImportSlashCompletions//skills_import_\n"}
{"Time":"2026-09-20T21:59:52.857078+10:00","Action":"output","Package":"github.com/ollama/ollama/cmd/tui/chat","Test":"TestSkillsImportSlashCompletions//skills_import_","Output":"--- PASS: TestSkillsImportSlashCompletions//skills_import_ (0.00s)\n"}
{"Time":"2026-09-20T21:59:52.857102+10:00","Action":"pass","Package":"github.com/ollama/ollama/cmd/tui/chat","Test":"TestSkillsImportSlashCompletions//skills_import_","Elapsed":0}
{"Time":"2026-09-20T21:59:52.857121+10:00","Action":"run","Package":"github.com/ollama/ollama/cmd/tui/chat","Test":"TestSkillsImportSlashCompletions//skills_import_c"}
{"Time":"2026-09-20T21:59:52.857141+10:00","Action":"output","Package":"github.com/ollama/ollama/cmd/tui/chat","Test":"TestSkillsImportSlashCompletions//skills_import_c","Output":"=== RUN   TestSkillsImportSlashCompletions//skills_import_c\n"}
{"Time":"2026-09-20T21:59:52.857155+10:00","Action":"output","Package":"github.com/ollama/ollama/cmd/tui/chat","Test":"TestSkillsImportSlashCompletions//skills_import_c","Output":"--- PASS: TestSkillsImportSlashCompletions//skills_import_c (0.00s)\n"}
{"Time":"2026-09-20T21:59:52.857167+10:00","Action":"pass","Package":"github.com/ollama/ollama/cmd/tui/chat","Test":"TestSkillsImportSlashCompletions//skills_import_c","Elapsed":0}
{"Time":"2026-09-20T21:59:52.857178+10:00","Action":"run","Package":"github.com/ollama/ollama/cmd/tui/chat","Test":"TestSkillsImportSlashCompletions//skills_import_pi"}
{"Time":"2026-09-20T21:59:52.85719+10:00","Action":"output","Package":"github.com/ollama/ollama/cmd/tui/chat","Test":"TestSkillsImportSlashCompletions//skills_import_pi","Output":"=== RUN   TestSkillsImportSlashCompletions//skills_import_pi\n"}
{"Time":"2026-09-20T21:59:52.857203+10:00","Action":"output","Package":"github.com/ollama/ollama/cmd/tui/chat","Test":"TestSkillsImportSlashCompletions//skills_import_pi","Output":"--- PASS: TestSkillsImportSlashCompletions//skills_import_pi (0.00s)\n"}
{"Time":"2026-09-20T21:59:52.857226+10:00","Action":"pass","Package":"github.com/ollama/ollama/cmd/tui/chat","Test":"TestSkillsImportSlashCompletions//skills_import_pi","Elapsed":0}
{"Time":"2026-09-20T21:59:52.857244+10:00","Action":"output","Package":"github.com/ollama/ollama/cmd/tui/chat","Test":"TestSkillsImportSlashCompletions","Output":"--- PASS: TestSkillsImportSlashCompletions (0.00s)\n"}
{"Time":"2026-09-20T21:59:52.85726+10:00","Action":"pass","Package":"github.com/ollama/ollama/cmd/tui/chat","Test":"TestSkillsImportSlashCompletions","Elapsed":0}
{"Time":"2026-09-20T21:59:52.857286+10:00","Action":"run","Package":"github.com/ollama/ollama/cmd/tui/chat","Test":"TestSkillSlashPromptHidesCommandCompletions"}
{"Time":"2026-09-20T21:59:52.857311+10:00","Action":"output","Package":"github.com/ollama/ollama/cmd/tui/chat","Test":"TestSkillSlashPromptHidesCommandCompletions","Output":"=== RUN   TestSkillSlashPromptHidesCommandCompletions\n"}
{"Time":"2026-09-20T21:59:52.85825+10:00","Action":"run","Package":"github.com/ollama/ollama/cmd/tui/chat","Test":"TestSkillSlashPromptHidesCommandCompletions//release-notes_"}
{"Time":"2026-09-20T21:59:52.85829+10:00","Action":"output","Package":"github.com/ollama/ollama/cmd/tui/chat","Test":"TestSkillSlashPromptHidesCommandCompletions//release-notes_","Output":"=== RUN   TestSkillSlashPromptHidesCommandCompletions//release-notes_\n"}
{"Time":"2026-09-20T21:59:52.858319+10:00","Action":"output","Package":"github.com/ollama/ollama/cmd/tui/chat","Test":"TestSkillSlashPromptHidesCommandCompletions//release-notes_","Output":"--- PASS: TestSkillSlashPromptHidesCommandCompletions//release-notes_ (0.00s)\n"}
{"Time":"2026-09-20T21:59:52.858333+10:00","Action":"pass","Package":"github.com/ollama/ollama/cmd/tui/chat","Test":"TestSkillSlashPromptHidesCommandCompletions//release-notes_","Elapsed":0}
{"Time":"2026-09-20T21:59:52.858346+10:00","Action":"run","Package":"github.com/ollama/ollama/cmd/tui/chat","Test":"TestSkillSlashPromptHidesCommandCompletions//release-notes_draft_the_release_notes"}
{"Time":"2026-09-20T21:59:52.858359+10:00","Action":"output","Package":"github.com/ollama/ollama/cmd/tui/chat","Test":"TestSkillSlashPromptHidesCommandCompletions//release-notes_draft_the_release_notes","Output":"=== RUN   TestSkillSlashPromptHidesCommandCompletions//release-notes_draft_the_release_notes\n"}
{"Time":"2026-09-20T21:59:52.858374+10:00","Action":"output","Package":"github.com/ollama/ollama/cmd/tui/chat","Test":"TestSkillSlashPromptHidesCommandCompletions//release-notes_draft_the_release_notes","Output":"--- PASS: TestSkillSlashPromptHidesCommandCompletions//release-notes_draft_the_release_notes (0.00s)\n"}
{"Time":"2026-09-20T21:59:52.858388+10:00","Action":"pass","Package":"github.com/ollama/ollama/cmd/tui/chat","Test":"TestSkillSlashPromptHidesCommandCompletions//release-notes_draft_the_release_notes","Elapsed":0}
{"Time":"2026-09-20T21:59:52.859912+10:00","Action":"output","Package":"github.com/ollama/ollama/cmd/tui/chat","Test":"TestSkillSlashPromptHidesCommandCompletions","Output":"--- PASS: TestSkillSlashPromptHidesCommandCompletions (0.00s)\n"}
{"Time":"2026-09-20T21:59:52.859958+10:00","Action":"pass","Package":"github.com/ollama/ollama/cmd/tui/chat","Test":"TestSkillSlashPromptHidesCommandCompletions","Elapsed":0}
{"Time":"2026-09-20T21:59:52.85999+10:00","Action":"run","Package":"github.com/ollama/ollama/cmd/tui/chat","Test":"TestSkillSlashNameResolvesAndRejectsArgsAndUnknown"}
{"Time":"2026-09-20T21:59:52.860017+10:00","Action":"output","Package":"github.com/ollama/ollama/cmd/tui/chat","Test":"TestSkillSlashNameResolvesAndRejectsArgsAndUnknown","Output":"=== RUN   TestSkillSlashNameResolvesAndRejectsArgsAndUnknown\n"}
{"Time":"2026-09-20T21:59:52.862962+10:00","Action":"output","Package":"github.com/ollama/ollama/cmd/tui/chat","Test":"TestSkillSlashNameResolvesAndRejectsArgsAndUnknown","Output":"--- PASS: TestSkillSlashNameResolvesAndRejectsArgsAndUnknown (0.00s)\n"}
{"Time":"2026-09-20T21:59:52.863+10:00","Action":"pass","Package":"github.com/ollama/ollama/cmd/tui/chat","Test":"TestSkillSlashNameResolvesAndRejectsArgsAndUnknown","Elapsed":0}
{"Time":"2026-09-20T21:59:52.863018+10:00","Action":"run","Package":"github.com/ollama/ollama/cmd/tui/chat","Test":"TestChatDeletedSlashCommandsAreUnknown"}
{"Time":"2026-09-20T21:59:52.86304+10:00","Action":"output","Package":"github.com/ollama/ollama/cmd/tui/chat","Test":"TestChatDeletedSlashCommandsAreUnknown","Output":"=== RUN   TestChatDeletedSlashCommandsAreUnknown\n"}
{"Time":"2026-09-20T21:59:52.863072+10:00","Action":"run","Package":"github.com/ollama/ollama/cmd/tui/chat","Test":"TestChatDeletedSlashCommandsAreUnknown//clear"}
{"Time":"2026-09-20T21:59:52.863084+10:00","Action":"output","Package":"github.com/ollama/ollama/cmd/tui/chat","Test":"TestChatDeletedSlashCommandsAreUnknown//clear","Output":"=== RUN   TestChatDeletedSlashCommandsAreUnknown//clear\n"}
{"Time":"2026-09-20T21:59:52.863124+10:00","Action":"output","Package":"github.com/ollama/ollama/cmd/tui/chat","Test":"TestChatDeletedSlashCommandsAreUnknown//clear","Output":"--- PASS: TestChatDeletedSlashCommandsAreUnknown//clear (0.00s)\n"}
{"Time":"2026-09-20T21:59:52.863139+10:00","Action":"pass","Package":"github.com/ollama/ollama/cmd/tui/chat","Test":"TestChatDeletedSlashCommandsAreUnknown//clear","Elapsed":0}
{"Time":"2026-09-20T21:59:52.863156+10:00","Action":"run","Package":"github.com/ollama/ollama/cmd/tui/chat","Test":"TestChatDeletedSlashCommandsAreUnknown//copy"}
{"Time":"2026-09-20T21:59:52.863167+10:00","Action":"output","Package":"github.com/ollama/ollama/cmd/tui/chat","Test":"TestChatDeletedSlashCommandsAreUnknown//copy","Output":"=== RUN   TestChatDeletedSlashCommandsAreUnknown//copy\n"}
{"Time":"2026-09-20T21:59:52.86318+10:00","Action":"output","Package":"github.com/ollama/ollama/cmd/tui/chat","Test":"TestChatDeletedSlashCommandsAreUnknown//copy","Output":"--- PASS: TestChatDeletedSlashCommandsAreUnknown//copy (0.00s)\n"}
{"Time":"2026-09-20T21:59:52.863233+10:00","Action":"pass","Package":"github.com/ollama/ollama/cmd/tui/chat","Test":"TestChatDeletedSlashCommandsAreUnknown//copy","Elapsed":0}
{"Time":"2026-09-20T21:59:52.863253+10:00","Action":"run","Package":"github.com/ollama/ollama/cmd/tui/chat","Test":"TestChatDeletedSlashCommandsAreUnknown//copy-all"}
{"Time":"2026-09-20T21:59:52.863265+10:00","Action":"output","Package":"github.com/ollama/ollama/cmd/tui/chat","Test":"TestChatDeletedSlashCommandsAreUnknown//copy-all","Output":"=== RUN   TestChatDeletedSlashCommandsAreUnknown//copy-all\n"}
{"Time":"2026-09-20T21:59:52.863278+10:00","Action":"output","Package":"github.com/ollama/ollama/cmd/tui/chat","Test":"TestChatDeletedSlashCommandsAreUnknown//copy-all","Output":"--- PASS: TestChatDeletedSlashCommandsAreUnknown//copy-all (0.00s)\n"}
{"Time":"2026-09-20T21:59:52.86329+10:00","Action":"pass","Package":"github.com/ollama/ollama/cmd/tui/chat","Test":"TestChatDeletedSlashCommandsAreUnknown//copy-all","Elapsed":0}
{"Time":"2026-09-20T21:59:52.863301+10:00","Action":"run","Package":"github.com/ollama/ollama/cmd/tui/chat","Test":"TestChatDeletedSlashCommandsAreUnknown//launch"}
{"Time":"2026-09-20T21:59:52.863312+10:00","Action":"output","Package":"github.com/ollama/ollama/cmd/tui/chat","Test":"TestChatDeletedSlashCommandsAreUnknown//launch","Output":"=== RUN   TestChatDeletedSlashCommandsAreUnknown//launch\n"}
{"Time":"2026-09-20T21:59:52.863323+10:00","Action":"output","Package":"github.com/ollama/ollama/cmd/tui/chat","Test":"TestChatDeletedSlashCommandsAreUnknown//launch","Output":"--- PASS: TestChatDeletedSlashCommandsAreUnknown//launch (0.00s)\n"}
{"Time":"2026-09-20T21:59:52.863334+10:00","Action":"pass","Package":"github.com/ollama/ollama/cmd/tui/chat","Test":"TestChatDeletedSlashCommandsAreUnknown//launch","Elapsed":0}
{"Time":"2026-09-20T21:59:52.863345+10:00","Action":"run","Package":"github.com/ollama/ollama/cmd/tui/chat","Test":"TestChatDeletedSlashCommandsAreUnknown//history"}
{"Time":"2026-09-20T21:59:52.863355+10:00","Action":"output","Package":"github.com/ollama/ollama/cmd/tui/chat","Test":"TestChatDeletedSlashCommandsAreUnknown//history","Output":"=== RUN   TestChatDeletedSlashCommandsAreUnknown//history\n"}
{"Time":"2026-09-20T21:59:52.863371+10:00","Action":"output","Package":"github.com/ollama/ollama/cmd/tui/chat","Test":"TestChatDeletedSlashCommandsAreUnknown//history","Output":"--- PASS: TestChatDeletedSlashCommandsAreUnknown//history (0.00s)\n"}
{"Time":"2026-09-20T21:59:52.863382+10:00","Action":"pass","Package":"github.com/ollama/ollama/cmd/tui/chat","Test":"TestChatDeletedSlashCommandsAreUnknown//history","Elapsed":0}
{"Time":"2026-09-20T21:59:52.863399+10:00","Action":"run","Package":"github.com/ollama/ollama/cmd/tui/chat","Test":"TestChatDeletedSlashCommandsAreUnknown//load"}
{"Time":"2026-09-20T21:59:52.863411+10:00","Action":"output","Package":"github.com/ollama/ollama/cmd/tui/chat","Test":"TestChatDeletedSlashCommandsAreUnknown//load","Output":"=== RUN   TestChatDeletedSlashCommandsAreUnknown//load\n"}
{"Time":"2026-09-20T21:59:52.863422+10:00","Action":"output","Package":"github.com/ollama/ollama/cmd/tui/chat","Test":"TestChatDeletedSlashCommandsAreUnknown//load","Output":"--- PASS: TestChatDeletedSlashCommandsAreUnknown//load (0.00s)\n"}
{"Time":"2026-09-20T21:59:52.863434+10:00","Action":"pass","Package":"github.com/ollama/ollama/cmd/tui/chat","Test":"TestChatDeletedSlashCommandsAreUnknown//load","Elapsed":0}
{"Time":"2026-09-20T21:59:52.863446+10:00","Action":"run","Package":"github.com/ollama/ollama/cmd/tui/chat","Test":"TestChatDeletedSlashCommandsAreUnknown//raw"}
{"Time":"2026-09-20T21:59:52.863456+10:00","Action":"output","Package":"github.com/ollama/ollama/cmd/tui/chat","Test":"TestChatDeletedSlashCommandsAreUnknown//raw","Output":"=== RUN   TestChatDeletedSlashCommandsAreUnknown//raw\n"}
{"Time":"2026-09-20T21:59:52.863469+10:00","Action":"output","Package":"github.com/ollama/ollama/cmd/tui/chat","Test":"TestChatDeletedSlashCommandsAreUnknown//raw","Output":"--- PASS: TestChatDeletedSlashCommandsAreUnknown//raw (0.00s)\n"}
{"Time":"2026-09-20T21:59:52.863482+10:00","Action":"pass","Package":"github.com/ollama/ollama/cmd/tui/chat","Test":"TestChatDeletedSlashCommandsAreUnknown//raw","Elapsed":0}
{"Time":"2026-09-20T21:59:52.863502+10:00","Action":"run","Package":"github.com/ollama/ollama/cmd/tui/chat","Test":"TestChatDeletedSlashCommandsAreUnknown//resume"}
{"Time":"2026-09-20T21:59:52.863521+10:00","Action":"output","Package":"github.com/ollama/ollama/cmd/tui/chat","Test":"TestChatDeletedSlashCommandsAreUnknown//resume","Output":"=== RUN   TestChatDeletedSlashCommandsAreUnknown//resume\n"}
{"Time":"2026-09-20T21:59:52.863533+10:00","Action":"output","Package":"github.com/ollama/ollama/cmd/tui/chat","Test":"TestChatDeletedSlashCommandsAreUnknown//resume","Output":"--- PASS: TestChatDeletedSlashCommandsAreUnknown//resume (0.00s)\n"}
{"Time":"2026-09-20T21:59:52.863544+10:00","Action":"pass","Package":"github.com/ollama/ollama/cmd/tui/chat","Test":"TestChatDeletedSlashCommandsAreUnknown//resume","Elapsed":0}
{"Time":"2026-09-20T21:59:52.863555+10:00","Action":"run","Package":"github.com/ollama/ollama/cmd/tui/chat","Test":"TestChatDeletedSlashCommandsAreUnknown//set"}
{"Time":"2026-09-20T21:59:52.863565+10:00","Action":"output","Package":"github.com/ollama/ollama/cmd/tui/chat","Test":"TestChatDeletedSlashCommandsAreUnknown//set","Output":"=== RUN   TestChatDeletedSlashCommandsAreUnknown//set\n"}
{"Time":"2026-09-20T21:59:52.863576+10:00","Action":"output","Package":"github.com/ollama/ollama/cmd/tui/chat","Test":"TestChatDeletedSlashCommandsAreUnknown//set","Output":"--- PASS: TestChatDeletedSlashCommandsAreUnknown//set (0.00s)\n"}
{"Time":"2026-09-20T21:59:52.863587+10:00","Action":"pass","Package":"github.com/ollama/ollama/cmd/tui/chat","Test":"TestChatDeletedSlashCommandsAreUnknown//set","Elapsed":0}
{"Time":"2026-09-20T21:59:52.863597+10:00","Action":"run","Package":"github.com/ollama/ollama/cmd/tui/chat","Test":"TestChatDeletedSlashCommandsAreUnknown//show"}
{"Time":"2026-09-20T21:59:52.863607+10:00","Action":"output","Package":"github.com/ollama/ollama/cmd/tui/chat","Test":"TestChatDeletedSlashCommandsAreUnknown//show","Output":"=== RUN   TestChatDeletedSlashCommandsAreUnknown//show\n"}
{"Time":"2026-09-20T21:59:52.86363+10:00","Action":"output","Package":"github.com/ollama/ollama/cmd/tui/chat","Test":"TestChatDeletedSlashCommandsAreUnknown//show","Output":"--- PASS: TestChatDeletedSlashCommandsAreUnknown//show (0.00s)\n"}
{"Time":"2026-09-20T21:59:52.863889+10:00","Action":"pass","Package":"github.com/ollama/ollama/cmd/tui/chat","Test":"TestChatDeletedSlashCommandsAreUnknown//show","Elapsed":0}
{"Time":"2026-09-20T21:59:52.863956+10:00","Action":"run","Package":"github.com/ollama/ollama/cmd/tui/chat","Test":"TestChatDeletedSlashCommandsAreUnknown//verbose"}
{"Time":"2026-09-20T21:59:52.863971+10:00","Action":"output","Package":"github.com/ollama/ollama/cmd/tui/chat","Test":"TestChatDeletedSlashCommandsAreUnknown//verbose","Output":"=== RUN   TestChatDeletedSlashCommandsAreUnknown//verbose\n"}
{"Time":"2026-09-20T21:59:52.863985+10:00","Action":"output","Package":"github.com/ollama/ollama/cmd/tui/chat","Test":"TestChatDeletedSlashCommandsAreUnknown//verbose","Output":"--- PASS: TestChatDeletedSlashCommandsAreUnknown//verbose (0.00s)\n"}
{"Time":"2026-09-20T21:59:52.863998+10:00","Action":"pass","Package":"github.com/ollama/ollama/cmd/tui/chat","Test":"TestChatDeletedSlashCommandsAreUnknown//verbose","Elapsed":0}
{"Time":"2026-09-20T21:59:52.864011+10:00","Action":"output","Package":"github.com/ollama/ollama/cmd/tui/chat","Test":"TestChatDeletedSlashCommandsAreUnknown","Output":"--- PASS: TestChatDeletedSlashCommandsAreUnknown (0.00s)\n"}
{"Time":"2026-09-20T21:59:52.864023+10:00","Action":"pass","Package":"github.com/ollama/ollama/cmd/tui/chat","Test":"TestChatDeletedSlashCommandsAreUnknown","Elapsed":0}
{"Time":"2026-09-20T21:59:52.864036+10:00","Action":"run","Package":"github.com/ollama/ollama/cmd/tui/chat","Test":"TestChatViewRendersSlashCommandSuggestions"}
{"Time":"2026-09-20T21:59:52.864047+10:00","Action":"output","Package":"github.com/ollama/ollama/cmd/tui/chat","Test":"TestChatViewRendersSlashCommandSuggestions","Output":"=== RUN   TestChatViewRendersSlashCommandSuggestions\n"}
{"Time":"2026-09-20T21:59:52.864059+10:00","Action":"output","Package":"github.com/ollama/ollama/cmd/tui/chat","Test":"TestChatViewRendersSlashCommandSuggestions","Output":"--- PASS: TestChatViewRendersSlashCommandSuggestions (0.00s)\n"}
{"Time":"2026-09-20T21:59:52.864071+10:00","Action":"pass","Package":"github.com/ollama/ollama/cmd/tui/chat","Test":"TestChatViewRendersSlashCommandSuggestions","Elapsed":0}
{"Time":"2026-09-20T21:59:52.864082+10:00","Action":"run","Package":"github.com/ollama/ollama/cmd/tui/chat","Test":"TestChatToolsCommandTogglesToolRegistry"}
{"Time":"2026-09-20T21:59:52.864093+10:00","Action":"output","Package":"github.com/ollama/ollama/cmd/tui/chat","Test":"TestChatToolsCommandTogglesToolRegistry","Output":"=== RUN   TestChatToolsCommandTogglesToolRegistry\n"}
{"Time":"2026-09-20T21:59:52.864105+10:00","Action":"output","Package":"github.com/ollama/ollama/cmd/tui/chat","Test":"TestChatToolsCommandTogglesToolRegistry","Output":"--- PASS: TestChatToolsCommandTogglesToolRegistry (0.00s)\n"}
{"Time":"2026-09-20T21:59:52.864116+10:00","Action":"pass","Package":"github.com/ollama/ollama/cmd/tui/chat","Test":"TestChatToolsCommandTogglesToolRegistry","Elapsed":0}
{"Time":"2026-09-20T21:59:52.864128+10:00","Action":"run","Package":"github.com/ollama/ollama/cmd/tui/chat","Test":"TestChatToolsCommandRefreshesCapabilityAwareSystemPrompt"}
{"Time":"2026-09-20T21:59:52.864138+10:00","Action":"output","Package":"github.com/ollama/ollama/cmd/tui/chat","Test":"TestChatToolsCommandRefreshesCapabilityAwareSystemPrompt","Output":"=== RUN   TestChatToolsCommandRefreshesCapabilityAwareSystemPrompt\n"}
{"Time":"2026-09-20T21:59:52.86415+10:00","Action":"output","Package":"github.com/ollama/ollama/cmd/tui/chat","Test":"TestChatToolsCommandRefreshesCapabilityAwareSystemPrompt","Output":"--- PASS: TestChatToolsCommandRefreshesCapabilityAwareSystemPrompt (0.00s)\n"}
{"Time":"2026-09-20T21:59:52.864162+10:00","Action":"pass","Package":"github.com/ollama/ollama/cmd/tui/chat","Test":"TestChatToolsCommandRefreshesCapabilityAwareSystemPrompt","Elapsed":0}
{"Time":"2026-09-20T21:59:52.864173+10:00","Action":"run","Package":"github.com/ollama/ollama/cmd/tui/chat","Test":"TestChatToolsCommandUsage"}
{"Time":"2026-09-20T21:59:52.864187+10:00","Action":"output","Package":"github.com/ollama/ollama/cmd/tui/chat","Test":"TestChatToolsCommandUsage","Output":"=== RUN   TestChatToolsCommandUsage\n"}
{"Time":"2026-09-20T21:59:52.864199+10:00","Action":"output","Package":"github.com/ollama/ollama/cmd/tui/chat","Test":"TestChatToolsCommandUsage","Output":"--- PASS: TestChatToolsCommandUsage (0.00s)\n"}
{"Time":"2026-09-20T21:59:52.864212+10:00","Action":"pass","Package":"github.com/ollama/ollama/cmd/tui/chat","Test":"TestChatToolsCommandUsage","Elapsed":0}
{"Time":"2026-09-20T21:59:52.864224+10:00","Action":"run","Package":"github.com/ollama/ollama/cmd/tui/chat","Test":"TestChatSystemCommandControlsBuiltInSystemPrompt"}
{"Time":"2026-09-20T21:59:52.864235+10:00","Action":"output","Package":"github.com/ollama/ollama/cmd/tui/chat","Test":"TestChatSystemCommandControlsBuiltInSystemPrompt","Output":"=== RUN   TestChatSystemCommandControlsBuiltInSystemPrompt\n"}
{"Time":"2026-09-20T21:59:52.86427+10:00","Action":"output","Package":"github.com/ollama/ollama/cmd/tui/chat","Test":"TestChatSystemCommandControlsBuiltInSystemPrompt","Output":"--- PASS: TestChatSystemCommandControlsBuiltInSystemPrompt (0.00s)\n"}
{"Time":"2026-09-20T21:59:52.864328+10:00","Action":"pass","Package":"github.com/ollama/ollama/cmd/tui/chat","Test":"TestChatSystemCommandControlsBuiltInSystemPrompt","Elapsed":0}
{"Time":"2026-09-20T21:59:52.864343+10:00","Action":"run","Package":"github.com/ollama/ollama/cmd/tui/chat","Test":"TestChatSystemCommandArgumentCompletions"}
{"Time":"2026-09-20T21:59:52.864356+10:00","Action":"output","Package":"github.com/ollama/ollama/cmd/tui/chat","Test":"TestChatSystemCommandArgumentCompletions","Output":"=== RUN   TestChatSystemCommandArgumentCompletions\n"}
{"Time":"2026-09-20T21:59:52.864369+10:00","Action":"run","Package":"github.com/ollama/ollama/cmd/tui/chat","Test":"TestChatSystemCommandArgumentCompletions//system_"}
{"Time":"2026-09-20T21:59:52.86438+10:00","Action":"output","Package":"github.com/ollama/ollama/cmd/tui/chat","Test":"TestChatSystemCommandArgumentCompletions//system_","Output":"=== RUN   TestChatSystemCommandArgumentCompletions//system_\n"}
{"Time":"2026-09-20T21:59:52.864393+10:00","Action":"output","Package":"github.com/ollama/ollama/cmd/tui/chat","Test":"TestChatSystemCommandArgumentCompletions//system_","Output":"--- PASS: TestChatSystemCommandArgumentCompletions//system_ (0.00s)\n"}
{"Time":"2026-09-20T21:59:52.864405+10:00","Action":"pass","Package":"github.com/ollama/ollama/cmd/tui/chat","Test":"TestChatSystemCommandArgumentCompletions//system_","Elapsed":0}
{"Time":"2026-09-20T21:59:52.864417+10:00","Action":"run","Package":"github.com/ollama/ollama/cmd/tui/chat","Test":"TestChatSystemCommandArgumentCompletions//system_o"}
{"Time":"2026-09-20T21:59:52.864428+10:00","Action":"output","Package":"github.com/ollama/ollama/cmd/tui/chat","Test":"TestChatSystemCommandArgumentCompletions//system_o","Output":"=== RUN   TestChatSystemCommandArgumentCompletions//system_o\n"}
{"Time":"2026-09-20T21:59:52.86444+10:00","Action":"output","Package":"github.com/ollama/ollama/cmd/tui/chat","Test":"TestChatSystemCommandArgumentCompletions//system_o","Output":"--- PASS: TestChatSystemCommandArgumentCompletions//system_o (0.00s)\n"}
{"Time":"2026-09-20T21:59:52.864506+10:00","Action":"pass","Package":"github.com/ollama/ollama/cmd/tui/chat","Test":"TestChatSystemCommandArgumentCompletions//system_o","Elapsed":0}
{"Time":"2026-09-20T21:59:52.864519+10:00","Action":"run","Package":"github.com/ollama/ollama/cmd/tui/chat","Test":"TestChatSystemCommandArgumentCompletions//system_on"}
{"Time":"2026-09-20T21:59:52.864531+10:00","Action":"output","Package":"github.com/ollama/ollama/cmd/tui/chat","Test":"TestChatSystemCommandArgumentCompletions//system_on","Output":"=== RUN   TestChatSystemCommandArgumentCompletions//system_on\n"}
{"Time":"2026-09-20T21:59:52.864629+10:00","Action":"output","Package":"github.com/ollama/ollama/cmd/tui/chat","Test":"TestChatSystemCommandArgumentCompletions//system_on","Output":"--- PASS: TestChatSystemCommandArgumentCompletions//system_on (0.00s)\n"}
{"Time":"2026-09-20T21:59:52.864695+10:00","Action":"pass","Package":"github.com/ollama/ollama/cmd/tui/chat","Test":"TestChatSystemCommandArgumentCompletions//system_on","Elapsed":0}
{"Time":"2026-09-20T21:59:52.864708+10:00","Action":"output","Package":"github.com/ollama/ollama/cmd/tui/chat","Test":"TestChatSystemCommandArgumentCompletions","Output":"--- PASS: TestChatSystemCommandArgumentCompletions (0.00s)\n"}
{"Time":"2026-09-20T21:59:52.86472+10:00","Action":"pass","Package":"github.com/ollama/ollama/cmd/tui/chat","Test":"TestChatSystemCommandArgumentCompletions","Elapsed":0}
{"Time":"2026-09-20T21:59:52.864736+10:00","Action":"run","Package":"github.com/ollama/ollama/cmd/tui/chat","Test":"TestChatSlashCommandSuggestionsIncludePromptAndSave"}
{"Time":"2026-09-20T21:59:52.864748+10:00","Action":"output","Package":"github.com/ollama/ollama/cmd/tui/chat","Test":"TestChatSlashCommandSuggestionsIncludePromptAndSave","Output":"=== RUN   TestChatSlashCommandSuggestionsIncludePromptAndSave\n"}
{"Time":"2026-09-20T21:59:52.864777+10:00","Action":"run","Package":"github.com/ollama/ollama/cmd/tui/chat","Test":"TestChatSlashCommandSuggestionsIncludePromptAndSave//prompt"}
{"Time":"2026-09-20T21:59:52.864788+10:00","Action":"output","Package":"github.com/ollama/ollama/cmd/tui/chat","Test":"TestChatSlashCommandSuggestionsIncludePromptAndSave//prompt","Output":"=== RUN   TestChatSlashCommandSuggestionsIncludePromptAndSave//prompt\n"}
{"Time":"2026-09-20T21:59:52.864801+10:00","Action":"output","Package":"github.com/ollama/ollama/cmd/tui/chat","Test":"TestChatSlashCommandSuggestionsIncludePromptAndSave//prompt","Output":"--- PASS: TestChatSlashCommandSuggestionsIncludePromptAndSave//prompt (0.00s)\n"}
{"Time":"2026-09-20T21:59:52.864837+10:00","Action":"pass","Package":"github.com/ollama/ollama/cmd/tui/chat","Test":"TestChatSlashCommandSuggestionsIncludePromptAndSave//prompt","Elapsed":0}
{"Time":"2026-09-20T21:59:52.864855+10:00","Action":"run","Package":"github.com/ollama/ollama/cmd/tui/chat","Test":"TestChatSlashCommandSuggestionsIncludePromptAndSave//save"}
{"Time":"2026-09-20T21:59:52.864868+10:00","Action":"output","Package":"github.com/ollama/ollama/cmd/tui/chat","Test":"TestChatSlashCommandSuggestionsIncludePromptAndSave//save","Output":"=== RUN   TestChatSlashCommandSuggestionsIncludePromptAndSave//save\n"}
{"Time":"2026-09-20T21:59:52.864881+10:00","Action":"output","Package":"github.com/ollama/ollama/cmd/tui/chat","Test":"TestChatSlashCommandSuggestionsIncludePromptAndSave//save","Output":"--- PASS: TestChatSlashCommandSuggestionsIncludePromptAndSave//save (0.00s)\n"}
{"Time":"2026-09-20T21:59:52.864893+10:00","Action":"pass","Package":"github.com/ollama/ollama/cmd/tui/chat","Test":"TestChatSlashCommandSuggestionsIncludePromptAndSave//save","Elapsed":0}
{"Time":"2026-09-20T21:59:52.864906+10:00","Action":"output","Package":"github.com/ollama/ollama/cmd/tui/chat","Test":"TestChatSlashCommandSuggestionsIncludePromptAndSave","Output":"--- PASS: TestChatSlashCommandSuggestionsIncludePromptAndSave (0.00s)\n"}
{"Time":"2026-09-20T21:59:52.864917+10:00","Action":"pass","Package":"github.com/ollama/ollama/cmd/tui/chat","Test":"TestChatSlashCommandSuggestionsIncludePromptAndSave","Elapsed":0}
{"Time":"2026-09-20T21:59:52.864929+10:00","Action":"run","Package":"github.com/ollama/ollama/cmd/tui/chat","Test":"TestChatSlashCommandSuggestionsIncludeThink"}
{"Time":"2026-09-20T21:59:52.864941+10:00","Action":"output","Package":"github.com/ollama/ollama/cmd/tui/chat","Test":"TestChatSlashCommandSuggestionsIncludeThink","Output":"=== RUN   TestChatSlashCommandSuggestionsIncludeThink\n"}
{"Time":"2026-09-20T21:59:52.864954+10:00","Action":"output","Package":"github.com/ollama/ollama/cmd/tui/chat","Test":"TestChatSlashCommandSuggestionsIncludeThink","Output":"--- PASS: TestChatSlashCommandSuggestionsIncludeThink (0.00s)\n"}
{"Time":"2026-09-20T21:59:52.864966+10:00","Action":"pass","Package":"github.com/ollama/ollama/cmd/tui/chat","Test":"TestChatSlashCommandSuggestionsIncludeThink","Elapsed":0}
{"Time":"2026-09-20T21:59:52.864977+10:00","Action":"run","Package":"github.com/ollama/ollama/cmd/tui/chat","Test":"TestChatEnterFillsSelectedSlashCommandBeforeSubmitting"}
{"Time":"2026-09-20T21:59:52.864988+10:00","Action":"output","Package":"github.com/ollama/ollama/cmd/tui/chat","Test":"TestChatEnterFillsSelectedSlashCommandBeforeSubmitting","Output":"=== RUN   TestChatEnterFillsSelectedSlashCommandBeforeSubmitting\n"}
{"Time":"2026-09-20T21:59:52.865+10:00","Action":"output","Package":"github.com/ollama/ollama/cmd/tui/chat","Test":"TestChatEnterFillsSelectedSlashCommandBeforeSubmitting","Output":"--- PASS: TestChatEnterFillsSelectedSlashCommandBeforeSubmitting (0.00s)\n"}
{"Time":"2026-09-20T21:59:52.865022+10:00","Action":"pass","Package":"github.com/ollama/ollama/cmd/tui/chat","Test":"TestChatEnterFillsSelectedSlashCommandBeforeSubmitting","Elapsed":0}
{"Time":"2026-09-20T21:59:52.865034+10:00","Action":"run","Package":"github.com/ollama/ollama/cmd/tui/chat","Test":"TestChatEnterSubmitsExactSlashCommandAliases"}
{"Time":"2026-09-20T21:59:52.865045+10:00","Action":"output","Package":"github.com/ollama/ollama/cmd/tui/chat","Test":"TestChatEnterSubmitsExactSlashCommandAliases","Output":"=== RUN   TestChatEnterSubmitsExactSlashCommandAliases\n"}
{"Time":"2026-09-20T21:59:52.865057+10:00","Action":"run","Package":"github.com/ollama/ollama/cmd/tui/chat","Test":"TestChatEnterSubmitsExactSlashCommandAliases/help"}
{"Time":"2026-09-20T21:59:52.865067+10:00","Action":"output","Package":"github.com/ollama/ollama/cmd/tui/chat","Test":"TestChatEnterSubmitsExactSlashCommandAliases/help","Output":"=== RUN   TestChatEnterSubmitsExactSlashCommandAliases/help\n"}
{"Time":"2026-09-20T21:59:52.8651+10:00","Action":"output","Package":"github.com/ollama/ollama/cmd/tui/chat","Test":"TestChatEnterSubmitsExactSlashCommandAliases/help","Output":"--- PASS: TestChatEnterSubmitsExactSlashCommandAliases/help (0.00s)\n"}
{"Time":"2026-09-20T21:59:52.865113+10:00","Action":"pass","Package":"github.com/ollama/ollama/cmd/tui/chat","Test":"TestChatEnterSubmitsExactSlashCommandAliases/help","Elapsed":0}
{"Time":"2026-09-20T21:59:52.865124+10:00","Action":"run","Package":"github.com/ollama/ollama/cmd/tui/chat","Test":"TestChatEnterSubmitsExactSlashCommandAliases/exit"}
{"Time":"2026-09-20T21:59:52.865135+10:00","Action":"output","Package":"github.com/ollama/ollama/cmd/tui/chat","Test":"TestChatEnterSubmitsExactSlashCommandAliases/exit","Output":"=== RUN   TestChatEnterSubmitsExactSlashCommandAliases/exit\n"}
{"Time":"2026-09-20T21:59:52.865147+10:00","Action":"output","Package":"github.com/ollama/ollama/cmd/tui/chat","Test":"TestChatEnterSubmitsExactSlashCommandAliases/exit","Output":"--- PASS: TestChatEnterSubmitsExactSlashCommandAliases/exit (0.00s)\n"}
{"Time":"2026-09-20T21:59:52.865164+10:00","Action":"pass","Package":"github.com/ollama/ollama/cmd/tui/chat","Test":"TestChatEnterSubmitsExactSlashCommandAliases/exit","Elapsed":0}
{"Time":"2026-09-20T21:59:52.865176+10:00","Action":"output","Package":"github.com/ollama/ollama/cmd/tui/chat","Test":"TestChatEnterSubmitsExactSlashCommandAliases","Output":"--- PASS: TestChatEnterSubmitsExactSlashCommandAliases (0.00s)\n"}
{"Time":"2026-09-20T21:59:52.865187+10:00","Action":"pass","Package":"github.com/ollama/ollama/cmd/tui/chat","Test":"TestChatEnterSubmitsExactSlashCommandAliases","Elapsed":0}
{"Time":"2026-09-20T21:59:52.865202+10:00","Action":"run","Package":"github.com/ollama/ollama/cmd/tui/chat","Test":"TestChatSlashCommandsRunWhileModelResponds"}
{"Time":"2026-09-20T21:59:52.865213+10:00","Action":"output","Package":"github.com/ollama/ollama/cmd/tui/chat","Test":"TestChatSlashCommandsRunWhileModelResponds","Output":"=== RUN   TestChatSlashCommandsRunWhileModelResponds\n"}
{"Time":"2026-09-20T21:59:52.865225+10:00","Action":"output","Package":"github.com/ollama/ollama/cmd/tui/chat","Test":"TestChatSlashCommandsRunWhileModelResponds","Output":"--- PASS: TestChatSlashCommandsRunWhileModelResponds (0.00s)\n"}
{"Time":"2026-09-20T21:59:52.865241+10:00","Action":"pass","Package":"github.com/ollama/ollama/cmd/tui/chat","Test":"TestChatSlashCommandsRunWhileModelResponds","Elapsed":0}
{"Time":"2026-09-20T21:59:52.865472+10:00","Action":"run","Package":"github.com/ollama/ollama/cmd/tui/chat","Test":"TestChatMessageSubmitWhileRunningPreservesDraft"}
{"Time":"2026-09-20T21:59:52.865502+10:00","Action":"output","Package":"github.com/ollama/ollama/cmd/tui/chat","Test":"TestChatMessageSubmitWhileRunningPreservesDraft","Output":"=== RUN   TestChatMessageSubmitWhileRunningPreservesDraft\n"}
{"Time":"2026-09-20T21:59:52.865516+10:00","Action":"output","Package":"github.com/ollama/ollama/cmd/tui/chat","Test":"TestChatMessageSubmitWhileRunningPreservesDraft","Output":"--- PASS: TestChatMessageSubmitWhileRunningPreservesDraft (0.00s)\n"}
{"Time":"2026-09-20T21:59:52.865528+10:00","Action":"pass","Package":"github.com/ollama/ollama/cmd/tui/chat","Test":"TestChatMessageSubmitWhileRunningPreservesDraft","Elapsed":0}
{"Time":"2026-09-20T21:59:52.865541+10:00","Action":"run","Package":"github.com/ollama/ollama/cmd/tui/chat","Test":"TestChatThinkCommandOpensPicker"}
{"Time":"2026-09-20T21:59:52.865552+10:00","Action":"output","Package":"github.com/ollama/ollama/cmd/tui/chat","Test":"TestChatThinkCommandOpensPicker","Output":"=== RUN   TestChatThinkCommandOpensPicker\n"}
{"Time":"2026-09-20T21:59:52.865568+10:00","Action":"output","Package":"github.com/ollama/ollama/cmd/tui/chat","Test":"TestChatThinkCommandOpensPicker","Output":"--- PASS: TestChatThinkCommandOpensPicker (0.00s)\n"}
{"Time":"2026-09-20T21:59:52.86558+10:00","Action":"pass","Package":"github.com/ollama/ollama/cmd/tui/chat","Test":"TestChatThinkCommandOpensPicker","Elapsed":0}
{"Time":"2026-09-20T21:59:52.865592+10:00","Action":"run","Package":"github.com/ollama/ollama/cmd/tui/chat","Test":"TestChatThinkCommandSetsModes"}
{"Time":"2026-09-20T21:59:52.865603+10:00","Action":"output","Package":"github.com/ollama/ollama/cmd/tui/chat","Test":"TestChatThinkCommandSetsModes","Output":"=== RUN   TestChatThinkCommandSetsModes\n"}
{"Time":"2026-09-20T21:59:52.865615+10:00","Action":"run","Package":"github.com/ollama/ollama/cmd/tui/chat","Test":"TestChatThinkCommandSetsModes//think_on"}
{"Time":"2026-09-20T21:59:52.865625+10:00","Action":"output","Package":"github.com/ollama/ollama/cmd/tui/chat","Test":"TestChatThinkCommandSetsModes//think_on","Output":"=== RUN   TestChatThinkCommandSetsModes//think_on\n"}
{"Time":"2026-09-20T21:59:52.865637+10:00","Action":"output","Package":"github.com/ollama/ollama/cmd/tui/chat","Test":"TestChatThinkCommandSetsModes//think_on","Output":"--- PASS: TestChatThinkCommandSetsModes//think_on (0.00s)\n"}
{"Time":"2026-09-20T21:59:52.865649+10:00","Action":"pass","Package":"github.com/ollama/ollama/cmd/tui/chat","Test":"TestChatThinkCommandSetsModes//think_on","Elapsed":0}
{"Time":"2026-09-20T21:59:52.86566+10:00","Action":"run","Package":"github.com/ollama/ollama/cmd/tui/chat","Test":"TestChatThinkCommandSetsModes//think_off"}
{"Time":"2026-09-20T21:59:52.865671+10:00","Action":"output","Package":"github.com/ollama/ollama/cmd/tui/chat","Test":"TestChatThinkCommandSetsModes//think_off","Output":"=== RUN   TestChatThinkCommandSetsModes//think_off\n"}
{"Time":"2026-09-20T21:59:52.865684+10:00","Action":"output","Package":"github.com/ollama/ollama/cmd/tui/chat","Test":"TestChatThinkCommandSetsModes//think_off","Output":"--- PASS: TestChatThinkCommandSetsModes//think_off (0.00s)\n"}
{"Time":"2026-09-20T21:59:52.865695+10:00","Action":"pass","Package":"github.com/ollama/ollama/cmd/tui/chat","Test":"TestChatThinkCommandSetsModes//think_off","Elapsed":0}
{"Time":"2026-09-20T21:59:52.865706+10:00","Action":"run","Package":"github.com/ollama/ollama/cmd/tui/chat","Test":"TestChatThinkCommandSetsModes//think_high"}
{"Time":"2026-09-20T21:59:52.865717+10:00","Action":"output","Package":"github.com/ollama/ollama/cmd/tui/chat","Test":"TestChatThinkCommandSetsModes//think_high","Output":"=== RUN   TestChatThinkCommandSetsModes//think_high\n"}
{"Time":"2026-09-20T21:59:52.865729+10:00","Action":"output","Package":"github.com/ollama/ollama/cmd/tui/chat","Test":"TestChatThinkCommandSetsModes//think_high","Output":"--- PASS: TestChatThinkCommandSetsModes//think_high (0.00s)\n"}
{"Time":"2026-09-20T21:59:52.86574+10:00","Action":"pass","Package":"github.com/ollama/ollama/cmd/tui/chat","Test":"TestChatThinkCommandSetsModes//think_high","Elapsed":0}
{"Time":"2026-09-20T21:59:52.865751+10:00","Action":"output","Package":"github.com/ollama/ollama/cmd/tui/chat","Test":"TestChatThinkCommandSetsModes","Output":"--- PASS: TestChatThinkCommandSetsModes (0.00s)\n"}
{"Time":"2026-09-20T21:59:52.865764+10:00","Action":"pass","Package":"github.com/ollama/ollama/cmd/tui/chat","Test":"TestChatThinkCommandSetsModes","Elapsed":0}
{"Time":"2026-09-20T21:59:52.865776+10:00","Action":"run","Package":"github.com/ollama/ollama/cmd/tui/chat","Test":"TestChatViewRendersFileMentionSuggestions"}
{"Time":"2026-09-20T21:59:52.865788+10:00","Action":"output","Package":"github.com/ollama/ollama/cmd/tui/chat","Test":"TestChatViewRendersFileMentionSuggestions","Output":"=== RUN   TestChatViewRendersFileMentionSuggestions\n"}
{"Time":"2026-09-20T21:59:52.867321+10:00","Action":"output","Package":"github.com/ollama/ollama/cmd/tui/chat","Test":"TestChatViewRendersFileMentionSuggestions","Output":"--- PASS: TestChatViewRendersFileMentionSuggestions (0.00s)\n"}
{"Time":"2026-09-20T21:59:52.867358+10:00","Action":"pass","Package":"github.com/ollama/ollama/cmd/tui/chat","Test":"TestChatViewRendersFileMentionSuggestions","Elapsed":0}
{"Time":"2026-09-20T21:59:52.867373+10:00","Action":"run","Package":"github.com/ollama/ollama/cmd/tui/chat","Test":"TestChatFileMentionSuggestionsFilterAndComplete"}
{"Time":"2026-09-20T21:59:52.867385+10:00","Action":"output","Package":"github.com/ollama/ollama/cmd/tui/chat","Test":"TestChatFileMentionSuggestionsFilterAndComplete","Output":"=== RUN   TestChatFileMentionSuggestionsFilterAndComplete\n"}
{"Time":"2026-09-20T21:59:52.869866+10:00","Action":"output","Package":"github.com/ollama/ollama/cmd/tui/chat","Test":"TestChatFileMentionSuggestionsFilterAndComplete","Output":"--- PASS: TestChatFileMentionSuggestionsFilterAndComplete (0.00s)\n"}
{"Time":"2026-09-20T21:59:52.869923+10:00","Action":"pass","Package":"github.com/ollama/ollama/cmd/tui/chat","Test":"TestChatFileMentionSuggestionsFilterAndComplete","Elapsed":0}
{"Time":"2026-09-20T21:59:52.869963+10:00","Action":"run","Package":"github.com/ollama/ollama/cmd/tui/chat","Test":"TestChatEnterCompletesHighlightedFileMentionWithoutSubmitting"}
{"Time":"2026-09-20T21:59:52.869988+10:00","Action":"output","Package":"github.com/ollama/ollama/cmd/tui/chat","Test":"TestChatEnterCompletesHighlightedFileMentionWithoutSubmitting","Output":"=== RUN   TestChatEnterCompletesHighlightedFileMentionWithoutSubmitting\n"}
{"Time":"2026-09-20T21:59:52.87251+10:00","Action":"output","Package":"github.com/ollama/ollama/cmd/tui/chat","Test":"TestChatEnterCompletesHighlightedFileMentionWithoutSubmitting","Output":"--- PASS: TestChatEnterCompletesHighlightedFileMentionWithoutSubmitting (0.00s)\n"}
{"Time":"2026-09-20T21:59:52.872569+10:00","Action":"pass","Package":"github.com/ollama/ollama/cmd/tui/chat","Test":"TestChatEnterCompletesHighlightedFileMentionWithoutSubmitting","Elapsed":0}
{"Time":"2026-09-20T21:59:52.872611+10:00","Action":"run","Package":"github.com/ollama/ollama/cmd/tui/chat","Test":"TestMCPSlashCommandIsOffered"}
{"Time":"2026-09-20T21:59:52.872642+10:00","Action":"output","Package":"github.com/ollama/ollama/cmd/tui/chat","Test":"TestMCPSlashCommandIsOffered","Output":"=== RUN   TestMCPSlashCommandIsOffered\n"}
{"Time":"2026-09-20T21:59:52.872757+10:00","Action":"output","Package":"github.com/ollama/ollama/cmd/tui/chat","Test":"TestMCPSlashCommandIsOffered","Output":"--- PASS: TestMCPSlashCommandIsOffered (0.00s)\n"}
{"Time":"2026-09-20T21:59:52.872804+10:00","Action":"pass","Package":"github.com/ollama/ollama/cmd/tui/chat","Test":"TestMCPSlashCommandIsOffered","Elapsed":0}
{"Time":"2026-09-20T21:59:52.872877+10:00","Action":"run","Package":"github.com/ollama/ollama/cmd/tui/chat","Test":"TestMCPListsServersWithStatusAndSkippedTools"}
{"Time":"2026-09-20T21:59:52.872912+10:00","Action":"output","Package":"github.com/ollama/ollama/cmd/tui/chat","Test":"TestMCPListsServersWithStatusAndSkippedTools","Output":"=== RUN   TestMCPListsServersWithStatusAndSkippedTools\n"}
{"Time":"2026-09-20T21:59:52.87294+10:00","Action":"output","Package":"github.com/ollama/ollama/cmd/tui/chat","Test":"TestMCPListsServersWithStatusAndSkippedTools","Output":"--- PASS: TestMCPListsServersWithStatusAndSkippedTools (0.00s)\n"}
{"Time":"2026-09-20T21:59:52.872957+10:00","Action":"pass","Package":"github.com/ollama/ollama/cmd/tui/chat","Test":"TestMCPListsServersWithStatusAndSkippedTools","Elapsed":0}
{"Time":"2026-09-20T21:59:52.872974+10:00","Action":"run","Package":"github.com/ollama/ollama/cmd/tui/chat","Test":"TestMCPWithNothingConfigured"}
{"Time":"2026-09-20T21:59:52.87299+10:00","Action":"output","Package":"github.com/ollama/ollama/cmd/tui/chat","Test":"TestMCPWithNothingConfigured","Output":"=== RUN   TestMCPWithNothingConfigured\n"}
{"Time":"2026-09-20T21:59:52.873004+10:00","Action":"output","Package":"github.com/ollama/ollama/cmd/tui/chat","Test":"TestMCPWithNothingConfigured","Output":"--- PASS: TestMCPWithNothingConfigured (0.00s)\n"}
{"Time":"2026-09-20T21:59:52.873036+10:00","Action":"pass","Package":"github.com/ollama/ollama/cmd/tui/chat","Test":"TestMCPWithNothingConfigured","Elapsed":0}
{"Time":"2026-09-20T21:59:52.873054+10:00","Action":"run","Package":"github.com/ollama/ollama/cmd/tui/chat","Test":"TestMCPWhenUnavailable"}
{"Time":"2026-09-20T21:59:52.873069+10:00","Action":"output","Package":"github.com/ollama/ollama/cmd/tui/chat","Test":"TestMCPWhenUnavailable","Output":"=== RUN   TestMCPWhenUnavailable\n"}
{"Time":"2026-09-20T21:59:52.873089+10:00","Action":"output","Package":"github.com/ollama/ollama/cmd/tui/chat","Test":"TestMCPWhenUnavailable","Output":"--- PASS: TestMCPWhenUnavailable (0.00s)\n"}
{"Time":"2026-09-20T21:59:52.873116+10:00","Action":"pass","Package":"github.com/ollama/ollama/cmd/tui/chat","Test":"TestMCPWhenUnavailable","Elapsed":0}
{"Time":"2026-09-20T21:59:52.873136+10:00","Action":"run","Package":"github.com/ollama/ollama/cmd/tui/chat","Test":"TestMCPEnableAppliesTheChangeAndRebuildsTheToolList"}
{"Time":"2026-09-20T21:59:52.873149+10:00","Action":"output","Package":"github.com/ollama/ollama/cmd/tui/chat","Test":"TestMCPEnableAppliesTheChangeAndRebuildsTheToolList","Output":"=== RUN   TestMCPEnableAppliesTheChangeAndRebuildsTheToolList\n"}
{"Time":"2026-09-20T21:59:52.873164+10:00","Action":"output","Package":"github.com/ollama/ollama/cmd/tui/chat","Test":"TestMCPEnableAppliesTheChangeAndRebuildsTheToolList","Output":"--- PASS: TestMCPEnableAppliesTheChangeAndRebuildsTheToolList (0.00s)\n"}
{"Time":"2026-09-20T21:59:52.873186+10:00","Action":"pass","Package":"github.com/ollama/ollama/cmd/tui/chat","Test":"TestMCPEnableAppliesTheChangeAndRebuildsTheToolList","Elapsed":0}
{"Time":"2026-09-20T21:59:52.873201+10:00","Action":"run","Package":"github.com/ollama/ollama/cmd/tui/chat","Test":"TestMCPDisablePassesFalse"}
{"Time":"2026-09-20T21:59:52.873214+10:00","Action":"output","Package":"github.com/ollama/ollama/cmd/tui/chat","Test":"TestMCPDisablePassesFalse","Output":"=== RUN   TestMCPDisablePassesFalse\n"}
{"Time":"2026-09-20T21:59:52.873234+10:00","Action":"output","Package":"github.com/ollama/ollama/cmd/tui/chat","Test":"TestMCPDisablePassesFalse","Output":"--- PASS: TestMCPDisablePassesFalse (0.00s)\n"}
{"Time":"2026-09-20T21:59:52.873264+10:00","Action":"pass","Package":"github.com/ollama/ollama/cmd/tui/chat","Test":"TestMCPDisablePassesFalse","Elapsed":0}
{"Time":"2026-09-20T21:59:52.873277+10:00","Action":"run","Package":"github.com/ollama/ollama/cmd/tui/chat","Test":"TestMCPEnableReportsFailureAndDoesNotRebuild"}
{"Time":"2026-09-20T21:59:52.873289+10:00","Action":"output","Package":"github.com/ollama/ollama/cmd/tui/chat","Test":"TestMCPEnableReportsFailureAndDoesNotRebuild","Output":"=== RUN   TestMCPEnableReportsFailureAndDoesNotRebuild\n"}
{"Time":"2026-09-20T21:59:52.873303+10:00","Action":"output","Package":"github.com/ollama/ollama/cmd/tui/chat","Test":"TestMCPEnableReportsFailureAndDoesNotRebuild","Output":"--- PASS: TestMCPEnableReportsFailureAndDoesNotRebuild (0.00s)\n"}
{"Time":"2026-09-20T21:59:52.873316+10:00","Action":"pass","Package":"github.com/ollama/ollama/cmd/tui/chat","Test":"TestMCPEnableReportsFailureAndDoesNotRebuild","Elapsed":0}
{"Time":"2026-09-20T21:59:52.87333+10:00","Action":"run","Package":"github.com/ollama/ollama/cmd/tui/chat","Test":"TestMCPRejectsMalformedArguments"}
{"Time":"2026-09-20T21:59:52.873343+10:00","Action":"output","Package":"github.com/ollama/ollama/cmd/tui/chat","Test":"TestMCPRejectsMalformedArguments","Output":"=== RUN   TestMCPRejectsMalformedArguments\n"}
{"Time":"2026-09-20T21:59:52.873356+10:00","Action":"run","Package":"github.com/ollama/ollama/cmd/tui/chat","Test":"TestMCPRejectsMalformedArguments//mcp_enable"}
{"Time":"2026-09-20T21:59:52.87338+10:00","Action":"output","Package":"github.com/ollama/ollama/cmd/tui/chat","Test":"TestMCPRejectsMalformedArguments//mcp_enable","Output":"=== RUN   TestMCPRejectsMalformedArguments//mcp_enable\n"}
{"Time":"2026-09-20T21:59:52.873393+10:00","Action":"output","Package":"github.com/ollama/ollama/cmd/tui/chat","Test":"TestMCPRejectsMalformedArguments//mcp_enable","Output":"--- PASS: TestMCPRejectsMalformedArguments//mcp_enable (0.00s)\n"}
{"Time":"2026-09-20T21:59:52.873406+10:00","Action":"pass","Package":"github.com/ollama/ollama/cmd/tui/chat","Test":"TestMCPRejectsMalformedArguments//mcp_enable","Elapsed":0}
{"Time":"2026-09-20T21:59:52.873419+10:00","Action":"run","Package":"github.com/ollama/ollama/cmd/tui/chat","Test":"TestMCPRejectsMalformedArguments//mcp_toggle_files"}
{"Time":"2026-09-20T21:59:52.873431+10:00","Action":"output","Package":"github.com/ollama/ollama/cmd/tui/chat","Test":"TestMCPRejectsMalformedArguments//mcp_toggle_files","Output":"=== RUN   TestMCPRejectsMalformedArguments//mcp_toggle_files\n"}
{"Time":"2026-09-20T21:59:52.873447+10:00","Action":"output","Package":"github.com/ollama/ollama/cmd/tui/chat","Test":"TestMCPRejectsMalformedArguments//mcp_toggle_files","Output":"--- PASS: TestMCPRejectsMalformedArguments//mcp_toggle_files (0.00s)\n"}
{"Time":"2026-09-20T21:59:52.87346+10:00","Action":"pass","Package":"github.com/ollama/ollama/cmd/tui/chat","Test":"TestMCPRejectsMalformedArguments//mcp_toggle_files","Elapsed":0}
{"Time":"2026-09-20T21:59:52.87348+10:00","Action":"run","Package":"github.com/ollama/ollama/cmd/tui/chat","Test":"TestMCPRejectsMalformedArguments//mcp_enable_a_b"}
{"Time":"2026-09-20T21:59:52.873499+10:00","Action":"output","Package":"github.com/ollama/ollama/cmd/tui/chat","Test":"TestMCPRejectsMalformedArguments//mcp_enable_a_b","Output":"=== RUN   TestMCPRejectsMalformedArguments//mcp_enable_a_b\n"}
{"Time":"2026-09-20T21:59:52.873548+10:00","Action":"output","Package":"github.com/ollama/ollama/cmd/tui/chat","Test":"TestMCPRejectsMalformedArguments//mcp_enable_a_b","Output":"--- PASS: TestMCPRejectsMalformedArguments//mcp_enable_a_b (0.00s)\n"}
{"Time":"2026-09-20T21:59:52.873581+10:00","Action":"pass","Package":"github.com/ollama/ollama/cmd/tui/chat","Test":"TestMCPRejectsMalformedArguments//mcp_enable_a_b","Elapsed":0}
{"Time":"2026-09-20T21:59:52.873597+10:00","Action":"run","Package":"github.com/ollama/ollama/cmd/tui/chat","Test":"TestMCPRejectsMalformedArguments//mcp_disable"}
{"Time":"2026-09-20T21:59:52.873611+10:00","Action":"output","Package":"github.com/ollama/ollama/cmd/tui/chat","Test":"TestMCPRejectsMalformedArguments//mcp_disable","Output":"=== RUN   TestMCPRejectsMalformedArguments//mcp_disable\n"}
{"Time":"2026-09-20T21:59:52.873668+10:00","Action":"output","Package":"github.com/ollama/ollama/cmd/tui/chat","Test":"TestMCPRejectsMalformedArguments//mcp_disable","Output":"--- PASS: TestMCPRejectsMalformedArguments//mcp_disable (0.00s)\n"}
{"Time":"2026-09-20T21:59:52.873682+10:00","Action":"pass","Package":"github.com/ollama/ollama/cmd/tui/chat","Test":"TestMCPRejectsMalformedArguments//mcp_disable","Elapsed":0}
{"Time":"2026-09-20T21:59:52.873696+10:00","Action":"output","Package":"github.com/ollama/ollama/cmd/tui/chat","Test":"TestMCPRejectsMalformedArguments","Output":"--- PASS: TestMCPRejectsMalformedArguments (0.00s)\n"}
{"Time":"2026-09-20T21:59:52.87371+10:00","Action":"pass","Package":"github.com/ollama/ollama/cmd/tui/chat","Test":"TestMCPRejectsMalformedArguments","Elapsed":0}
{"Time":"2026-09-20T21:59:52.873723+10:00","Action":"run","Package":"github.com/ollama/ollama/cmd/tui/chat","Test":"TestMCPCannotApprove"}
{"Time":"2026-09-20T21:59:52.873736+10:00","Action":"output","Package":"github.com/ollama/ollama/cmd/tui/chat","Test":"TestMCPCannotApprove","Output":"=== RUN   TestMCPCannotApprove\n"}
{"Time":"2026-09-20T21:59:52.873749+10:00","Action":"output","Package":"github.com/ollama/ollama/cmd/tui/chat","Test":"TestMCPCannotApprove","Output":"--- PASS: TestMCPCannotApprove (0.00s)\n"}
{"Time":"2026-09-20T21:59:52.873762+10:00","Action":"pass","Package":"github.com/ollama/ollama/cmd/tui/chat","Test":"TestMCPCannotApprove","Elapsed":0}
{"Time":"2026-09-20T21:59:52.873775+10:00","Action":"run","Package":"github.com/ollama/ollama/cmd/tui/chat","Test":"TestChatModelCommandOpensPicker"}
{"Time":"2026-09-20T21:59:52.873787+10:00","Action":"output","Package":"github.com/ollama/ollama/cmd/tui/chat","Test":"TestChatModelCommandOpensPicker","Output":"=== RUN   TestChatModelCommandOpensPicker\n"}
{"Time":"2026-09-20T21:59:52.873806+10:00","Action":"output","Package":"github.com/ollama/ollama/cmd/tui/chat","Test":"TestChatModelCommandOpensPicker","Output":"--- PASS: TestChatModelCommandOpensPicker (0.00s)\n"}
{"Time":"2026-09-20T21:59:52.873819+10:00","Action":"pass","Package":"github.com/ollama/ollama/cmd/tui/chat","Test":"TestChatModelCommandOpensPicker","Elapsed":0}
{"Time":"2026-09-20T21:59:52.873832+10:00","Action":"run","Package":"github.com/ollama/ollama/cmd/tui/chat","Test":"TestChatModelCommandShowsRecommendedFirstWithoutSections"}
{"Time":"2026-09-20T21:59:52.873844+10:00","Action":"output","Package":"github.com/ollama/ollama/cmd/tui/chat","Test":"TestChatModelCommandShowsRecommendedFirstWithoutSections","Output":"=== RUN   TestChatModelCommandShowsRecommendedFirstWithoutSections\n"}
{"Time":"2026-09-20T21:59:52.873857+10:00","Action":"output","Package":"github.com/ollama/ollama/cmd/tui/chat","Test":"TestChatModelCommandShowsRecommendedFirstWithoutSections","Output":"--- PASS: TestChatModelCommandShowsRecommendedFirstWithoutSections (0.00s)\n"}
{"Time":"2026-09-20T21:59:52.873875+10:00","Action":"pass","Package":"github.com/ollama/ollama/cmd/tui/chat","Test":"TestChatModelCommandShowsRecommendedFirstWithoutSections","Elapsed":0}
{"Time":"2026-09-20T21:59:52.873891+10:00","Action":"run","Package":"github.com/ollama/ollama/cmd/tui/chat","Test":"TestChatModelCommandOpensSmallPicker"}
{"Time":"2026-09-20T21:59:52.873904+10:00","Action":"output","Package":"github.com/ollama/ollama/cmd/tui/chat","Test":"TestChatModelCommandOpensSmallPicker","Output":"=== RUN   TestChatModelCommandOpensSmallPicker\n"}
{"Time":"2026-09-20T21:59:52.873923+10:00","Action":"output","Package":"github.com/ollama/ollama/cmd/tui/chat","Test":"TestChatModelCommandOpensSmallPicker","Output":"--- PASS: TestChatModelCommandOpensSmallPicker (0.00s)\n"}
{"Time":"2026-09-20T21:59:52.873938+10:00","Action":"pass","Package":"github.com/ollama/ollama/cmd/tui/chat","Test":"TestChatModelCommandOpensSmallPicker","Elapsed":0}
{"Time":"2026-09-20T21:59:52.873953+10:00","Action":"run","Package":"github.com/ollama/ollama/cmd/tui/chat","Test":"TestChatModelPickerStaysInlineWhenSmall"}
{"Time":"2026-09-20T21:59:52.873966+10:00","Action":"output","Package":"github.com/ollama/ollama/cmd/tui/chat","Test":"TestChatModelPickerStaysInlineWhenSmall","Output":"=== RUN   TestChatModelPickerStaysInlineWhenSmall\n"}
{"Time":"2026-09-20T21:59:52.873979+10:00","Action":"output","Package":"github.com/ollama/ollama/cmd/tui/chat","Test":"TestChatModelPickerStaysInlineWhenSmall","Output":"--- PASS: TestChatModelPickerStaysInlineWhenSmall (0.00s)\n"}
{"Time":"2026-09-20T21:59:52.873994+10:00","Action":"pass","Package":"github.com/ollama/ollama/cmd/tui/chat","Test":"TestChatModelPickerStaysInlineWhenSmall","Elapsed":0}
{"Time":"2026-09-20T21:59:52.874007+10:00","Action":"run","Package":"github.com/ollama/ollama/cmd/tui/chat","Test":"TestChatModelPickerShowsRecommendedModelsFirst"}
{"Time":"2026-09-20T21:59:52.874019+10:00","Action":"output","Package":"github.com/ollama/ollama/cmd/tui/chat","Test":"TestChatModelPickerShowsRecommendedModelsFirst","Output":"=== RUN   TestChatModelPickerShowsRecommendedModelsFirst\n"}
{"Time":"2026-09-20T21:59:52.874037+10:00","Action":"output","Package":"github.com/ollama/ollama/cmd/tui/chat","Test":"TestChatModelPickerShowsRecommendedModelsFirst","Output":"--- PASS: TestChatModelPickerShowsRecommendedModelsFirst (0.00s)\n"}
{"Time":"2026-09-20T21:59:52.87405+10:00","Action":"pass","Package":"github.com/ollama/ollama/cmd/tui/chat","Test":"TestChatModelPickerShowsRecommendedModelsFirst","Elapsed":0}
{"Time":"2026-09-20T21:59:52.874095+10:00","Action":"run","Package":"github.com/ollama/ollama/cmd/tui/chat","Test":"TestChatModelPickerPinsCurrentThenRecommendedModels"}
{"Time":"2026-09-20T21:59:52.874119+10:00","Action":"output","Package":"github.com/ollama/ollama/cmd/tui/chat","Test":"TestChatModelPickerPinsCurrentThenRecommendedModels","Output":"=== RUN   TestChatModelPickerPinsCurrentThenRecommendedModels\n"}
{"Time":"2026-09-20T21:59:52.874132+10:00","Action":"output","Package":"github.com/ollama/ollama/cmd/tui/chat","Test":"TestChatModelPickerPinsCurrentThenRecommendedModels","Output":"--- PASS: TestChatModelPickerPinsCurrentThenRecommendedModels (0.00s)\n"}
{"Time":"2026-09-20T21:59:52.874145+10:00","Action":"pass","Package":"github.com/ollama/ollama/cmd/tui/chat","Test":"TestChatModelPickerPinsCurrentThenRecommendedModels","Elapsed":0}
{"Time":"2026-09-20T21:59:52.874159+10:00","Action":"run","Package":"github.com/ollama/ollama/cmd/tui/chat","Test":"TestInitialModelPickerRendersBeforeChatShell"}
{"Time":"2026-09-20T21:59:52.87418+10:00","Action":"output","Package":"github.com/ollama/ollama/cmd/tui/chat","Test":"TestInitialModelPickerRendersBeforeChatShell","Output":"=== RUN   TestInitialModelPickerRendersBeforeChatShell\n"}
{"Time":"2026-09-20T21:59:52.874201+10:00","Action":"output","Package":"github.com/ollama/ollama/cmd/tui/chat","Test":"TestInitialModelPickerRendersBeforeChatShell","Output":"--- PASS: TestInitialModelPickerRendersBeforeChatShell (0.00s)\n"}
{"Time":"2026-09-20T21:59:52.874215+10:00","Action":"pass","Package":"github.com/ollama/ollama/cmd/tui/chat","Test":"TestInitialModelPickerRendersBeforeChatShell","Elapsed":0}
{"Time":"2026-09-20T21:59:52.874231+10:00","Action":"run","Package":"github.com/ollama/ollama/cmd/tui/chat","Test":"TestChatModelPickerRanksClosestFilteredModelFirst"}
{"Time":"2026-09-20T21:59:52.874251+10:00","Action":"output","Package":"github.com/ollama/ollama/cmd/tui/chat","Test":"TestChatModelPickerRanksClosestFilteredModelFirst","Output":"=== RUN   TestChatModelPickerRanksClosestFilteredModelFirst\n"}
{"Time":"2026-09-20T21:59:52.874284+10:00","Action":"output","Package":"github.com/ollama/ollama/cmd/tui/chat","Test":"TestChatModelPickerRanksClosestFilteredModelFirst","Output":"--- PASS: TestChatModelPickerRanksClosestFilteredModelFirst (0.00s)\n"}
{"Time":"2026-09-20T21:59:52.874305+10:00","Action":"pass","Package":"github.com/ollama/ollama/cmd/tui/chat","Test":"TestChatModelPickerRanksClosestFilteredModelFirst","Elapsed":0}
{"Time":"2026-09-20T21:59:52.874318+10:00","Action":"run","Package":"github.com/ollama/ollama/cmd/tui/chat","Test":"TestChatModelPickerFiltersAndSwitchesModel"}
{"Time":"2026-09-20T21:59:52.87433+10:00","Action":"output","Package":"github.com/ollama/ollama/cmd/tui/chat","Test":"TestChatModelPickerFiltersAndSwitchesModel","Output":"=== RUN   TestChatModelPickerFiltersAndSwitchesModel\n"}
{"Time":"2026-09-20T21:59:52.874344+10:00","Action":"output","Package":"github.com/ollama/ollama/cmd/tui/chat","Test":"TestChatModelPickerFiltersAndSwitchesModel","Output":"--- PASS: TestChatModelPickerFiltersAndSwitchesModel (0.00s)\n"}
{"Time":"2026-09-20T21:59:52.874362+10:00","Action":"pass","Package":"github.com/ollama/ollama/cmd/tui/chat","Test":"TestChatModelPickerFiltersAndSwitchesModel","Elapsed":0}
{"Time":"2026-09-20T21:59:52.874373+10:00","Action":"run","Package":"github.com/ollama/ollama/cmd/tui/chat","Test":"TestChatModelSelectionStartsBackgroundPreload"}
{"Time":"2026-09-20T21:59:52.874384+10:00","Action":"output","Package":"github.com/ollama/ollama/cmd/tui/chat","Test":"TestChatModelSelectionStartsBackgroundPreload","Output":"=== RUN   TestChatModelSelectionStartsBackgroundPreload\n"}
{"Time":"2026-09-20T21:59:52.874396+10:00","Action":"output","Package":"github.com/ollama/ollama/cmd/tui/chat","Test":"TestChatModelSelectionStartsBackgroundPreload","Output":"--- PASS: TestChatModelSelectionStartsBackgroundPreload (0.00s)\n"}
{"Time":"2026-09-20T21:59:52.874411+10:00","Action":"pass","Package":"github.com/ollama/ollama/cmd/tui/chat","Test":"TestChatModelSelectionStartsBackgroundPreload","Elapsed":0}
{"Time":"2026-09-20T21:59:52.874424+10:00","Action":"run","Package":"github.com/ollama/ollama/cmd/tui/chat","Test":"TestChatModelSwitchNextRunKeepsHistory"}
{"Time":"2026-09-20T21:59:52.874435+10:00","Action":"output","Package":"github.com/ollama/ollama/cmd/tui/chat","Test":"TestChatModelSwitchNextRunKeepsHistory","Output":"=== RUN   TestChatModelSwitchNextRunKeepsHistory\n"}
{"Time":"2026-09-20T21:59:52.874448+10:00","Action":"output","Package":"github.com/ollama/ollama/cmd/tui/chat","Test":"TestChatModelSwitchNextRunKeepsHistory","Output":"--- PASS: TestChatModelSwitchNextRunKeepsHistory (0.00s)\n"}
{"Time":"2026-09-20T21:59:52.874459+10:00","Action":"pass","Package":"github.com/ollama/ollama/cmd/tui/chat","Test":"TestChatModelSwitchNextRunKeepsHistory","Elapsed":0}
{"Time":"2026-09-20T21:59:52.874476+10:00","Action":"run","Package":"github.com/ollama/ollama/cmd/tui/chat","Test":"TestChatStartRunAttachesDroppedImagePath"}
{"Time":"2026-09-20T21:59:52.874487+10:00","Action":"output","Package":"github.com/ollama/ollama/cmd/tui/chat","Test":"TestChatStartRunAttachesDroppedImagePath","Output":"=== RUN   TestChatStartRunAttachesDroppedImagePath\n"}
{"Time":"2026-09-20T21:59:52.876728+10:00","Action":"output","Package":"github.com/ollama/ollama/cmd/tui/chat","Test":"TestChatStartRunAttachesDroppedImagePath","Output":"--- PASS: TestChatStartRunAttachesDroppedImagePath (0.00s)\n"}
{"Time":"2026-09-20T21:59:52.876773+10:00","Action":"pass","Package":"github.com/ollama/ollama/cmd/tui/chat","Test":"TestChatStartRunAttachesDroppedImagePath","Elapsed":0}
{"Time":"2026-09-20T21:59:52.876795+10:00","Action":"run","Package":"github.com/ollama/ollama/cmd/tui/chat","Test":"TestChatStartRunAttachesDroppedFileURL"}
{"Time":"2026-09-20T21:59:52.876812+10:00","Action":"output","Package":"github.com/ollama/ollama/cmd/tui/chat","Test":"TestChatStartRunAttachesDroppedFileURL","Output":"=== RUN   TestChatStartRunAttachesDroppedFileURL\n"}
{"Time":"2026-09-20T21:59:52.882067+10:00","Action":"output","Package":"github.com/ollama/ollama/cmd/tui/chat","Test":"TestChatStartRunAttachesDroppedFileURL","Output":"--- PASS: TestChatStartRunAttachesDroppedFileURL (0.00s)\n"}
{"Time":"2026-09-20T21:59:52.882122+10:00","Action":"pass","Package":"github.com/ollama/ollama/cmd/tui/chat","Test":"TestChatStartRunAttachesDroppedFileURL","Elapsed":0}
{"Time":"2026-09-20T21:59:52.882138+10:00","Action":"run","Package":"github.com/ollama/ollama/cmd/tui/chat","Test":"TestChatPasteImagePathAttachesOnSubmit"}
{"Time":"2026-09-20T21:59:52.88215+10:00","Action":"output","Package":"github.com/ollama/ollama/cmd/tui/chat","Test":"TestChatPasteImagePathAttachesOnSubmit","Output":"=== RUN   TestChatPasteImagePathAttachesOnSubmit\n"}
{"Time":"2026-09-20T21:59:52.88683+10:00","Action":"output","Package":"github.com/ollama/ollama/cmd/tui/chat","Test":"TestChatPasteImagePathAttachesOnSubmit","Output":"--- PASS: TestChatPasteImagePathAttachesOnSubmit (0.01s)\n"}
{"Time":"2026-09-20T21:59:52.886872+10:00","Action":"pass","Package":"github.com/ollama/ollama/cmd/tui/chat","Test":"TestChatPasteImagePathAttachesOnSubmit","Elapsed":0.01}
{"Time":"2026-09-20T21:59:52.886888+10:00","Action":"run","Package":"github.com/ollama/ollama/cmd/tui/chat","Test":"TestChatPasteImagePathAfterSwitchingToMultimodalModel"}
{"Time":"2026-09-20T21:59:52.886907+10:00","Action":"output","Package":"github.com/ollama/ollama/cmd/tui/chat","Test":"TestChatPasteImagePathAfterSwitchingToMultimodalModel","Output":"=== RUN   TestChatPasteImagePathAfterSwitchingToMultimodalModel\n"}
{"Time":"2026-09-20T21:59:52.889342+10:00","Action":"output","Package":"github.com/ollama/ollama/cmd/tui/chat","Test":"TestChatPasteImagePathAfterSwitchingToMultimodalModel","Output":"--- PASS: TestChatPasteImagePathAfterSwitchingToMultimodalModel (0.00s)\n"}
{"Time":"2026-09-20T21:59:52.889432+10:00","Action":"pass","Package":"github.com/ollama/ollama/cmd/tui/chat","Test":"TestChatPasteImagePathAfterSwitchingToMultimodalModel","Elapsed":0}
{"Time":"2026-09-20T21:59:52.889459+10:00","Action":"run","Package":"github.com/ollama/ollama/cmd/tui/chat","Test":"TestChatImagePlaceholdersUseSessionNumbers"}
{"Time":"2026-09-20T21:59:52.889475+10:00","Action":"output","Package":"github.com/ollama/ollama/cmd/tui/chat","Test":"TestChatImagePlaceholdersUseSessionNumbers","Output":"=== RUN   TestChatImagePlaceholdersUseSessionNumbers\n"}
{"Time":"2026-09-20T21:59:52.89506+10:00","Action":"output","Package":"github.com/ollama/ollama/cmd/tui/chat","Test":"TestChatImagePlaceholdersUseSessionNumbers","Output":"--- PASS: TestChatImagePlaceholdersUseSessionNumbers (0.01s)\n"}
{"Time":"2026-09-20T21:59:52.89511+10:00","Action":"pass","Package":"github.com/ollama/ollama/cmd/tui/chat","Test":"TestChatImagePlaceholdersUseSessionNumbers","Elapsed":0.01}
{"Time":"2026-09-20T21:59:52.895126+10:00","Action":"run","Package":"github.com/ollama/ollama/cmd/tui/chat","Test":"TestChatAbsoluteImagePathBypassesSlashCommandParsing"}
{"Time":"2026-09-20T21:59:52.89514+10:00","Action":"output","Package":"github.com/ollama/ollama/cmd/tui/chat","Test":"TestChatAbsoluteImagePathBypassesSlashCommandParsing","Output":"=== RUN   TestChatAbsoluteImagePathBypassesSlashCommandParsing\n"}
{"Time":"2026-09-20T21:59:52.897753+10:00","Action":"output","Package":"github.com/ollama/ollama/cmd/tui/chat","Test":"TestChatAbsoluteImagePathBypassesSlashCommandParsing","Output":"--- PASS: TestChatAbsoluteImagePathBypassesSlashCommandParsing (0.00s)\n"}
{"Time":"2026-09-20T21:59:52.897799+10:00","Action":"pass","Package":"github.com/ollama/ollama/cmd/tui/chat","Test":"TestChatAbsoluteImagePathBypassesSlashCommandParsing","Elapsed":0}
{"Time":"2026-09-20T21:59:52.897814+10:00","Action":"run","Package":"github.com/ollama/ollama/cmd/tui/chat","Test":"TestChatDeletingImagePlaceholderRemovesAttachment"}
{"Time":"2026-09-20T21:59:52.897827+10:00","Action":"output","Package":"github.com/ollama/ollama/cmd/tui/chat","Test":"TestChatDeletingImagePlaceholderRemovesAttachment","Output":"=== RUN   TestChatDeletingImagePlaceholderRemovesAttachment\n"}
{"Time":"2026-09-20T21:59:52.899571+10:00","Action":"output","Package":"github.com/ollama/ollama/cmd/tui/chat","Test":"TestChatDeletingImagePlaceholderRemovesAttachment","Output":"--- PASS: TestChatDeletingImagePlaceholderRemovesAttachment (0.00s)\n"}
{"Time":"2026-09-20T21:59:52.899618+10:00","Action":"pass","Package":"github.com/ollama/ollama/cmd/tui/chat","Test":"TestChatDeletingImagePlaceholderRemovesAttachment","Elapsed":0}
{"Time":"2026-09-20T21:59:52.899664+10:00","Action":"run","Package":"github.com/ollama/ollama/cmd/tui/chat","Test":"TestChatWordDeletingImagePlaceholderRemovesAttachment"}
{"Time":"2026-09-20T21:59:52.899683+10:00","Action":"output","Package":"github.com/ollama/ollama/cmd/tui/chat","Test":"TestChatWordDeletingImagePlaceholderRemovesAttachment","Output":"=== RUN   TestChatWordDeletingImagePlaceholderRemovesAttachment\n"}
{"Time":"2026-09-20T21:59:52.902065+10:00","Action":"output","Package":"github.com/ollama/ollama/cmd/tui/chat","Test":"TestChatWordDeletingImagePlaceholderRemovesAttachment","Output":"--- PASS: TestChatWordDeletingImagePlaceholderRemovesAttachment (0.00s)\n"}
{"Time":"2026-09-20T21:59:52.902179+10:00","Action":"pass","Package":"github.com/ollama/ollama/cmd/tui/chat","Test":"TestChatWordDeletingImagePlaceholderRemovesAttachment","Elapsed":0}
{"Time":"2026-09-20T21:59:52.902194+10:00","Action":"run","Package":"github.com/ollama/ollama/cmd/tui/chat","Test":"TestChatAssistantEntryHasNoLabel"}
{"Time":"2026-09-20T21:59:52.902207+10:00","Action":"output","Package":"github.com/ollama/ollama/cmd/tui/chat","Test":"TestChatAssistantEntryHasNoLabel","Output":"=== RUN   TestChatAssistantEntryHasNoLabel\n"}
{"Time":"2026-09-20T21:59:52.90222+10:00","Action":"output","Package":"github.com/ollama/ollama/cmd/tui/chat","Test":"TestChatAssistantEntryHasNoLabel","Output":"--- PASS: TestChatAssistantEntryHasNoLabel (0.00s)\n"}
{"Time":"2026-09-20T21:59:52.902234+10:00","Action":"pass","Package":"github.com/ollama/ollama/cmd/tui/chat","Test":"TestChatAssistantEntryHasNoLabel","Elapsed":0}
{"Time":"2026-09-20T21:59:52.902252+10:00","Action":"run","Package":"github.com/ollama/ollama/cmd/tui/chat","Test":"TestChatViewRendersEmptyPromptHint"}
{"Time":"2026-09-20T21:59:52.902266+10:00","Action":"output","Package":"github.com/ollama/ollama/cmd/tui/chat","Test":"TestChatViewRendersEmptyPromptHint","Output":"=== RUN   TestChatViewRendersEmptyPromptHint\n"}
{"Time":"2026-09-20T21:59:52.902279+10:00","Action":"output","Package":"github.com/ollama/ollama/cmd/tui/chat","Test":"TestChatViewRendersEmptyPromptHint","Output":"--- PASS: TestChatViewRendersEmptyPromptHint (0.00s)\n"}
{"Time":"2026-09-20T21:59:52.902298+10:00","Action":"pass","Package":"github.com/ollama/ollama/cmd/tui/chat","Test":"TestChatViewRendersEmptyPromptHint","Elapsed":0}
{"Time":"2026-09-20T21:59:52.902313+10:00","Action":"run","Package":"github.com/ollama/ollama/cmd/tui/chat","Test":"TestChatUserEntryHasNoLabel"}
{"Time":"2026-09-20T21:59:52.902324+10:00","Action":"output","Package":"github.com/ollama/ollama/cmd/tui/chat","Test":"TestChatUserEntryHasNoLabel","Output":"=== RUN   TestChatUserEntryHasNoLabel\n"}
{"Time":"2026-09-20T21:59:52.902336+10:00","Action":"output","Package":"github.com/ollama/ollama/cmd/tui/chat","Test":"TestChatUserEntryHasNoLabel","Output":"--- PASS: TestChatUserEntryHasNoLabel (0.00s)\n"}
{"Time":"2026-09-20T21:59:52.902347+10:00","Action":"pass","Package":"github.com/ollama/ollama/cmd/tui/chat","Test":"TestChatUserEntryHasNoLabel","Elapsed":0}
{"Time":"2026-09-20T21:59:52.902391+10:00","Action":"run","Package":"github.com/ollama/ollama/cmd/tui/chat","Test":"TestChatSystemEntryHasNoLabel"}
{"Time":"2026-09-20T21:59:52.902405+10:00","Action":"output","Package":"github.com/ollama/ollama/cmd/tui/chat","Test":"TestChatSystemEntryHasNoLabel","Output":"=== RUN   TestChatSystemEntryHasNoLabel\n"}
{"Time":"2026-09-20T21:59:52.902429+10:00","Action":"output","Package":"github.com/ollama/ollama/cmd/tui/chat","Test":"TestChatSystemEntryHasNoLabel","Output":"--- PASS: TestChatSystemEntryHasNoLabel (0.00s)\n"}
{"Time":"2026-09-20T21:59:52.902443+10:00","Action":"pass","Package":"github.com/ollama/ollama/cmd/tui/chat","Test":"TestChatSystemEntryHasNoLabel","Elapsed":0}
{"Time":"2026-09-20T21:59:52.902455+10:00","Action":"run","Package":"github.com/ollama/ollama/cmd/tui/chat","Test":"TestChatMixedToolGroupUsesMixedPrefix"}
{"Time":"2026-09-20T21:59:52.902468+10:00","Action":"output","Package":"github.com/ollama/ollama/cmd/tui/chat","Test":"TestChatMixedToolGroupUsesMixedPrefix","Output":"=== RUN   TestChatMixedToolGroupUsesMixedPrefix\n"}
{"Time":"2026-09-20T21:59:52.90248+10:00","Action":"output","Package":"github.com/ollama/ollama/cmd/tui/chat","Test":"TestChatMixedToolGroupUsesMixedPrefix","Output":"--- PASS: TestChatMixedToolGroupUsesMixedPrefix (0.00s)\n"}
{"Time":"2026-09-20T21:59:52.902491+10:00","Action":"pass","Package":"github.com/ollama/ollama/cmd/tui/chat","Test":"TestChatMixedToolGroupUsesMixedPrefix","Elapsed":0}
{"Time":"2026-09-20T21:59:52.902502+10:00","Action":"run","Package":"github.com/ollama/ollama/cmd/tui/chat","Test":"TestChatToolStatusLineDoesNotUseDisclosureGlyph"}
{"Time":"2026-09-20T21:59:52.902512+10:00","Action":"output","Package":"github.com/ollama/ollama/cmd/tui/chat","Test":"TestChatToolStatusLineDoesNotUseDisclosureGlyph","Output":"=== RUN   TestChatToolStatusLineDoesNotUseDisclosureGlyph\n"}
{"Time":"2026-09-20T21:59:52.902524+10:00","Action":"output","Package":"github.com/ollama/ollama/cmd/tui/chat","Test":"TestChatToolStatusLineDoesNotUseDisclosureGlyph","Output":"--- PASS: TestChatToolStatusLineDoesNotUseDisclosureGlyph (0.00s)\n"}
{"Time":"2026-09-20T21:59:52.902552+10:00","Action":"pass","Package":"github.com/ollama/ollama/cmd/tui/chat","Test":"TestChatToolStatusLineDoesNotUseDisclosureGlyph","Elapsed":0}
{"Time":"2026-09-20T21:59:52.902563+10:00","Action":"run","Package":"github.com/ollama/ollama/cmd/tui/chat","Test":"TestChatCompletedToolStatusLineUsesResultStyle"}
{"Time":"2026-09-20T21:59:52.902574+10:00","Action":"output","Package":"github.com/ollama/ollama/cmd/tui/chat","Test":"TestChatCompletedToolStatusLineUsesResultStyle","Output":"=== RUN   TestChatCompletedToolStatusLineUsesResultStyle\n"}
{"Time":"2026-09-20T21:59:52.902586+10:00","Action":"output","Package":"github.com/ollama/ollama/cmd/tui/chat","Test":"TestChatCompletedToolStatusLineUsesResultStyle","Output":"--- PASS: TestChatCompletedToolStatusLineUsesResultStyle (0.00s)\n"}
{"Time":"2026-09-20T21:59:52.902597+10:00","Action":"pass","Package":"github.com/ollama/ollama/cmd/tui/chat","Test":"TestChatCompletedToolStatusLineUsesResultStyle","Elapsed":0}
{"Time":"2026-09-20T21:59:52.902609+10:00","Action":"run","Package":"github.com/ollama/ollama/cmd/tui/chat","Test":"TestChatToolStatusMarkerUsesStateColors"}
{"Time":"2026-09-20T21:59:52.902619+10:00","Action":"output","Package":"github.com/ollama/ollama/cmd/tui/chat","Test":"TestChatToolStatusMarkerUsesStateColors","Output":"=== RUN   TestChatToolStatusMarkerUsesStateColors\n"}
{"Time":"2026-09-20T21:59:52.902631+10:00","Action":"output","Package":"github.com/ollama/ollama/cmd/tui/chat","Test":"TestChatToolStatusMarkerUsesStateColors","Output":"--- PASS: TestChatToolStatusMarkerUsesStateColors (0.00s)\n"}
{"Time":"2026-09-20T21:59:52.902642+10:00","Action":"pass","Package":"github.com/ollama/ollama/cmd/tui/chat","Test":"TestChatToolStatusMarkerUsesStateColors","Elapsed":0}
{"Time":"2026-09-20T21:59:52.902653+10:00","Action":"run","Package":"github.com/ollama/ollama/cmd/tui/chat","Test":"TestChatViewRendersInputBox"}
{"Time":"2026-09-20T21:59:52.902668+10:00","Action":"output","Package":"github.com/ollama/ollama/cmd/tui/chat","Test":"TestChatViewRendersInputBox","Output":"=== RUN   TestChatViewRendersInputBox\n"}
{"Time":"2026-09-20T21:59:52.90268+10:00","Action":"output","Package":"github.com/ollama/ollama/cmd/tui/chat","Test":"TestChatViewRendersInputBox","Output":"--- PASS: TestChatViewRendersInputBox (0.00s)\n"}
{"Time":"2026-09-20T21:59:52.902691+10:00","Action":"pass","Package":"github.com/ollama/ollama/cmd/tui/chat","Test":"TestChatViewRendersInputBox","Elapsed":0}
{"Time":"2026-09-20T21:59:52.902702+10:00","Action":"run","Package":"github.com/ollama/ollama/cmd/tui/chat","Test":"TestChatViewRendersSentUserPromptWithoutPrefix"}
{"Time":"2026-09-20T21:59:52.902712+10:00","Action":"output","Package":"github.com/ollama/ollama/cmd/tui/chat","Test":"TestChatViewRendersSentUserPromptWithoutPrefix","Output":"=== RUN   TestChatViewRendersSentUserPromptWithoutPrefix\n"}
{"Time":"2026-09-20T21:59:52.902725+10:00","Action":"output","Package":"github.com/ollama/ollama/cmd/tui/chat","Test":"TestChatViewRendersSentUserPromptWithoutPrefix","Output":"--- PASS: TestChatViewRendersSentUserPromptWithoutPrefix (0.00s)\n"}
{"Time":"2026-09-20T21:59:52.902742+10:00","Action":"pass","Package":"github.com/ollama/ollama/cmd/tui/chat","Test":"TestChatViewRendersSentUserPromptWithoutPrefix","Elapsed":0}
{"Time":"2026-09-20T21:59:52.902753+10:00","Action":"run","Package":"github.com/ollama/ollama/cmd/tui/chat","Test":"TestChatFlowViewStartsAtInputWhenEmpty"}
{"Time":"2026-09-20T21:59:52.902764+10:00","Action":"output","Package":"github.com/ollama/ollama/cmd/tui/chat","Test":"TestChatFlowViewStartsAtInputWhenEmpty","Output":"=== RUN   TestChatFlowViewStartsAtInputWhenEmpty\n"}
{"Time":"2026-09-20T21:59:52.902781+10:00","Action":"output","Package":"github.com/ollama/ollama/cmd/tui/chat","Test":"TestChatFlowViewStartsAtInputWhenEmpty","Output":"--- PASS: TestChatFlowViewStartsAtInputWhenEmpty (0.00s)\n"}
{"Time":"2026-09-20T21:59:52.902797+10:00","Action":"pass","Package":"github.com/ollama/ollama/cmd/tui/chat","Test":"TestChatFlowViewStartsAtInputWhenEmpty","Elapsed":0}
{"Time":"2026-09-20T21:59:52.90286+10:00","Action":"run","Package":"github.com/ollama/ollama/cmd/tui/chat","Test":"TestFlowTranscriptChangedPrefixStartDetectsToolGrouping"}
{"Time":"2026-09-20T21:59:52.902888+10:00","Action":"output","Package":"github.com/ollama/ollama/cmd/tui/chat","Test":"TestFlowTranscriptChangedPrefixStartDetectsToolGrouping","Output":"=== RUN   TestFlowTranscriptChangedPrefixStartDetectsToolGrouping\n"}
{"Time":"2026-09-20T21:59:52.902906+10:00","Action":"output","Package":"github.com/ollama/ollama/cmd/tui/chat","Test":"TestFlowTranscriptChangedPrefixStartDetectsToolGrouping","Output":"--- PASS: TestFlowTranscriptChangedPrefixStartDetectsToolGrouping (0.00s)\n"}
{"Time":"2026-09-20T21:59:52.90292+10:00","Action":"pass","Package":"github.com/ollama/ollama/cmd/tui/chat","Test":"TestFlowTranscriptChangedPrefixStartDetectsToolGrouping","Elapsed":0}
{"Time":"2026-09-20T21:59:52.902936+10:00","Action":"run","Package":"github.com/ollama/ollama/cmd/tui/chat","Test":"TestFlowTranscriptChangedPrefixStartIgnoresAppendedLines"}
{"Time":"2026-09-20T21:59:52.902948+10:00","Action":"output","Package":"github.com/ollama/ollama/cmd/tui/chat","Test":"TestFlowTranscriptChangedPrefixStartIgnoresAppendedLines","Output":"=== RUN   TestFlowTranscriptChangedPrefixStartIgnoresAppendedLines\n"}
{"Time":"2026-09-20T21:59:52.90296+10:00","Action":"output","Package":"github.com/ollama/ollama/cmd/tui/chat","Test":"TestFlowTranscriptChangedPrefixStartIgnoresAppendedLines","Output":"--- PASS: TestFlowTranscriptChangedPrefixStartIgnoresAppendedLines (0.00s)\n"}
{"Time":"2026-09-20T21:59:52.902972+10:00","Action":"pass","Package":"github.com/ollama/ollama/cmd/tui/chat","Test":"TestFlowTranscriptChangedPrefixStartIgnoresAppendedLines","Elapsed":0}
{"Time":"2026-09-20T21:59:52.902984+10:00","Action":"run","Package":"github.com/ollama/ollama/cmd/tui/chat","Test":"TestChatViewRendersCursorWithEmptyPlaceholder"}
{"Time":"2026-09-20T21:59:52.902995+10:00","Action":"output","Package":"github.com/ollama/ollama/cmd/tui/chat","Test":"TestChatViewRendersCursorWithEmptyPlaceholder","Output":"=== RUN   TestChatViewRendersCursorWithEmptyPlaceholder\n"}
{"Time":"2026-09-20T21:59:52.903007+10:00","Action":"output","Package":"github.com/ollama/ollama/cmd/tui/chat","Test":"TestChatViewRendersCursorWithEmptyPlaceholder","Output":"--- PASS: TestChatViewRendersCursorWithEmptyPlaceholder (0.00s)\n"}
{"Time":"2026-09-20T21:59:52.903019+10:00","Action":"pass","Package":"github.com/ollama/ollama/cmd/tui/chat","Test":"TestChatViewRendersCursorWithEmptyPlaceholder","Elapsed":0}
{"Time":"2026-09-20T21:59:52.903031+10:00","Action":"run","Package":"github.com/ollama/ollama/cmd/tui/chat","Test":"TestChatViewRendersModelUnderInputBox"}
{"Time":"2026-09-20T21:59:52.903041+10:00","Action":"output","Package":"github.com/ollama/ollama/cmd/tui/chat","Test":"TestChatViewRendersModelUnderInputBox","Output":"=== RUN   TestChatViewRendersModelUnderInputBox\n"}
{"Time":"2026-09-20T21:59:52.903055+10:00","Action":"output","Package":"github.com/ollama/ollama/cmd/tui/chat","Test":"TestChatViewRendersModelUnderInputBox","Output":"--- PASS: TestChatViewRendersModelUnderInputBox (0.00s)\n"}
{"Time":"2026-09-20T21:59:52.903072+10:00","Action":"pass","Package":"github.com/ollama/ollama/cmd/tui/chat","Test":"TestChatViewRendersModelUnderInputBox","Elapsed":0}
{"Time":"2026-09-20T21:59:52.903083+10:00","Action":"run","Package":"github.com/ollama/ollama/cmd/tui/chat","Test":"TestChatViewExpandsInputBoxForLongPrompt"}
{"Time":"2026-09-20T21:59:52.903093+10:00","Action":"output","Package":"github.com/ollama/ollama/cmd/tui/chat","Test":"TestChatViewExpandsInputBoxForLongPrompt","Output":"=== RUN   TestChatViewExpandsInputBoxForLongPrompt\n"}
{"Time":"2026-09-20T21:59:52.903129+10:00","Action":"output","Package":"github.com/ollama/ollama/cmd/tui/chat","Test":"TestChatViewExpandsInputBoxForLongPrompt","Output":"--- PASS: TestChatViewExpandsInputBoxForLongPrompt (0.00s)\n"}
{"Time":"2026-09-20T21:59:52.903144+10:00","Action":"pass","Package":"github.com/ollama/ollama/cmd/tui/chat","Test":"TestChatViewExpandsInputBoxForLongPrompt","Elapsed":0}
{"Time":"2026-09-20T21:59:52.903155+10:00","Action":"run","Package":"github.com/ollama/ollama/cmd/tui/chat","Test":"TestChatViewCapsTallInputBox"}
{"Time":"2026-09-20T21:59:52.903165+10:00","Action":"output","Package":"github.com/ollama/ollama/cmd/tui/chat","Test":"TestChatViewCapsTallInputBox","Output":"=== RUN   TestChatViewCapsTallInputBox\n"}
{"Time":"2026-09-20T21:59:52.906788+10:00","Action":"output","Package":"github.com/ollama/ollama/cmd/tui/chat","Test":"TestChatViewCapsTallInputBox","Output":"--- PASS: TestChatViewCapsTallInputBox (0.00s)\n"}
{"Time":"2026-09-20T21:59:52.906863+10:00","Action":"pass","Package":"github.com/ollama/ollama/cmd/tui/chat","Test":"TestChatViewCapsTallInputBox","Elapsed":0}
{"Time":"2026-09-20T21:59:52.90688+10:00","Action":"run","Package":"github.com/ollama/ollama/cmd/tui/chat","Test":"TestChatViewWrapsNotificationWhenNarrow"}
{"Time":"2026-09-20T21:59:52.906893+10:00","Action":"output","Package":"github.com/ollama/ollama/cmd/tui/chat","Test":"TestChatViewWrapsNotificationWhenNarrow","Output":"=== RUN   TestChatViewWrapsNotificationWhenNarrow\n"}
{"Time":"2026-09-20T21:59:52.906909+10:00","Action":"output","Package":"github.com/ollama/ollama/cmd/tui/chat","Test":"TestChatViewWrapsNotificationWhenNarrow","Output":"--- PASS: TestChatViewWrapsNotificationWhenNarrow (0.00s)\n"}
{"Time":"2026-09-20T21:59:52.906923+10:00","Action":"pass","Package":"github.com/ollama/ollama/cmd/tui/chat","Test":"TestChatViewWrapsNotificationWhenNarrow","Elapsed":0}
{"Time":"2026-09-20T21:59:52.906935+10:00","Action":"run","Package":"github.com/ollama/ollama/cmd/tui/chat","Test":"TestPromptTokenTextDoesNotUseCompactionFallback"}
{"Time":"2026-09-20T21:59:52.906946+10:00","Action":"output","Package":"github.com/ollama/ollama/cmd/tui/chat","Test":"TestPromptTokenTextDoesNotUseCompactionFallback","Output":"=== RUN   TestPromptTokenTextDoesNotUseCompactionFallback\n"}
{"Time":"2026-09-20T21:59:52.906967+10:00","Action":"output","Package":"github.com/ollama/ollama/cmd/tui/chat","Test":"TestPromptTokenTextDoesNotUseCompactionFallback","Output":"--- PASS: TestPromptTokenTextDoesNotUseCompactionFallback (0.00s)\n"}
{"Time":"2026-09-20T21:59:52.906986+10:00","Action":"pass","Package":"github.com/ollama/ollama/cmd/tui/chat","Test":"TestPromptTokenTextDoesNotUseCompactionFallback","Elapsed":0}
{"Time":"2026-09-20T21:59:52.906999+10:00","Action":"run","Package":"github.com/ollama/ollama/cmd/tui/chat","Test":"TestPreloadDoneUpdatesContextWindowTokens"}
{"Time":"2026-09-20T21:59:52.907012+10:00","Action":"output","Package":"github.com/ollama/ollama/cmd/tui/chat","Test":"TestPreloadDoneUpdatesContextWindowTokens","Output":"=== RUN   TestPreloadDoneUpdatesContextWindowTokens\n"}
{"Time":"2026-09-20T21:59:52.907027+10:00","Action":"output","Package":"github.com/ollama/ollama/cmd/tui/chat","Test":"TestPreloadDoneUpdatesContextWindowTokens","Output":"--- PASS: TestPreloadDoneUpdatesContextWindowTokens (0.00s)\n"}
{"Time":"2026-09-20T21:59:52.90704+10:00","Action":"pass","Package":"github.com/ollama/ollama/cmd/tui/chat","Test":"TestPreloadDoneUpdatesContextWindowTokens","Elapsed":0}
{"Time":"2026-09-20T21:59:52.907053+10:00","Action":"run","Package":"github.com/ollama/ollama/cmd/tui/chat","Test":"TestChatViewRendersNotificationAboveInput"}
{"Time":"2026-09-20T21:59:52.907064+10:00","Action":"output","Package":"github.com/ollama/ollama/cmd/tui/chat","Test":"TestChatViewRendersNotificationAboveInput","Output":"=== RUN   TestChatViewRendersNotificationAboveInput\n"}
{"Time":"2026-09-20T21:59:52.907075+10:00","Action":"output","Package":"github.com/ollama/ollama/cmd/tui/chat","Test":"TestChatViewRendersNotificationAboveInput","Output":"--- PASS: TestChatViewRendersNotificationAboveInput (0.00s)\n"}
{"Time":"2026-09-20T21:59:52.907092+10:00","Action":"pass","Package":"github.com/ollama/ollama/cmd/tui/chat","Test":"TestChatViewRendersNotificationAboveInput","Elapsed":0}
{"Time":"2026-09-20T21:59:52.907116+10:00","Action":"run","Package":"github.com/ollama/ollama/cmd/tui/chat","Test":"TestChatNotificationsUseSecondaryStyle"}
{"Time":"2026-09-20T21:59:52.907129+10:00","Action":"output","Package":"github.com/ollama/ollama/cmd/tui/chat","Test":"TestChatNotificationsUseSecondaryStyle","Output":"=== RUN   TestChatNotificationsUseSecondaryStyle\n"}
{"Time":"2026-09-20T21:59:52.90714+10:00","Action":"output","Package":"github.com/ollama/ollama/cmd/tui/chat","Test":"TestChatNotificationsUseSecondaryStyle","Output":"--- PASS: TestChatNotificationsUseSecondaryStyle (0.00s)\n"}
{"Time":"2026-09-20T21:59:52.907157+10:00","Action":"pass","Package":"github.com/ollama/ollama/cmd/tui/chat","Test":"TestChatNotificationsUseSecondaryStyle","Elapsed":0}
{"Time":"2026-09-20T21:59:52.907172+10:00","Action":"run","Package":"github.com/ollama/ollama/cmd/tui/chat","Test":"TestChatSubmittedPromptUsesThemeSecondaryGrey"}
{"Time":"2026-09-20T21:59:52.907183+10:00","Action":"output","Package":"github.com/ollama/ollama/cmd/tui/chat","Test":"TestChatSubmittedPromptUsesThemeSecondaryGrey","Output":"=== RUN   TestChatSubmittedPromptUsesThemeSecondaryGrey\n"}
{"Time":"2026-09-20T21:59:52.907194+10:00","Action":"output","Package":"github.com/ollama/ollama/cmd/tui/chat","Test":"TestChatSubmittedPromptUsesThemeSecondaryGrey","Output":"--- PASS: TestChatSubmittedPromptUsesThemeSecondaryGrey (0.00s)\n"}
{"Time":"2026-09-20T21:59:52.907205+10:00","Action":"pass","Package":"github.com/ollama/ollama/cmd/tui/chat","Test":"TestChatSubmittedPromptUsesThemeSecondaryGrey","Elapsed":0}
{"Time":"2026-09-20T21:59:52.907222+10:00","Action":"run","Package":"github.com/ollama/ollama/cmd/tui/chat","Test":"TestChatToolOutputUsesDistinctSecondaryGrey"}
{"Time":"2026-09-20T21:59:52.907308+10:00","Action":"output","Package":"github.com/ollama/ollama/cmd/tui/chat","Test":"TestChatToolOutputUsesDistinctSecondaryGrey","Output":"=== RUN   TestChatToolOutputUsesDistinctSecondaryGrey\n"}
{"Time":"2026-09-20T21:59:52.907322+10:00","Action":"output","Package":"github.com/ollama/ollama/cmd/tui/chat","Test":"TestChatToolOutputUsesDistinctSecondaryGrey","Output":"--- PASS: TestChatToolOutputUsesDistinctSecondaryGrey (0.00s)\n"}
{"Time":"2026-09-20T21:59:52.907333+10:00","Action":"pass","Package":"github.com/ollama/ollama/cmd/tui/chat","Test":"TestChatToolOutputUsesDistinctSecondaryGrey","Elapsed":0}
{"Time":"2026-09-20T21:59:52.907349+10:00","Action":"run","Package":"github.com/ollama/ollama/cmd/tui/chat","Test":"TestChatInlineCodeDoesNotLookSelected"}
{"Time":"2026-09-20T21:59:52.907365+10:00","Action":"output","Package":"github.com/ollama/ollama/cmd/tui/chat","Test":"TestChatInlineCodeDoesNotLookSelected","Output":"=== RUN   TestChatInlineCodeDoesNotLookSelected\n"}
{"Time":"2026-09-20T21:59:52.907384+10:00","Action":"output","Package":"github.com/ollama/ollama/cmd/tui/chat","Test":"TestChatInlineCodeDoesNotLookSelected","Output":"--- PASS: TestChatInlineCodeDoesNotLookSelected (0.00s)\n"}
{"Time":"2026-09-20T21:59:52.907409+10:00","Action":"pass","Package":"github.com/ollama/ollama/cmd/tui/chat","Test":"TestChatInlineCodeDoesNotLookSelected","Elapsed":0}
{"Time":"2026-09-20T21:59:52.907425+10:00","Action":"run","Package":"github.com/ollama/ollama/cmd/tui/chat","Test":"TestChatViewKeepsInputBoxWhileRunning"}
{"Time":"2026-09-20T21:59:52.907438+10:00","Action":"output","Package":"github.com/ollama/ollama/cmd/tui/chat","Test":"TestChatViewKeepsInputBoxWhileRunning","Output":"=== RUN   TestChatViewKeepsInputBoxWhileRunning\n"}
{"Time":"2026-09-20T21:59:52.907451+10:00","Action":"output","Package":"github.com/ollama/ollama/cmd/tui/chat","Test":"TestChatViewKeepsInputBoxWhileRunning","Output":"--- PASS: TestChatViewKeepsInputBoxWhileRunning (0.00s)\n"}
{"Time":"2026-09-20T21:59:52.907465+10:00","Action":"pass","Package":"github.com/ollama/ollama/cmd/tui/chat","Test":"TestChatViewKeepsInputBoxWhileRunning","Elapsed":0}
{"Time":"2026-09-20T21:59:52.907479+10:00","Action":"run","Package":"github.com/ollama/ollama/cmd/tui/chat","Test":"TestChatToolFinishedUpdatesLiveWorkingDirOnly"}
{"Time":"2026-09-20T21:59:52.90749+10:00","Action":"output","Package":"github.com/ollama/ollama/cmd/tui/chat","Test":"TestChatToolFinishedUpdatesLiveWorkingDirOnly","Output":"=== RUN   TestChatToolFinishedUpdatesLiveWorkingDirOnly\n"}
{"Time":"2026-09-20T21:59:52.908425+10:00","Action":"output","Package":"github.com/ollama/ollama/cmd/tui/chat","Test":"TestChatToolFinishedUpdatesLiveWorkingDirOnly","Output":"--- PASS: TestChatToolFinishedUpdatesLiveWorkingDirOnly (0.00s)\n"}
{"Time":"2026-09-20T21:59:52.908462+10:00","Action":"pass","Package":"github.com/ollama/ollama/cmd/tui/chat","Test":"TestChatToolFinishedUpdatesLiveWorkingDirOnly","Elapsed":0}
{"Time":"2026-09-20T21:59:52.908476+10:00","Action":"run","Package":"github.com/ollama/ollama/cmd/tui/chat","Test":"TestChatBoundedFramePinsInputAfterResize"}
{"Time":"2026-09-20T21:59:52.908487+10:00","Action":"output","Package":"github.com/ollama/ollama/cmd/tui/chat","Test":"TestChatBoundedFramePinsInputAfterResize","Output":"=== RUN   TestChatBoundedFramePinsInputAfterResize\n"}
{"Time":"2026-09-20T21:59:52.908542+10:00","Action":"output","Package":"github.com/ollama/ollama/cmd/tui/chat","Test":"TestChatBoundedFramePinsInputAfterResize","Output":"--- PASS: TestChatBoundedFramePinsInputAfterResize (0.00s)\n"}
{"Time":"2026-09-20T21:59:52.908561+10:00","Action":"pass","Package":"github.com/ollama/ollama/cmd/tui/chat","Test":"TestChatBoundedFramePinsInputAfterResize","Elapsed":0}
{"Time":"2026-09-20T21:59:52.908573+10:00","Action":"run","Package":"github.com/ollama/ollama/cmd/tui/chat","Test":"TestChatViewSeparatesActionStatusFromTranscript"}
{"Time":"2026-09-20T21:59:52.908584+10:00","Action":"output","Package":"github.com/ollama/ollama/cmd/tui/chat","Test":"TestChatViewSeparatesActionStatusFromTranscript","Output":"=== RUN   TestChatViewSeparatesActionStatusFromTranscript\n"}
{"Time":"2026-09-20T21:59:52.908606+10:00","Action":"output","Package":"github.com/ollama/ollama/cmd/tui/chat","Test":"TestChatViewSeparatesActionStatusFromTranscript","Output":"--- PASS: TestChatViewSeparatesActionStatusFromTranscript (0.00s)\n"}
{"Time":"2026-09-20T21:59:52.90862+10:00","Action":"pass","Package":"github.com/ollama/ollama/cmd/tui/chat","Test":"TestChatViewSeparatesActionStatusFromTranscript","Elapsed":0}
{"Time":"2026-09-20T21:59:52.908632+10:00","Action":"run","Package":"github.com/ollama/ollama/cmd/tui/chat","Test":"TestChatViewDoesNotReserveIdleActionSpacerAfterResponse"}
{"Time":"2026-09-20T21:59:52.908648+10:00","Action":"output","Package":"github.com/ollama/ollama/cmd/tui/chat","Test":"TestChatViewDoesNotReserveIdleActionSpacerAfterResponse","Output":"=== RUN   TestChatViewDoesNotReserveIdleActionSpacerAfterResponse\n"}
{"Time":"2026-09-20T21:59:52.908691+10:00","Action":"output","Package":"github.com/ollama/ollama/cmd/tui/chat","Test":"TestChatViewDoesNotReserveIdleActionSpacerAfterResponse","Output":"--- PASS: TestChatViewDoesNotReserveIdleActionSpacerAfterResponse (0.00s)\n"}
{"Time":"2026-09-20T21:59:52.908737+10:00","Action":"pass","Package":"github.com/ollama/ollama/cmd/tui/chat","Test":"TestChatViewDoesNotReserveIdleActionSpacerAfterResponse","Elapsed":0}
{"Time":"2026-09-20T21:59:52.908763+10:00","Action":"run","Package":"github.com/ollama/ollama/cmd/tui/chat","Test":"TestChatViewHidesEmptyHintWhileTyping"}
{"Time":"2026-09-20T21:59:52.908788+10:00","Action":"output","Package":"github.com/ollama/ollama/cmd/tui/chat","Test":"TestChatViewHidesEmptyHintWhileTyping","Output":"=== RUN   TestChatViewHidesEmptyHintWhileTyping\n"}
{"Time":"2026-09-20T21:59:52.908844+10:00","Action":"output","Package":"github.com/ollama/ollama/cmd/tui/chat","Test":"TestChatViewHidesEmptyHintWhileTyping","Output":"--- PASS: TestChatViewHidesEmptyHintWhileTyping (0.00s)\n"}
{"Time":"2026-09-20T21:59:52.908881+10:00","Action":"pass","Package":"github.com/ollama/ollama/cmd/tui/chat","Test":"TestChatViewHidesEmptyHintWhileTyping","Elapsed":0}
{"Time":"2026-09-20T21:59:52.90892+10:00","Action":"run","Package":"github.com/ollama/ollama/cmd/tui/chat","Test":"TestChatScrollsTranscript"}
{"Time":"2026-09-20T21:59:52.908958+10:00","Action":"output","Package":"github.com/ollama/ollama/cmd/tui/chat","Test":"TestChatScrollsTranscript","Output":"=== RUN   TestChatScrollsTranscript\n"}
{"Time":"2026-09-20T21:59:52.91051+10:00","Action":"output","Package":"github.com/ollama/ollama/cmd/tui/chat","Test":"TestChatScrollsTranscript","Output":"--- PASS: TestChatScrollsTranscript (0.00s)\n"}
{"Time":"2026-09-20T21:59:52.910569+10:00","Action":"pass","Package":"github.com/ollama/ollama/cmd/tui/chat","Test":"TestChatScrollsTranscript","Elapsed":0}
{"Time":"2026-09-20T21:59:52.910607+10:00","Action":"run","Package":"github.com/ollama/ollama/cmd/tui/chat","Test":"TestChatStreamingAssistantOutputHoldsLiveMarkdown"}
{"Time":"2026-09-20T21:59:52.910636+10:00","Action":"output","Package":"github.com/ollama/ollama/cmd/tui/chat","Test":"TestChatStreamingAssistantOutputHoldsLiveMarkdown","Output":"=== RUN   TestChatStreamingAssistantOutputHoldsLiveMarkdown\n"}
{"Time":"2026-09-20T21:59:52.910802+10:00","Action":"output","Package":"github.com/ollama/ollama/cmd/tui/chat","Test":"TestChatStreamingAssistantOutputHoldsLiveMarkdown","Output":"--- PASS: TestChatStreamingAssistantOutputHoldsLiveMarkdown (0.00s)\n"}
{"Time":"2026-09-20T21:59:52.91082+10:00","Action":"pass","Package":"github.com/ollama/ollama/cmd/tui/chat","Test":"TestChatStreamingAssistantOutputHoldsLiveMarkdown","Elapsed":0}
{"Time":"2026-09-20T21:59:52.910832+10:00","Action":"run","Package":"github.com/ollama/ollama/cmd/tui/chat","Test":"TestChatStreamingRendersBoldBareURLAfterCompletion"}
{"Time":"2026-09-20T21:59:52.910844+10:00","Action":"output","Package":"github.com/ollama/ollama/cmd/tui/chat","Test":"TestChatStreamingRendersBoldBareURLAfterCompletion","Output":"=== RUN   TestChatStreamingRendersBoldBareURLAfterCompletion\n"}
{"Time":"2026-09-20T21:59:52.910857+10:00","Action":"output","Package":"github.com/ollama/ollama/cmd/tui/chat","Test":"TestChatStreamingRendersBoldBareURLAfterCompletion","Output":"--- PASS: TestChatStreamingRendersBoldBareURLAfterCompletion (0.00s)\n"}
{"Time":"2026-09-20T21:59:52.910868+10:00","Action":"pass","Package":"github.com/ollama/ollama/cmd/tui/chat","Test":"TestChatStreamingRendersBoldBareURLAfterCompletion","Elapsed":0}
{"Time":"2026-09-20T21:59:52.91088+10:00","Action":"run","Package":"github.com/ollama/ollama/cmd/tui/chat","Test":"TestRenderMarkdownInlineWrapsStrongTextWithoutDelimiters"}
{"Time":"2026-09-20T21:59:52.910891+10:00","Action":"output","Package":"github.com/ollama/ollama/cmd/tui/chat","Test":"TestRenderMarkdownInlineWrapsStrongTextWithoutDelimiters","Output":"=== RUN   TestRenderMarkdownInlineWrapsStrongTextWithoutDelimiters\n"}
{"Time":"2026-09-20T21:59:52.910923+10:00","Action":"output","Package":"github.com/ollama/ollama/cmd/tui/chat","Test":"TestRenderMarkdownInlineWrapsStrongTextWithoutDelimiters","Output":"--- PASS: TestRenderMarkdownInlineWrapsStrongTextWithoutDelimiters (0.00s)\n"}
{"Time":"2026-09-20T21:59:52.910935+10:00","Action":"pass","Package":"github.com/ollama/ollama/cmd/tui/chat","Test":"TestRenderMarkdownInlineWrapsStrongTextWithoutDelimiters","Elapsed":0}
{"Time":"2026-09-20T21:59:52.910946+10:00","Action":"run","Package":"github.com/ollama/ollama/cmd/tui/chat","Test":"TestRenderMarkdownPreservesBareURLUnderscores"}
{"Time":"2026-09-20T21:59:52.910957+10:00","Action":"output","Package":"github.com/ollama/ollama/cmd/tui/chat","Test":"TestRenderMarkdownPreservesBareURLUnderscores","Output":"=== RUN   TestRenderMarkdownPreservesBareURLUnderscores\n"}
{"Time":"2026-09-20T21:59:52.910969+10:00","Action":"output","Package":"github.com/ollama/ollama/cmd/tui/chat","Test":"TestRenderMarkdownPreservesBareURLUnderscores","Output":"--- PASS: TestRenderMarkdownPreservesBareURLUnderscores (0.00s)\n"}
{"Time":"2026-09-20T21:59:52.91098+10:00","Action":"pass","Package":"github.com/ollama/ollama/cmd/tui/chat","Test":"TestRenderMarkdownPreservesBareURLUnderscores","Elapsed":0}
{"Time":"2026-09-20T21:59:52.910991+10:00","Action":"run","Package":"github.com/ollama/ollama/cmd/tui/chat","Test":"TestRenderMarkdownStrongAfterPunctuation"}
{"Time":"2026-09-20T21:59:52.911002+10:00","Action":"output","Package":"github.com/ollama/ollama/cmd/tui/chat","Test":"TestRenderMarkdownStrongAfterPunctuation","Output":"=== RUN   TestRenderMarkdownStrongAfterPunctuation\n"}
{"Time":"2026-09-20T21:59:52.911013+10:00","Action":"run","Package":"github.com/ollama/ollama/cmd/tui/chat","Test":"TestRenderMarkdownStrongAfterPunctuation/colon"}
{"Time":"2026-09-20T21:59:52.911037+10:00","Action":"output","Package":"github.com/ollama/ollama/cmd/tui/chat","Test":"TestRenderMarkdownStrongAfterPunctuation/colon","Output":"=== RUN   TestRenderMarkdownStrongAfterPunctuation/colon\n"}
{"Time":"2026-09-20T21:59:52.911052+10:00","Action":"output","Package":"github.com/ollama/ollama/cmd/tui/chat","Test":"TestRenderMarkdownStrongAfterPunctuation/colon","Output":"--- PASS: TestRenderMarkdownStrongAfterPunctuation/colon (0.00s)\n"}
{"Time":"2026-09-20T21:59:52.911065+10:00","Action":"pass","Package":"github.com/ollama/ollama/cmd/tui/chat","Test":"TestRenderMarkdownStrongAfterPunctuation/colon","Elapsed":0}
{"Time":"2026-09-20T21:59:52.911078+10:00","Action":"run","Package":"github.com/ollama/ollama/cmd/tui/chat","Test":"TestRenderMarkdownStrongAfterPunctuation/dash"}
{"Time":"2026-09-20T21:59:52.911089+10:00","Action":"output","Package":"github.com/ollama/ollama/cmd/tui/chat","Test":"TestRenderMarkdownStrongAfterPunctuation/dash","Output":"=== RUN   TestRenderMarkdownStrongAfterPunctuation/dash\n"}
{"Time":"2026-09-20T21:59:52.911102+10:00","Action":"output","Package":"github.com/ollama/ollama/cmd/tui/chat","Test":"TestRenderMarkdownStrongAfterPunctuation/dash","Output":"--- PASS: TestRenderMarkdownStrongAfterPunctuation/dash (0.00s)\n"}
{"Time":"2026-09-20T21:59:52.911115+10:00","Action":"pass","Package":"github.com/ollama/ollama/cmd/tui/chat","Test":"TestRenderMarkdownStrongAfterPunctuation/dash","Elapsed":0}
{"Time":"2026-09-20T21:59:52.911126+10:00","Action":"run","Package":"github.com/ollama/ollama/cmd/tui/chat","Test":"TestRenderMarkdownStrongAfterPunctuation/closing_parenthesis"}
{"Time":"2026-09-20T21:59:52.911137+10:00","Action":"output","Package":"github.com/ollama/ollama/cmd/tui/chat","Test":"TestRenderMarkdownStrongAfterPunctuation/closing_parenthesis","Output":"=== RUN   TestRenderMarkdownStrongAfterPunctuation/closing_parenthesis\n"}
{"Time":"2026-09-20T21:59:52.911148+10:00","Action":"output","Package":"github.com/ollama/ollama/cmd/tui/chat","Test":"TestRenderMarkdownStrongAfterPunctuation/closing_parenthesis","Output":"--- PASS: TestRenderMarkdownStrongAfterPunctuation/closing_parenthesis (0.00s)\n"}
{"Time":"2026-09-20T21:59:52.911159+10:00","Action":"pass","Package":"github.com/ollama/ollama/cmd/tui/chat","Test":"TestRenderMarkdownStrongAfterPunctuation/closing_parenthesis","Elapsed":0}
{"Time":"2026-09-20T21:59:52.911177+10:00","Action":"run","Package":"github.com/ollama/ollama/cmd/tui/chat","Test":"TestRenderMarkdownStrongAfterPunctuation/identifier"}
{"Time":"2026-09-20T21:59:52.911189+10:00","Action":"output","Package":"github.com/ollama/ollama/cmd/tui/chat","Test":"TestRenderMarkdownStrongAfterPunctuation/identifier","Output":"=== RUN   TestRenderMarkdownStrongAfterPunctuation/identifier\n"}
{"Time":"2026-09-20T21:59:52.911199+10:00","Action":"output","Package":"github.com/ollama/ollama/cmd/tui/chat","Test":"TestRenderMarkdownStrongAfterPunctuation/identifier","Output":"--- PASS: TestRenderMarkdownStrongAfterPunctuation/identifier (0.00s)\n"}
{"Time":"2026-09-20T21:59:52.91121+10:00","Action":"pass","Package":"github.com/ollama/ollama/cmd/tui/chat","Test":"TestRenderMarkdownStrongAfterPunctuation/identifier","Elapsed":0}
{"Time":"2026-09-20T21:59:52.911221+10:00","Action":"run","Package":"github.com/ollama/ollama/cmd/tui/chat","Test":"TestRenderMarkdownStrongAfterPunctuation/URL"}
{"Time":"2026-09-20T21:59:52.911231+10:00","Action":"output","Package":"github.com/ollama/ollama/cmd/tui/chat","Test":"TestRenderMarkdownStrongAfterPunctuation/URL","Output":"=== RUN   TestRenderMarkdownStrongAfterPunctuation/URL\n"}
{"Time":"2026-09-20T21:59:52.911296+10:00","Action":"output","Package":"github.com/ollama/ollama/cmd/tui/chat","Test":"TestRenderMarkdownStrongAfterPunctuation/URL","Output":"--- PASS: TestRenderMarkdownStrongAfterPunctuation/URL (0.00s)\n"}
{"Time":"2026-09-20T21:59:52.911384+10:00","Action":"pass","Package":"github.com/ollama/ollama/cmd/tui/chat","Test":"TestRenderMarkdownStrongAfterPunctuation/URL","Elapsed":0}
{"Time":"2026-09-20T21:59:52.9114+10:00","Action":"run","Package":"github.com/ollama/ollama/cmd/tui/chat","Test":"TestRenderMarkdownStrongAfterPunctuation/URL_punctuation"}
{"Time":"2026-09-20T21:59:52.911412+10:00","Action":"output","Package":"github.com/ollama/ollama/cmd/tui/chat","Test":"TestRenderMarkdownStrongAfterPunctuation/URL_punctuation","Output":"=== RUN   TestRenderMarkdownStrongAfterPunctuation/URL_punctuation\n"}
{"Time":"2026-09-20T21:59:52.911425+10:00","Action":"output","Package":"github.com/ollama/ollama/cmd/tui/chat","Test":"TestRenderMarkdownStrongAfterPunctuation/URL_punctuation","Output":"--- PASS: TestRenderMarkdownStrongAfterPunctuation/URL_punctuation (0.00s)\n"}
{"Time":"2026-09-20T21:59:52.911439+10:00","Action":"pass","Package":"github.com/ollama/ollama/cmd/tui/chat","Test":"TestRenderMarkdownStrongAfterPunctuation/URL_punctuation","Elapsed":0}
{"Time":"2026-09-20T21:59:52.911452+10:00","Action":"output","Package":"github.com/ollama/ollama/cmd/tui/chat","Test":"TestRenderMarkdownStrongAfterPunctuation","Output":"--- PASS: TestRenderMarkdownStrongAfterPunctuation (0.00s)\n"}
{"Time":"2026-09-20T21:59:52.911464+10:00","Action":"pass","Package":"github.com/ollama/ollama/cmd/tui/chat","Test":"TestRenderMarkdownStrongAfterPunctuation","Elapsed":0}
{"Time":"2026-09-20T21:59:52.911476+10:00","Action":"run","Package":"github.com/ollama/ollama/cmd/tui/chat","Test":"TestChatMouseWheelScrollsTranscriptWhileRunning"}
{"Time":"2026-09-20T21:59:52.911488+10:00","Action":"output","Package":"github.com/ollama/ollama/cmd/tui/chat","Test":"TestChatMouseWheelScrollsTranscriptWhileRunning","Output":"=== RUN   TestChatMouseWheelScrollsTranscriptWhileRunning\n"}
{"Time":"2026-09-20T21:59:52.911714+10:00","Action":"output","Package":"github.com/ollama/ollama/cmd/tui/chat","Test":"TestChatMouseWheelScrollsTranscriptWhileRunning","Output":"--- PASS: TestChatMouseWheelScrollsTranscriptWhileRunning (0.00s)\n"}
{"Time":"2026-09-20T21:59:52.911803+10:00","Action":"pass","Package":"github.com/ollama/ollama/cmd/tui/chat","Test":"TestChatMouseWheelScrollsTranscriptWhileRunning","Elapsed":0}
{"Time":"2026-09-20T21:59:52.911819+10:00","Action":"run","Package":"github.com/ollama/ollama/cmd/tui/chat","Test":"TestChatWindowsMouseWheelScrollsTranscript"}
{"Time":"2026-09-20T21:59:52.91183+10:00","Action":"output","Package":"github.com/ollama/ollama/cmd/tui/chat","Test":"TestChatWindowsMouseWheelScrollsTranscript","Output":"=== RUN   TestChatWindowsMouseWheelScrollsTranscript\n"}
{"Time":"2026-09-20T21:59:52.912115+10:00","Action":"output","Package":"github.com/ollama/ollama/cmd/tui/chat","Test":"TestChatWindowsMouseWheelScrollsTranscript","Output":"--- PASS: TestChatWindowsMouseWheelScrollsTranscript (0.00s)\n"}
{"Time":"2026-09-20T21:59:52.912149+10:00","Action":"pass","Package":"github.com/ollama/ollama/cmd/tui/chat","Test":"TestChatWindowsMouseWheelScrollsTranscript","Elapsed":0}
{"Time":"2026-09-20T21:59:52.912163+10:00","Action":"run","Package":"github.com/ollama/ollama/cmd/tui/chat","Test":"TestChatMouseDragSelectsTranscriptWithoutAutoCopy"}
{"Time":"2026-09-20T21:59:52.912174+10:00","Action":"output","Package":"github.com/ollama/ollama/cmd/tui/chat","Test":"TestChatMouseDragSelectsTranscriptWithoutAutoCopy","Output":"=== RUN   TestChatMouseDragSelectsTranscriptWithoutAutoCopy\n"}
{"Time":"2026-09-20T21:59:52.912557+10:00","Action":"output","Package":"github.com/ollama/ollama/cmd/tui/chat","Test":"TestChatMouseDragSelectsTranscriptWithoutAutoCopy","Output":"--- PASS: TestChatMouseDragSelectsTranscriptWithoutAutoCopy (0.00s)\n"}
{"Time":"2026-09-20T21:59:52.912607+10:00","Action":"pass","Package":"github.com/ollama/ollama/cmd/tui/chat","Test":"TestChatMouseDragSelectsTranscriptWithoutAutoCopy","Elapsed":0}
{"Time":"2026-09-20T21:59:52.91262+10:00","Action":"run","Package":"github.com/ollama/ollama/cmd/tui/chat","Test":"TestChatWindowsMouseDragCopiesAndClearsTranscriptSelection"}
{"Time":"2026-09-20T21:59:52.912632+10:00","Action":"output","Package":"github.com/ollama/ollama/cmd/tui/chat","Test":"TestChatWindowsMouseDragCopiesAndClearsTranscriptSelection","Output":"=== RUN   TestChatWindowsMouseDragCopiesAndClearsTranscriptSelection\n"}
{"Time":"2026-09-20T21:59:52.91299+10:00","Action":"output","Package":"github.com/ollama/ollama/cmd/tui/chat","Test":"TestChatWindowsMouseDragCopiesAndClearsTranscriptSelection","Output":"--- PASS: TestChatWindowsMouseDragCopiesAndClearsTranscriptSelection (0.00s)\n"}
{"Time":"2026-09-20T21:59:52.913013+10:00","Action":"pass","Package":"github.com/ollama/ollama/cmd/tui/chat","Test":"TestChatWindowsMouseDragCopiesAndClearsTranscriptSelection","Elapsed":0}
{"Time":"2026-09-20T21:59:52.913027+10:00","Action":"run","Package":"github.com/ollama/ollama/cmd/tui/chat","Test":"TestChatMouseDragSelectionUsesDisplayColumns"}
{"Time":"2026-09-20T21:59:52.913039+10:00","Action":"output","Package":"github.com/ollama/ollama/cmd/tui/chat","Test":"TestChatMouseDragSelectionUsesDisplayColumns","Output":"=== RUN   TestChatMouseDragSelectionUsesDisplayColumns\n"}
{"Time":"2026-09-20T21:59:52.913357+10:00","Action":"output","Package":"github.com/ollama/ollama/cmd/tui/chat","Test":"TestChatMouseDragSelectionUsesDisplayColumns","Output":"--- PASS: TestChatMouseDragSelectionUsesDisplayColumns (0.00s)\n"}
{"Time":"2026-09-20T21:59:52.913401+10:00","Action":"pass","Package":"github.com/ollama/ollama/cmd/tui/chat","Test":"TestChatMouseDragSelectionUsesDisplayColumns","Elapsed":0}
{"Time":"2026-09-20T21:59:52.913414+10:00","Action":"run","Package":"github.com/ollama/ollama/cmd/tui/chat","Test":"TestChatBoundedViewDoesNotRenderScrollHeader"}
{"Time":"2026-09-20T21:59:52.913426+10:00","Action":"output","Package":"github.com/ollama/ollama/cmd/tui/chat","Test":"TestChatBoundedViewDoesNotRenderScrollHeader","Output":"=== RUN   TestChatBoundedViewDoesNotRenderScrollHeader\n"}
{"Time":"2026-09-20T21:59:52.913627+10:00","Action":"output","Package":"github.com/ollama/ollama/cmd/tui/chat","Test":"TestChatBoundedViewDoesNotRenderScrollHeader","Output":"--- PASS: TestChatBoundedViewDoesNotRenderScrollHeader (0.00s)\n"}
{"Time":"2026-09-20T21:59:52.913664+10:00","Action":"pass","Package":"github.com/ollama/ollama/cmd/tui/chat","Test":"TestChatBoundedViewDoesNotRenderScrollHeader","Elapsed":0}
{"Time":"2026-09-20T21:59:52.91368+10:00","Action":"run","Package":"github.com/ollama/ollama/cmd/tui/chat","Test":"TestChatMouseDragSelectionUsesScrolledTranscriptCoordinates"}
{"Time":"2026-09-20T21:59:52.913693+10:00","Action":"output","Package":"github.com/ollama/ollama/cmd/tui/chat","Test":"TestChatMouseDragSelectionUsesScrolledTranscriptCoordinates","Output":"=== RUN   TestChatMouseDragSelectionUsesScrolledTranscriptCoordinates\n"}
{"Time":"2026-09-20T21:59:52.914416+10:00","Action":"output","Package":"github.com/ollama/ollama/cmd/tui/chat","Test":"TestChatMouseDragSelectionUsesScrolledTranscriptCoordinates","Output":"--- PASS: TestChatMouseDragSelectionUsesScrolledTranscriptCoordinates (0.00s)\n"}
{"Time":"2026-09-20T21:59:52.914487+10:00","Action":"pass","Package":"github.com/ollama/ollama/cmd/tui/chat","Test":"TestChatMouseDragSelectionUsesScrolledTranscriptCoordinates","Elapsed":0}
{"Time":"2026-09-20T21:59:52.914501+10:00","Action":"run","Package":"github.com/ollama/ollama/cmd/tui/chat","Test":"TestChatArrowKeysNavigatePromptHistoryWhenTranscriptScrollable"}
{"Time":"2026-09-20T21:59:52.914513+10:00","Action":"output","Package":"github.com/ollama/ollama/cmd/tui/chat","Test":"TestChatArrowKeysNavigatePromptHistoryWhenTranscriptScrollable","Output":"=== RUN   TestChatArrowKeysNavigatePromptHistoryWhenTranscriptScrollable\n"}
{"Time":"2026-09-20T21:59:52.914575+10:00","Action":"output","Package":"github.com/ollama/ollama/cmd/tui/chat","Test":"TestChatArrowKeysNavigatePromptHistoryWhenTranscriptScrollable","Output":"--- PASS: TestChatArrowKeysNavigatePromptHistoryWhenTranscriptScrollable (0.00s)\n"}
{"Time":"2026-09-20T21:59:52.914594+10:00","Action":"pass","Package":"github.com/ollama/ollama/cmd/tui/chat","Test":"TestChatArrowKeysNavigatePromptHistoryWhenTranscriptScrollable","Elapsed":0}
{"Time":"2026-09-20T21:59:52.914621+10:00","Action":"run","Package":"github.com/ollama/ollama/cmd/tui/chat","Test":"TestEntriesFromMessagesSkipsToolCallOnlyAssistant"}
{"Time":"2026-09-20T21:59:52.914637+10:00","Action":"output","Package":"github.com/ollama/ollama/cmd/tui/chat","Test":"TestEntriesFromMessagesSkipsToolCallOnlyAssistant","Output":"=== RUN   TestEntriesFromMessagesSkipsToolCallOnlyAssistant\n"}
{"Time":"2026-09-20T21:59:52.915403+10:00","Action":"output","Package":"github.com/ollama/ollama/cmd/tui/chat","Test":"TestEntriesFromMessagesSkipsToolCallOnlyAssistant","Output":"--- PASS: TestEntriesFromMessagesSkipsToolCallOnlyAssistant (0.00s)\n"}
{"Time":"2026-09-20T21:59:52.915479+10:00","Action":"pass","Package":"github.com/ollama/ollama/cmd/tui/chat","Test":"TestEntriesFromMessagesSkipsToolCallOnlyAssistant","Elapsed":0}
{"Time":"2026-09-20T21:59:52.915495+10:00","Action":"run","Package":"github.com/ollama/ollama/cmd/tui/chat","Test":"TestToolActionPhraseLoadsSkills"}
{"Time":"2026-09-20T21:59:52.915508+10:00","Action":"output","Package":"github.com/ollama/ollama/cmd/tui/chat","Test":"TestToolActionPhraseLoadsSkills","Output":"=== RUN   TestToolActionPhraseLoadsSkills\n"}
{"Time":"2026-09-20T21:59:52.915647+10:00","Action":"output","Package":"github.com/ollama/ollama/cmd/tui/chat","Test":"TestToolActionPhraseLoadsSkills","Output":"--- PASS: TestToolActionPhraseLoadsSkills (0.00s)\n"}
{"Time":"2026-09-20T21:59:52.915684+10:00","Action":"pass","Package":"github.com/ollama/ollama/cmd/tui/chat","Test":"TestToolActionPhraseLoadsSkills","Elapsed":0}
{"Time":"2026-09-20T21:59:52.915718+10:00","Action":"run","Package":"github.com/ollama/ollama/cmd/tui/chat","Test":"TestEntriesFromMessagesRendersDeniedCommandAsDenied"}
{"Time":"2026-09-20T21:59:52.91574+10:00","Action":"output","Package":"github.com/ollama/ollama/cmd/tui/chat","Test":"TestEntriesFromMessagesRendersDeniedCommandAsDenied","Output":"=== RUN   TestEntriesFromMessagesRendersDeniedCommandAsDenied\n"}
{"Time":"2026-09-20T21:59:52.915765+10:00","Action":"output","Package":"github.com/ollama/ollama/cmd/tui/chat","Test":"TestEntriesFromMessagesRendersDeniedCommandAsDenied","Output":"--- PASS: TestEntriesFromMessagesRendersDeniedCommandAsDenied (0.00s)\n"}
{"Time":"2026-09-20T21:59:52.915787+10:00","Action":"pass","Package":"github.com/ollama/ollama/cmd/tui/chat","Test":"TestEntriesFromMessagesRendersDeniedCommandAsDenied","Elapsed":0}
{"Time":"2026-09-20T21:59:52.915808+10:00","Action":"run","Package":"github.com/ollama/ollama/cmd/tui/chat","Test":"TestEntriesFromMessagesRendersDisabledToolAsSkipped"}
{"Time":"2026-09-20T21:59:52.915828+10:00","Action":"output","Package":"github.com/ollama/ollama/cmd/tui/chat","Test":"TestEntriesFromMessagesRendersDisabledToolAsSkipped","Output":"=== RUN   TestEntriesFromMessagesRendersDisabledToolAsSkipped\n"}
{"Time":"2026-09-20T21:59:52.915851+10:00","Action":"output","Package":"github.com/ollama/ollama/cmd/tui/chat","Test":"TestEntriesFromMessagesRendersDisabledToolAsSkipped","Output":"--- PASS: TestEntriesFromMessagesRendersDisabledToolAsSkipped (0.00s)\n"}
{"Time":"2026-09-20T21:59:52.915887+10:00","Action":"pass","Package":"github.com/ollama/ollama/cmd/tui/chat","Test":"TestEntriesFromMessagesRendersDisabledToolAsSkipped","Elapsed":0}
{"Time":"2026-09-20T21:59:52.91591+10:00","Action":"run","Package":"github.com/ollama/ollama/cmd/tui/chat","Test":"TestEntriesFromMessagesRendersCompactionSummaryCollapsed"}
{"Time":"2026-09-20T21:59:52.915931+10:00","Action":"output","Package":"github.com/ollama/ollama/cmd/tui/chat","Test":"TestEntriesFromMessagesRendersCompactionSummaryCollapsed","Output":"=== RUN   TestEntriesFromMessagesRendersCompactionSummaryCollapsed\n"}
{"Time":"2026-09-20T21:59:52.915961+10:00","Action":"output","Package":"github.com/ollama/ollama/cmd/tui/chat","Test":"TestEntriesFromMessagesRendersCompactionSummaryCollapsed","Output":"--- PASS: TestEntriesFromMessagesRendersCompactionSummaryCollapsed (0.00s)\n"}
{"Time":"2026-09-20T21:59:52.915985+10:00","Action":"pass","Package":"github.com/ollama/ollama/cmd/tui/chat","Test":"TestEntriesFromMessagesRendersCompactionSummaryCollapsed","Elapsed":0}
{"Time":"2026-09-20T21:59:52.916007+10:00","Action":"run","Package":"github.com/ollama/ollama/cmd/tui/chat","Test":"TestEntriesFromMessagesHidesAutomaticCompactionInstruction"}
{"Time":"2026-09-20T21:59:52.916028+10:00","Action":"output","Package":"github.com/ollama/ollama/cmd/tui/chat","Test":"TestEntriesFromMessagesHidesAutomaticCompactionInstruction","Output":"=== RUN   TestEntriesFromMessagesHidesAutomaticCompactionInstruction\n"}
{"Time":"2026-09-20T21:59:52.916052+10:00","Action":"output","Package":"github.com/ollama/ollama/cmd/tui/chat","Test":"TestEntriesFromMessagesHidesAutomaticCompactionInstruction","Output":"--- PASS: TestEntriesFromMessagesHidesAutomaticCompactionInstruction (0.00s)\n"}
{"Time":"2026-09-20T21:59:52.916074+10:00","Action":"pass","Package":"github.com/ollama/ollama/cmd/tui/chat","Test":"TestEntriesFromMessagesHidesAutomaticCompactionInstruction","Elapsed":0}
{"Time":"2026-09-20T21:59:52.916155+10:00","Action":"run","Package":"github.com/ollama/ollama/cmd/tui/chat","Test":"TestEntriesFromMessagesRecognizesLegacySystemCompactionSummary"}
{"Time":"2026-09-20T21:59:52.916183+10:00","Action":"output","Package":"github.com/ollama/ollama/cmd/tui/chat","Test":"TestEntriesFromMessagesRecognizesLegacySystemCompactionSummary","Output":"=== RUN   TestEntriesFromMessagesRecognizesLegacySystemCompactionSummary\n"}
{"Time":"2026-09-20T21:59:52.916206+10:00","Action":"output","Package":"github.com/ollama/ollama/cmd/tui/chat","Test":"TestEntriesFromMessagesRecognizesLegacySystemCompactionSummary","Output":"--- PASS: TestEntriesFromMessagesRecognizesLegacySystemCompactionSummary (0.00s)\n"}
{"Time":"2026-09-20T21:59:52.916228+10:00","Action":"pass","Package":"github.com/ollama/ollama/cmd/tui/chat","Test":"TestEntriesFromMessagesRecognizesLegacySystemCompactionSummary","Elapsed":0}
{"Time":"2026-09-20T21:59:52.916251+10:00","Action":"run","Package":"github.com/ollama/ollama/cmd/tui/chat","Test":"TestEntriesFromMessagesGroupsMultiToolHistoryInMiddle"}
{"Time":"2026-09-20T21:59:52.916271+10:00","Action":"output","Package":"github.com/ollama/ollama/cmd/tui/chat","Test":"TestEntriesFromMessagesGroupsMultiToolHistoryInMiddle","Output":"=== RUN   TestEntriesFromMessagesGroupsMultiToolHistoryInMiddle\n"}
{"Time":"2026-09-20T21:59:52.916298+10:00","Action":"output","Package":"github.com/ollama/ollama/cmd/tui/chat","Test":"TestEntriesFromMessagesGroupsMultiToolHistoryInMiddle","Output":"--- PASS: TestEntriesFromMessagesGroupsMultiToolHistoryInMiddle (0.00s)\n"}
{"Time":"2026-09-20T21:59:52.91632+10:00","Action":"pass","Package":"github.com/ollama/ollama/cmd/tui/chat","Test":"TestEntriesFromMessagesGroupsMultiToolHistoryInMiddle","Elapsed":0}
{"Time":"2026-09-20T21:59:52.916341+10:00","Action":"run","Package":"github.com/ollama/ollama/cmd/tui/chat","Test":"TestChatToolCallDetectedDoesNotRenderQueuedRows"}
{"Time":"2026-09-20T21:59:52.916361+10:00","Action":"output","Package":"github.com/ollama/ollama/cmd/tui/chat","Test":"TestChatToolCallDetectedDoesNotRenderQueuedRows","Output":"=== RUN   TestChatToolCallDetectedDoesNotRenderQueuedRows\n"}
{"Time":"2026-09-20T21:59:52.916383+10:00","Action":"output","Package":"github.com/ollama/ollama/cmd/tui/chat","Test":"TestChatToolCallDetectedDoesNotRenderQueuedRows","Output":"--- PASS: TestChatToolCallDetectedDoesNotRenderQueuedRows (0.00s)\n"}
{"Time":"2026-09-20T21:59:52.916404+10:00","Action":"pass","Package":"github.com/ollama/ollama/cmd/tui/chat","Test":"TestChatToolCallDetectedDoesNotRenderQueuedRows","Elapsed":0}
{"Time":"2026-09-20T21:59:52.916425+10:00","Action":"run","Package":"github.com/ollama/ollama/cmd/tui/chat","Test":"TestChatToolOutputIsHiddenUntilExpanded"}
{"Time":"2026-09-20T21:59:52.916445+10:00","Action":"output","Package":"github.com/ollama/ollama/cmd/tui/chat","Test":"TestChatToolOutputIsHiddenUntilExpanded","Output":"=== RUN   TestChatToolOutputIsHiddenUntilExpanded\n"}
{"Time":"2026-09-20T21:59:52.917123+10:00","Action":"output","Package":"github.com/ollama/ollama/cmd/tui/chat","Test":"TestChatToolOutputIsHiddenUntilExpanded","Output":"--- PASS: TestChatToolOutputIsHiddenUntilExpanded (0.00s)\n"}
{"Time":"2026-09-20T21:59:52.917181+10:00","Action":"pass","Package":"github.com/ollama/ollama/cmd/tui/chat","Test":"TestChatToolOutputIsHiddenUntilExpanded","Elapsed":0}
{"Time":"2026-09-20T21:59:52.917506+10:00","Action":"run","Package":"github.com/ollama/ollama/cmd/tui/chat","Test":"TestChatCompletedToolsGroupWhenNextStepStarts"}
{"Time":"2026-09-20T21:59:52.917547+10:00","Action":"output","Package":"github.com/ollama/ollama/cmd/tui/chat","Test":"TestChatCompletedToolsGroupWhenNextStepStarts","Output":"=== RUN   TestChatCompletedToolsGroupWhenNextStepStarts\n"}
{"Time":"2026-09-20T21:59:52.917567+10:00","Action":"output","Package":"github.com/ollama/ollama/cmd/tui/chat","Test":"TestChatCompletedToolsGroupWhenNextStepStarts","Output":"--- PASS: TestChatCompletedToolsGroupWhenNextStepStarts (0.00s)\n"}
{"Time":"2026-09-20T21:59:52.917582+10:00","Action":"pass","Package":"github.com/ollama/ollama/cmd/tui/chat","Test":"TestChatCompletedToolsGroupWhenNextStepStarts","Elapsed":0}
{"Time":"2026-09-20T21:59:52.917596+10:00","Action":"run","Package":"github.com/ollama/ollama/cmd/tui/chat","Test":"TestChatCompletedToolsGroupAcrossEmptyAssistantEntries"}
{"Time":"2026-09-20T21:59:52.91761+10:00","Action":"output","Package":"github.com/ollama/ollama/cmd/tui/chat","Test":"TestChatCompletedToolsGroupAcrossEmptyAssistantEntries","Output":"=== RUN   TestChatCompletedToolsGroupAcrossEmptyAssistantEntries\n"}
{"Time":"2026-09-20T21:59:52.917624+10:00","Action":"output","Package":"github.com/ollama/ollama/cmd/tui/chat","Test":"TestChatCompletedToolsGroupAcrossEmptyAssistantEntries","Output":"--- PASS: TestChatCompletedToolsGroupAcrossEmptyAssistantEntries (0.00s)\n"}
{"Time":"2026-09-20T21:59:52.917637+10:00","Action":"pass","Package":"github.com/ollama/ollama/cmd/tui/chat","Test":"TestChatCompletedToolsGroupAcrossEmptyAssistantEntries","Elapsed":0}
{"Time":"2026-09-20T21:59:52.917651+10:00","Action":"run","Package":"github.com/ollama/ollama/cmd/tui/chat","Test":"TestChatCompletedToolsGroupAcrossCollapsedThinking"}
{"Time":"2026-09-20T21:59:52.917664+10:00","Action":"output","Package":"github.com/ollama/ollama/cmd/tui/chat","Test":"TestChatCompletedToolsGroupAcrossCollapsedThinking","Output":"=== RUN   TestChatCompletedToolsGroupAcrossCollapsedThinking\n"}
{"Time":"2026-09-20T21:59:52.917678+10:00","Action":"output","Package":"github.com/ollama/ollama/cmd/tui/chat","Test":"TestChatCompletedToolsGroupAcrossCollapsedThinking","Output":"--- PASS: TestChatCompletedToolsGroupAcrossCollapsedThinking (0.00s)\n"}
{"Time":"2026-09-20T21:59:52.917692+10:00","Action":"pass","Package":"github.com/ollama/ollama/cmd/tui/chat","Test":"TestChatCompletedToolsGroupAcrossCollapsedThinking","Elapsed":0}
{"Time":"2026-09-20T21:59:52.917705+10:00","Action":"run","Package":"github.com/ollama/ollama/cmd/tui/chat","Test":"TestChatCtrlOTogglesInlineToolOutput"}
{"Time":"2026-09-20T21:59:52.917717+10:00","Action":"output","Package":"github.com/ollama/ollama/cmd/tui/chat","Test":"TestChatCtrlOTogglesInlineToolOutput","Output":"=== RUN   TestChatCtrlOTogglesInlineToolOutput\n"}
{"Time":"2026-09-20T21:59:52.91773+10:00","Action":"output","Package":"github.com/ollama/ollama/cmd/tui/chat","Test":"TestChatCtrlOTogglesInlineToolOutput","Output":"--- PASS: TestChatCtrlOTogglesInlineToolOutput (0.00s)\n"}
{"Time":"2026-09-20T21:59:52.917744+10:00","Action":"pass","Package":"github.com/ollama/ollama/cmd/tui/chat","Test":"TestChatCtrlOTogglesInlineToolOutput","Elapsed":0}
{"Time":"2026-09-20T21:59:52.917771+10:00","Action":"run","Package":"github.com/ollama/ollama/cmd/tui/chat","Test":"TestChatCtrlOTogglesInlineOutput"}
{"Time":"2026-09-20T21:59:52.917784+10:00","Action":"output","Package":"github.com/ollama/ollama/cmd/tui/chat","Test":"TestChatCtrlOTogglesInlineOutput","Output":"=== RUN   TestChatCtrlOTogglesInlineOutput\n"}
{"Time":"2026-09-20T21:59:52.9178+10:00","Action":"output","Package":"github.com/ollama/ollama/cmd/tui/chat","Test":"TestChatCtrlOTogglesInlineOutput","Output":"--- PASS: TestChatCtrlOTogglesInlineOutput (0.00s)\n"}
{"Time":"2026-09-20T21:59:52.917818+10:00","Action":"pass","Package":"github.com/ollama/ollama/cmd/tui/chat","Test":"TestChatCtrlOTogglesInlineOutput","Elapsed":0}
{"Time":"2026-09-20T21:59:52.917833+10:00","Action":"run","Package":"github.com/ollama/ollama/cmd/tui/chat","Test":"TestChatCtrlODoesNotExpandThinking"}
{"Time":"2026-09-20T21:59:52.917854+10:00","Action":"output","Package":"github.com/ollama/ollama/cmd/tui/chat","Test":"TestChatCtrlODoesNotExpandThinking","Output":"=== RUN   TestChatCtrlODoesNotExpandThinking\n"}
{"Time":"2026-09-20T21:59:52.917894+10:00","Action":"output","Package":"github.com/ollama/ollama/cmd/tui/chat","Test":"TestChatCtrlODoesNotExpandThinking","Output":"--- PASS: TestChatCtrlODoesNotExpandThinking (0.00s)\n"}
{"Time":"2026-09-20T21:59:52.917922+10:00","Action":"pass","Package":"github.com/ollama/ollama/cmd/tui/chat","Test":"TestChatCtrlODoesNotExpandThinking","Elapsed":0}
{"Time":"2026-09-20T21:59:52.91794+10:00","Action":"run","Package":"github.com/ollama/ollama/cmd/tui/chat","Test":"TestChatCtrlOCollapseKeepsInputPromptVisible"}
{"Time":"2026-09-20T21:59:52.917955+10:00","Action":"output","Package":"github.com/ollama/ollama/cmd/tui/chat","Test":"TestChatCtrlOCollapseKeepsInputPromptVisible","Output":"=== RUN   TestChatCtrlOCollapseKeepsInputPromptVisible\n"}
{"Time":"2026-09-20T21:59:52.917973+10:00","Action":"output","Package":"github.com/ollama/ollama/cmd/tui/chat","Test":"TestChatCtrlOCollapseKeepsInputPromptVisible","Output":"--- PASS: TestChatCtrlOCollapseKeepsInputPromptVisible (0.00s)\n"}
{"Time":"2026-09-20T21:59:52.917988+10:00","Action":"pass","Package":"github.com/ollama/ollama/cmd/tui/chat","Test":"TestChatCtrlOCollapseKeepsInputPromptVisible","Elapsed":0}
{"Time":"2026-09-20T21:59:52.918002+10:00","Action":"run","Package":"github.com/ollama/ollama/cmd/tui/chat","Test":"TestChatCtrlOShowsRunningToolOutputInline"}
{"Time":"2026-09-20T21:59:52.918016+10:00","Action":"output","Package":"github.com/ollama/ollama/cmd/tui/chat","Test":"TestChatCtrlOShowsRunningToolOutputInline","Output":"=== RUN   TestChatCtrlOShowsRunningToolOutputInline\n"}
{"Time":"2026-09-20T21:59:52.918167+10:00","Action":"output","Package":"github.com/ollama/ollama/cmd/tui/chat","Test":"TestChatCtrlOShowsRunningToolOutputInline","Output":"--- PASS: TestChatCtrlOShowsRunningToolOutputInline (0.00s)\n"}
{"Time":"2026-09-20T21:59:52.918207+10:00","Action":"pass","Package":"github.com/ollama/ollama/cmd/tui/chat","Test":"TestChatCtrlOShowsRunningToolOutputInline","Elapsed":0}
{"Time":"2026-09-20T21:59:52.918222+10:00","Action":"run","Package":"github.com/ollama/ollama/cmd/tui/chat","Test":"TestChatLongCommandLabelTruncatesAndCtrlOShowsFullCommand"}
{"Time":"2026-09-20T21:59:52.918236+10:00","Action":"output","Package":"github.com/ollama/ollama/cmd/tui/chat","Test":"TestChatLongCommandLabelTruncatesAndCtrlOShowsFullCommand","Output":"=== RUN   TestChatLongCommandLabelTruncatesAndCtrlOShowsFullCommand\n"}
{"Time":"2026-09-20T21:59:52.918302+10:00","Action":"output","Package":"github.com/ollama/ollama/cmd/tui/chat","Test":"TestChatLongCommandLabelTruncatesAndCtrlOShowsFullCommand","Output":"--- PASS: TestChatLongCommandLabelTruncatesAndCtrlOShowsFullCommand (0.00s)\n"}
{"Time":"2026-09-20T21:59:52.918331+10:00","Action":"pass","Package":"github.com/ollama/ollama/cmd/tui/chat","Test":"TestChatLongCommandLabelTruncatesAndCtrlOShowsFullCommand","Elapsed":0}
{"Time":"2026-09-20T21:59:52.918347+10:00","Action":"run","Package":"github.com/ollama/ollama/cmd/tui/chat","Test":"TestChatCtrlOInlineOutputSurvivesToolGrouping"}
{"Time":"2026-09-20T21:59:52.918362+10:00","Action":"output","Package":"github.com/ollama/ollama/cmd/tui/chat","Test":"TestChatCtrlOInlineOutputSurvivesToolGrouping","Output":"=== RUN   TestChatCtrlOInlineOutputSurvivesToolGrouping\n"}
{"Time":"2026-09-20T21:59:52.918444+10:00","Action":"output","Package":"github.com/ollama/ollama/cmd/tui/chat","Test":"TestChatCtrlOInlineOutputSurvivesToolGrouping","Output":"--- PASS: TestChatCtrlOInlineOutputSurvivesToolGrouping (0.00s)\n"}
{"Time":"2026-09-20T21:59:52.918468+10:00","Action":"pass","Package":"github.com/ollama/ollama/cmd/tui/chat","Test":"TestChatCtrlOInlineOutputSurvivesToolGrouping","Elapsed":0}
{"Time":"2026-09-20T21:59:52.91849+10:00","Action":"run","Package":"github.com/ollama/ollama/cmd/tui/chat","Test":"TestChatExpandedToolGroupRendersIndentedToolBlocks"}
{"Time":"2026-09-20T21:59:52.918506+10:00","Action":"output","Package":"github.com/ollama/ollama/cmd/tui/chat","Test":"TestChatExpandedToolGroupRendersIndentedToolBlocks","Output":"=== RUN   TestChatExpandedToolGroupRendersIndentedToolBlocks\n"}
{"Time":"2026-09-20T21:59:52.918523+10:00","Action":"output","Package":"github.com/ollama/ollama/cmd/tui/chat","Test":"TestChatExpandedToolGroupRendersIndentedToolBlocks","Output":"--- PASS: TestChatExpandedToolGroupRendersIndentedToolBlocks (0.00s)\n"}
{"Time":"2026-09-20T21:59:52.918558+10:00","Action":"pass","Package":"github.com/ollama/ollama/cmd/tui/chat","Test":"TestChatExpandedToolGroupRendersIndentedToolBlocks","Elapsed":0}
{"Time":"2026-09-20T21:59:52.918579+10:00","Action":"run","Package":"github.com/ollama/ollama/cmd/tui/chat","Test":"TestChatExpandedToolGroupCapsChildOutput"}
{"Time":"2026-09-20T21:59:52.918594+10:00","Action":"output","Package":"github.com/ollama/ollama/cmd/tui/chat","Test":"TestChatExpandedToolGroupCapsChildOutput","Output":"=== RUN   TestChatExpandedToolGroupCapsChildOutput\n"}
{"Time":"2026-09-20T21:59:52.918641+10:00","Action":"output","Package":"github.com/ollama/ollama/cmd/tui/chat","Test":"TestChatExpandedToolGroupCapsChildOutput","Output":"--- PASS: TestChatExpandedToolGroupCapsChildOutput (0.00s)\n"}
{"Time":"2026-09-20T21:59:52.918665+10:00","Action":"pass","Package":"github.com/ollama/ollama/cmd/tui/chat","Test":"TestChatExpandedToolGroupCapsChildOutput","Elapsed":0}
{"Time":"2026-09-20T21:59:52.918691+10:00","Action":"run","Package":"github.com/ollama/ollama/cmd/tui/chat","Test":"TestChatToolGroupStatusOmitsResultCounts"}
{"Time":"2026-09-20T21:59:52.918704+10:00","Action":"output","Package":"github.com/ollama/ollama/cmd/tui/chat","Test":"TestChatToolGroupStatusOmitsResultCounts","Output":"=== RUN   TestChatToolGroupStatusOmitsResultCounts\n"}
{"Time":"2026-09-20T21:59:52.91872+10:00","Action":"output","Package":"github.com/ollama/ollama/cmd/tui/chat","Test":"TestChatToolGroupStatusOmitsResultCounts","Output":"--- PASS: TestChatToolGroupStatusOmitsResultCounts (0.00s)\n"}
{"Time":"2026-09-20T21:59:52.918734+10:00","Action":"pass","Package":"github.com/ollama/ollama/cmd/tui/chat","Test":"TestChatToolGroupStatusOmitsResultCounts","Elapsed":0}
{"Time":"2026-09-20T21:59:52.918748+10:00","Action":"run","Package":"github.com/ollama/ollama/cmd/tui/chat","Test":"TestChatToolGroupStatusShowsAllSuccessCount"}
{"Time":"2026-09-20T21:59:52.918761+10:00","Action":"output","Package":"github.com/ollama/ollama/cmd/tui/chat","Test":"TestChatToolGroupStatusShowsAllSuccessCount","Output":"=== RUN   TestChatToolGroupStatusShowsAllSuccessCount\n"}
{"Time":"2026-09-20T21:59:52.918776+10:00","Action":"output","Package":"github.com/ollama/ollama/cmd/tui/chat","Test":"TestChatToolGroupStatusShowsAllSuccessCount","Output":"--- PASS: TestChatToolGroupStatusShowsAllSuccessCount (0.00s)\n"}
{"Time":"2026-09-20T21:59:52.918797+10:00","Action":"pass","Package":"github.com/ollama/ollama/cmd/tui/chat","Test":"TestChatToolGroupStatusShowsAllSuccessCount","Elapsed":0}
{"Time":"2026-09-20T21:59:52.918817+10:00","Action":"run","Package":"github.com/ollama/ollama/cmd/tui/chat","Test":"TestChatToolGroupStatusRecomputesCachedLabel"}
{"Time":"2026-09-20T21:59:52.918831+10:00","Action":"output","Package":"github.com/ollama/ollama/cmd/tui/chat","Test":"TestChatToolGroupStatusRecomputesCachedLabel","Output":"=== RUN   TestChatToolGroupStatusRecomputesCachedLabel\n"}
{"Time":"2026-09-20T21:59:52.918854+10:00","Action":"output","Package":"github.com/ollama/ollama/cmd/tui/chat","Test":"TestChatToolGroupStatusRecomputesCachedLabel","Output":"--- PASS: TestChatToolGroupStatusRecomputesCachedLabel (0.00s)\n"}
{"Time":"2026-09-20T21:59:52.918867+10:00","Action":"pass","Package":"github.com/ollama/ollama/cmd/tui/chat","Test":"TestChatToolGroupStatusRecomputesCachedLabel","Elapsed":0}
{"Time":"2026-09-20T21:59:52.91888+10:00","Action":"run","Package":"github.com/ollama/ollama/cmd/tui/chat","Test":"TestChatToolGroupStatusKeepsHiddenDetectedCount"}
{"Time":"2026-09-20T21:59:52.918893+10:00","Action":"output","Package":"github.com/ollama/ollama/cmd/tui/chat","Test":"TestChatToolGroupStatusKeepsHiddenDetectedCount","Output":"=== RUN   TestChatToolGroupStatusKeepsHiddenDetectedCount\n"}
{"Time":"2026-09-20T21:59:52.918906+10:00","Action":"output","Package":"github.com/ollama/ollama/cmd/tui/chat","Test":"TestChatToolGroupStatusKeepsHiddenDetectedCount","Output":"--- PASS: TestChatToolGroupStatusKeepsHiddenDetectedCount (0.00s)\n"}
{"Time":"2026-09-20T21:59:52.91893+10:00","Action":"pass","Package":"github.com/ollama/ollama/cmd/tui/chat","Test":"TestChatToolGroupStatusKeepsHiddenDetectedCount","Elapsed":0}
{"Time":"2026-09-20T21:59:52.918951+10:00","Action":"run","Package":"github.com/ollama/ollama/cmd/tui/chat","Test":"TestChatToolOutputRendersUnifiedDiff"}
{"Time":"2026-09-20T21:59:52.918976+10:00","Action":"output","Package":"github.com/ollama/ollama/cmd/tui/chat","Test":"TestChatToolOutputRendersUnifiedDiff","Output":"=== RUN   TestChatToolOutputRendersUnifiedDiff\n"}
{"Time":"2026-09-20T21:59:52.919097+10:00","Action":"output","Package":"github.com/ollama/ollama/cmd/tui/chat","Test":"TestChatToolOutputRendersUnifiedDiff","Output":"--- PASS: TestChatToolOutputRendersUnifiedDiff (0.00s)\n"}
{"Time":"2026-09-20T21:59:52.919133+10:00","Action":"pass","Package":"github.com/ollama/ollama/cmd/tui/chat","Test":"TestChatToolOutputRendersUnifiedDiff","Elapsed":0}
{"Time":"2026-09-20T21:59:52.919165+10:00","Action":"run","Package":"github.com/ollama/ollama/cmd/tui/chat","Test":"TestChatToolCallRendersPrettyInvocationAndResult"}
{"Time":"2026-09-20T21:59:52.919192+10:00","Action":"output","Package":"github.com/ollama/ollama/cmd/tui/chat","Test":"TestChatToolCallRendersPrettyInvocationAndResult","Output":"=== RUN   TestChatToolCallRendersPrettyInvocationAndResult\n"}
{"Time":"2026-09-20T21:59:52.919449+10:00","Action":"output","Package":"github.com/ollama/ollama/cmd/tui/chat","Test":"TestChatToolCallRendersPrettyInvocationAndResult","Output":"--- PASS: TestChatToolCallRendersPrettyInvocationAndResult (0.00s)\n"}
{"Time":"2026-09-20T21:59:52.919483+10:00","Action":"pass","Package":"github.com/ollama/ollama/cmd/tui/chat","Test":"TestChatToolCallRendersPrettyInvocationAndResult","Elapsed":0}
{"Time":"2026-09-20T21:59:52.919514+10:00","Action":"run","Package":"github.com/ollama/ollama/cmd/tui/chat","Test":"TestChatToolOutputHidesInternalTruncationMarker"}
{"Time":"2026-09-20T21:59:52.919549+10:00","Action":"output","Package":"github.com/ollama/ollama/cmd/tui/chat","Test":"TestChatToolOutputHidesInternalTruncationMarker","Output":"=== RUN   TestChatToolOutputHidesInternalTruncationMarker\n"}
{"Time":"2026-09-20T21:59:52.919681+10:00","Action":"output","Package":"github.com/ollama/ollama/cmd/tui/chat","Test":"TestChatToolOutputHidesInternalTruncationMarker","Output":"--- PASS: TestChatToolOutputHidesInternalTruncationMarker (0.00s)\n"}
{"Time":"2026-09-20T21:59:52.919715+10:00","Action":"pass","Package":"github.com/ollama/ollama/cmd/tui/chat","Test":"TestChatToolOutputHidesInternalTruncationMarker","Elapsed":0}
{"Time":"2026-09-20T21:59:52.919745+10:00","Action":"run","Package":"github.com/ollama/ollama/cmd/tui/chat","Test":"TestChatRenderTranscriptCachesEntryLinesUntilDirty"}
{"Time":"2026-09-20T21:59:52.91978+10:00","Action":"output","Package":"github.com/ollama/ollama/cmd/tui/chat","Test":"TestChatRenderTranscriptCachesEntryLinesUntilDirty","Output":"=== RUN   TestChatRenderTranscriptCachesEntryLinesUntilDirty\n"}
{"Time":"2026-09-20T21:59:52.919812+10:00","Action":"output","Package":"github.com/ollama/ollama/cmd/tui/chat","Test":"TestChatRenderTranscriptCachesEntryLinesUntilDirty","Output":"--- PASS: TestChatRenderTranscriptCachesEntryLinesUntilDirty (0.00s)\n"}
{"Time":"2026-09-20T21:59:52.91984+10:00","Action":"pass","Package":"github.com/ollama/ollama/cmd/tui/chat","Test":"TestChatRenderTranscriptCachesEntryLinesUntilDirty","Elapsed":0}
{"Time":"2026-09-20T21:59:52.919899+10:00","Action":"run","Package":"github.com/ollama/ollama/cmd/tui/chat","Test":"TestWrapChatTextSplitsLongLines"}
{"Time":"2026-09-20T21:59:52.920203+10:00","Action":"output","Package":"github.com/ollama/ollama/cmd/tui/chat","Test":"TestWrapChatTextSplitsLongLines","Output":"=== RUN   TestWrapChatTextSplitsLongLines\n"}
{"Time":"2026-09-20T21:59:52.920237+10:00","Action":"output","Package":"github.com/ollama/ollama/cmd/tui/chat","Test":"TestWrapChatTextSplitsLongLines","Output":"--- PASS: TestWrapChatTextSplitsLongLines (0.00s)\n"}
{"Time":"2026-09-20T21:59:52.920266+10:00","Action":"pass","Package":"github.com/ollama/ollama/cmd/tui/chat","Test":"TestWrapChatTextSplitsLongLines","Elapsed":0}
{"Time":"2026-09-20T21:59:52.920298+10:00","Action":"run","Package":"github.com/ollama/ollama/cmd/tui/chat","Test":"TestWrapChatTextUsesDisplayWidth"}
{"Time":"2026-09-20T21:59:52.920411+10:00","Action":"output","Package":"github.com/ollama/ollama/cmd/tui/chat","Test":"TestWrapChatTextUsesDisplayWidth","Output":"=== RUN   TestWrapChatTextUsesDisplayWidth\n"}
{"Time":"2026-09-20T21:59:52.920459+10:00","Action":"output","Package":"github.com/ollama/ollama/cmd/tui/chat","Test":"TestWrapChatTextUsesDisplayWidth","Output":"--- PASS: TestWrapChatTextUsesDisplayWidth (0.00s)\n"}
{"Time":"2026-09-20T21:59:52.92049+10:00","Action":"pass","Package":"github.com/ollama/ollama/cmd/tui/chat","Test":"TestWrapChatTextUsesDisplayWidth","Elapsed":0}
{"Time":"2026-09-20T21:59:52.920524+10:00","Action":"run","Package":"github.com/ollama/ollama/cmd/tui/chat","Test":"TestRenderMarkdownTableWrapsLongCells"}
{"Time":"2026-09-20T21:59:52.920593+10:00","Action":"output","Package":"github.com/ollama/ollama/cmd/tui/chat","Test":"TestRenderMarkdownTableWrapsLongCells","Output":"=== RUN   TestRenderMarkdownTableWrapsLongCells\n"}
{"Time":"2026-09-20T21:59:52.92063+10:00","Action":"output","Package":"github.com/ollama/ollama/cmd/tui/chat","Test":"TestRenderMarkdownTableWrapsLongCells","Output":"--- PASS: TestRenderMarkdownTableWrapsLongCells (0.00s)\n"}
{"Time":"2026-09-20T21:59:52.920642+10:00","Action":"pass","Package":"github.com/ollama/ollama/cmd/tui/chat","Test":"TestRenderMarkdownTableWrapsLongCells","Elapsed":0}
{"Time":"2026-09-20T21:59:52.920654+10:00","Action":"run","Package":"github.com/ollama/ollama/cmd/tui/chat","Test":"TestRenderMarkdownProseWithPipeExamplesIsNotTable"}
{"Time":"2026-09-20T21:59:52.920666+10:00","Action":"output","Package":"github.com/ollama/ollama/cmd/tui/chat","Test":"TestRenderMarkdownProseWithPipeExamplesIsNotTable","Output":"=== RUN   TestRenderMarkdownProseWithPipeExamplesIsNotTable\n"}
{"Time":"2026-09-20T21:59:52.920683+10:00","Action":"output","Package":"github.com/ollama/ollama/cmd/tui/chat","Test":"TestRenderMarkdownProseWithPipeExamplesIsNotTable","Output":"--- PASS: TestRenderMarkdownProseWithPipeExamplesIsNotTable (0.00s)\n"}
{"Time":"2026-09-20T21:59:52.920696+10:00","Action":"pass","Package":"github.com/ollama/ollama/cmd/tui/chat","Test":"TestRenderMarkdownProseWithPipeExamplesIsNotTable","Elapsed":0}
{"Time":"2026-09-20T21:59:52.920708+10:00","Action":"run","Package":"github.com/ollama/ollama/cmd/tui/chat","Test":"TestRenderMarkdownTablePreservesValidSeparator"}
{"Time":"2026-09-20T21:59:52.920719+10:00","Action":"output","Package":"github.com/ollama/ollama/cmd/tui/chat","Test":"TestRenderMarkdownTablePreservesValidSeparator","Output":"=== RUN   TestRenderMarkdownTablePreservesValidSeparator\n"}
{"Time":"2026-09-20T21:59:52.920733+10:00","Action":"output","Package":"github.com/ollama/ollama/cmd/tui/chat","Test":"TestRenderMarkdownTablePreservesValidSeparator","Output":"--- PASS: TestRenderMarkdownTablePreservesValidSeparator (0.00s)\n"}
{"Time":"2026-09-20T21:59:52.920744+10:00","Action":"pass","Package":"github.com/ollama/ollama/cmd/tui/chat","Test":"TestRenderMarkdownTablePreservesValidSeparator","Elapsed":0}
{"Time":"2026-09-20T21:59:52.920785+10:00","Action":"output","Package":"github.com/ollama/ollama/cmd/tui/chat","Output":"PASS\n"}
{"Time":"2026-09-20T21:59:52.922149+10:00","Action":"output","Package":"github.com/ollama/ollama/cmd/tui/chat","Output":"ok  \tgithub.com/ollama/ollama/cmd/tui/chat\t1.036s\n"}
{"Time":"2026-09-20T21:59:52.922199+10:00","Action":"pass","Package":"github.com/ollama/ollama/cmd/tui/chat","Elapsed":1.036}
{"Time":"2026-09-20T21:59:53.2598+10:00","Action":"run","Package":"github.com/ollama/ollama/app/tools","Test":"TestToolRequiresApproval"}
{"Time":"2026-09-20T21:59:53.259883+10:00","Action":"output","Package":"github.com/ollama/ollama/app/tools","Test":"TestToolRequiresApproval","Output":"=== RUN   TestToolRequiresApproval\n"}
{"Time":"2026-09-20T21:59:53.259913+10:00","Action":"output","Package":"github.com/ollama/ollama/app/tools","Test":"TestToolRequiresApproval","Output":"--- PASS: TestToolRequiresApproval (0.00s)\n"}
{"Time":"2026-09-20T21:59:53.259928+10:00","Action":"pass","Package":"github.com/ollama/ollama/app/tools","Test":"TestToolRequiresApproval","Elapsed":0}
{"Time":"2026-09-20T21:59:53.259948+10:00","Action":"run","Package":"github.com/ollama/ollama/app/tools","Test":"TestToolApprovalScope"}
{"Time":"2026-09-20T21:59:53.259968+10:00","Action":"output","Package":"github.com/ollama/ollama/app/tools","Test":"TestToolApprovalScope","Output":"=== RUN   TestToolApprovalScope\n"}
{"Time":"2026-09-20T21:59:53.259983+10:00","Action":"output","Package":"github.com/ollama/ollama/app/tools","Test":"TestToolApprovalScope","Output":"--- PASS: TestToolApprovalScope (0.00s)\n"}
{"Time":"2026-09-20T21:59:53.259997+10:00","Action":"pass","Package":"github.com/ollama/ollama/app/tools","Test":"TestToolApprovalScope","Elapsed":0}
{"Time":"2026-09-20T21:59:53.260009+10:00","Action":"run","Package":"github.com/ollama/ollama/app/tools","Test":"TestAwaitBlocksUntilAnswered"}
{"Time":"2026-09-20T21:59:53.260027+10:00","Action":"output","Package":"github.com/ollama/ollama/app/tools","Test":"TestAwaitBlocksUntilAnswered","Output":"=== RUN   TestAwaitBlocksUntilAnswered\n"}
{"Time":"2026-09-20T21:59:53.312363+10:00","Action":"output","Package":"github.com/ollama/ollama/app/tools","Test":"TestAwaitBlocksUntilAnswered","Output":"--- PASS: TestAwaitBlocksUntilAnswered (0.05s)\n"}
{"Time":"2026-09-20T21:59:53.312463+10:00","Action":"pass","Package":"github.com/ollama/ollama/app/tools","Test":"TestAwaitBlocksUntilAnswered","Elapsed":0.05}
{"Time":"2026-09-20T21:59:53.31249+10:00","Action":"run","Package":"github.com/ollama/ollama/app/tools","Test":"TestResolveIsOnlyEverHonouredOnce"}
{"Time":"2026-09-20T21:59:53.312507+10:00","Action":"output","Package":"github.com/ollama/ollama/app/tools","Test":"TestResolveIsOnlyEverHonouredOnce","Output":"=== RUN   TestResolveIsOnlyEverHonouredOnce\n"}
{"Time":"2026-09-20T21:59:53.312524+10:00","Action":"output","Package":"github.com/ollama/ollama/app/tools","Test":"TestResolveIsOnlyEverHonouredOnce","Output":"--- PASS: TestResolveIsOnlyEverHonouredOnce (0.00s)\n"}
{"Time":"2026-09-20T21:59:53.312567+10:00","Action":"pass","Package":"github.com/ollama/ollama/app/tools","Test":"TestResolveIsOnlyEverHonouredOnce","Elapsed":0}
{"Time":"2026-09-20T21:59:53.312596+10:00","Action":"run","Package":"github.com/ollama/ollama/app/tools","Test":"TestResolveUnknownRequest"}
{"Time":"2026-09-20T21:59:53.312611+10:00","Action":"output","Package":"github.com/ollama/ollama/app/tools","Test":"TestResolveUnknownRequest","Output":"=== RUN   TestResolveUnknownRequest\n"}
{"Time":"2026-09-20T21:59:53.312627+10:00","Action":"output","Package":"github.com/ollama/ollama/app/tools","Test":"TestResolveUnknownRequest","Output":"--- PASS: TestResolveUnknownRequest (0.00s)\n"}
{"Time":"2026-09-20T21:59:53.312641+10:00","Action":"pass","Package":"github.com/ollama/ollama/app/tools","Test":"TestResolveUnknownRequest","Elapsed":0}
{"Time":"2026-09-20T21:59:53.312656+10:00","Action":"run","Package":"github.com/ollama/ollama/app/tools","Test":"TestAwaitStopsWhenTheChatIsCancelled"}
{"Time":"2026-09-20T21:59:53.31267+10:00","Action":"output","Package":"github.com/ollama/ollama/app/tools","Test":"TestAwaitStopsWhenTheChatIsCancelled","Output":"=== RUN   TestAwaitStopsWhenTheChatIsCancelled\n"}
{"Time":"2026-09-20T21:59:53.312689+10:00","Action":"output","Package":"github.com/ollama/ollama/app/tools","Test":"TestAwaitStopsWhenTheChatIsCancelled","Output":"--- PASS: TestAwaitStopsWhenTheChatIsCancelled (0.00s)\n"}
{"Time":"2026-09-20T21:59:53.312704+10:00","Action":"pass","Package":"github.com/ollama/ollama/app/tools","Test":"TestAwaitStopsWhenTheChatIsCancelled","Elapsed":0}
{"Time":"2026-09-20T21:59:53.312718+10:00","Action":"run","Package":"github.com/ollama/ollama/app/tools","Test":"TestAwaitTimesOutAndRefuses"}
{"Time":"2026-09-20T21:59:53.312766+10:00","Action":"output","Package":"github.com/ollama/ollama/app/tools","Test":"TestAwaitTimesOutAndRefuses","Output":"=== RUN   TestAwaitTimesOutAndRefuses\n"}
{"Time":"2026-09-20T21:59:53.464179+10:00","Action":"output","Package":"github.com/ollama/ollama/app/tools","Test":"TestAwaitTimesOutAndRefuses","Output":"--- PASS: TestAwaitTimesOutAndRefuses (0.15s)\n"}
{"Time":"2026-09-20T21:59:53.46427+10:00","Action":"pass","Package":"github.com/ollama/ollama/app/tools","Test":"TestAwaitTimesOutAndRefuses","Elapsed":0.15}
{"Time":"2026-09-20T21:59:53.464291+10:00","Action":"run","Package":"github.com/ollama/ollama/app/tools","Test":"TestAwaitReturnsANotifyFailure"}
{"Time":"2026-09-20T21:59:53.464304+10:00","Action":"output","Package":"github.com/ollama/ollama/app/tools","Test":"TestAwaitReturnsANotifyFailure","Output":"=== RUN   TestAwaitReturnsANotifyFailure\n"}
{"Time":"2026-09-20T21:59:53.464318+10:00","Action":"output","Package":"github.com/ollama/ollama/app/tools","Test":"TestAwaitReturnsANotifyFailure","Output":"--- PASS: TestAwaitReturnsANotifyFailure (0.00s)\n"}
{"Time":"2026-09-20T21:59:53.464331+10:00","Action":"pass","Package":"github.com/ollama/ollama/app/tools","Test":"TestAwaitReturnsANotifyFailure","Elapsed":0}
{"Time":"2026-09-20T21:59:53.464344+10:00","Action":"run","Package":"github.com/ollama/ollama/app/tools","Test":"TestRememberGrantsTheScopeForTheChatOnly"}
{"Time":"2026-09-20T21:59:53.464356+10:00","Action":"output","Package":"github.com/ollama/ollama/app/tools","Test":"TestRememberGrantsTheScopeForTheChatOnly","Output":"=== RUN   TestRememberGrantsTheScopeForTheChatOnly\n"}
{"Time":"2026-09-20T21:59:53.464369+10:00","Action":"output","Package":"github.com/ollama/ollama/app/tools","Test":"TestRememberGrantsTheScopeForTheChatOnly","Output":"--- PASS: TestRememberGrantsTheScopeForTheChatOnly (0.00s)\n"}
{"Time":"2026-09-20T21:59:53.464388+10:00","Action":"pass","Package":"github.com/ollama/ollama/app/tools","Test":"TestRememberGrantsTheScopeForTheChatOnly","Elapsed":0}
{"Time":"2026-09-20T21:59:53.464401+10:00","Action":"run","Package":"github.com/ollama/ollama/app/tools","Test":"TestRememberAllIsSeparateAndDeliberate"}
{"Time":"2026-09-20T21:59:53.464412+10:00","Action":"output","Package":"github.com/ollama/ollama/app/tools","Test":"TestRememberAllIsSeparateAndDeliberate","Output":"=== RUN   TestRememberAllIsSeparateAndDeliberate\n"}
{"Time":"2026-09-20T21:59:53.46588+10:00","Action":"output","Package":"github.com/ollama/ollama/app/tools","Test":"TestRememberAllIsSeparateAndDeliberate","Output":"--- PASS: TestRememberAllIsSeparateAndDeliberate (0.00s)\n"}
{"Time":"2026-09-20T21:59:53.466408+10:00","Action":"pass","Package":"github.com/ollama/ollama/app/tools","Test":"TestRememberAllIsSeparateAndDeliberate","Elapsed":0}
{"Time":"2026-09-20T21:59:53.466466+10:00","Action":"run","Package":"github.com/ollama/ollama/app/tools","Test":"TestDecliningNeverGrantsAnything"}
{"Time":"2026-09-20T21:59:53.466479+10:00","Action":"output","Package":"github.com/ollama/ollama/app/tools","Test":"TestDecliningNeverGrantsAnything","Output":"=== RUN   TestDecliningNeverGrantsAnything\n"}
{"Time":"2026-09-20T21:59:53.466493+10:00","Action":"output","Package":"github.com/ollama/ollama/app/tools","Test":"TestDecliningNeverGrantsAnything","Output":"--- PASS: TestDecliningNeverGrantsAnything (0.00s)\n"}
{"Time":"2026-09-20T21:59:53.466506+10:00","Action":"pass","Package":"github.com/ollama/ollama/app/tools","Test":"TestDecliningNeverGrantsAnything","Elapsed":0}
{"Time":"2026-09-20T21:59:53.466524+10:00","Action":"run","Package":"github.com/ollama/ollama/app/tools","Test":"TestCancelChatRefusesOnlyThatChat"}
{"Time":"2026-09-20T21:59:53.466535+10:00","Action":"output","Package":"github.com/ollama/ollama/app/tools","Test":"TestCancelChatRefusesOnlyThatChat","Output":"=== RUN   TestCancelChatRefusesOnlyThatChat\n"}
{"Time":"2026-09-20T21:59:53.566419+10:00","Action":"output","Package":"github.com/ollama/ollama/app/tools","Test":"TestCancelChatRefusesOnlyThatChat","Output":"--- PASS: TestCancelChatRefusesOnlyThatChat (0.10s)\n"}
{"Time":"2026-09-20T21:59:53.566514+10:00","Action":"pass","Package":"github.com/ollama/ollama/app/tools","Test":"TestCancelChatRefusesOnlyThatChat","Elapsed":0.1}
{"Time":"2026-09-20T21:59:53.566534+10:00","Action":"run","Package":"github.com/ollama/ollama/app/tools","Test":"TestConcurrentApprovalsDoNotInterfere"}
{"Time":"2026-09-20T21:59:53.56657+10:00","Action":"output","Package":"github.com/ollama/ollama/app/tools","Test":"TestConcurrentApprovalsDoNotInterfere","Output":"=== RUN   TestConcurrentApprovalsDoNotInterfere\n"}
{"Time":"2026-09-20T21:59:53.566982+10:00","Action":"output","Package":"github.com/ollama/ollama/app/tools","Test":"TestConcurrentApprovalsDoNotInterfere","Output":"--- PASS: TestConcurrentApprovalsDoNotInterfere (0.00s)\n"}
{"Time":"2026-09-20T21:59:53.567062+10:00","Action":"pass","Package":"github.com/ollama/ollama/app/tools","Test":"TestConcurrentApprovalsDoNotInterfere","Elapsed":0}
{"Time":"2026-09-20T21:59:53.56708+10:00","Action":"run","Package":"github.com/ollama/ollama/app/tools","Test":"TestBrowser_Scroll_AppendsOnlyPageStack"}
{"Time":"2026-09-20T21:59:53.567094+10:00","Action":"output","Package":"github.com/ollama/ollama/app/tools","Test":"TestBrowser_Scroll_AppendsOnlyPageStack","Output":"=== RUN   TestBrowser_Scroll_AppendsOnlyPageStack\n"}
{"Time":"2026-09-20T21:59:53.567108+10:00","Action":"output","Package":"github.com/ollama/ollama/app/tools","Test":"TestBrowser_Scroll_AppendsOnlyPageStack","Output":"--- PASS: TestBrowser_Scroll_AppendsOnlyPageStack (0.00s)\n"}
{"Time":"2026-09-20T21:59:53.567122+10:00","Action":"pass","Package":"github.com/ollama/ollama/app/tools","Test":"TestBrowser_Scroll_AppendsOnlyPageStack","Elapsed":0}
{"Time":"2026-09-20T21:59:53.567135+10:00","Action":"run","Package":"github.com/ollama/ollama/app/tools","Test":"TestBrowserOpen_UseCacheByURL"}
{"Time":"2026-09-20T21:59:53.567148+10:00","Action":"output","Package":"github.com/ollama/ollama/app/tools","Test":"TestBrowserOpen_UseCacheByURL","Output":"=== RUN   TestBrowserOpen_UseCacheByURL\n"}
{"Time":"2026-09-20T21:59:53.567164+10:00","Action":"output","Package":"github.com/ollama/ollama/app/tools","Test":"TestBrowserOpen_UseCacheByURL","Output":"--- PASS: TestBrowserOpen_UseCacheByURL (0.00s)\n"}
{"Time":"2026-09-20T21:59:53.567177+10:00","Action":"pass","Package":"github.com/ollama/ollama/app/tools","Test":"TestBrowserOpen_UseCacheByURL","Elapsed":0}
{"Time":"2026-09-20T21:59:53.56719+10:00","Action":"run","Package":"github.com/ollama/ollama/app/tools","Test":"TestBrowserOpen_RejectsUncachedDirectURL"}
{"Time":"2026-09-20T21:59:53.567243+10:00","Action":"output","Package":"github.com/ollama/ollama/app/tools","Test":"TestBrowserOpen_RejectsUncachedDirectURL","Output":"=== RUN   TestBrowserOpen_RejectsUncachedDirectURL\n"}
{"Time":"2026-09-20T21:59:53.567266+10:00","Action":"output","Package":"github.com/ollama/ollama/app/tools","Test":"TestBrowserOpen_RejectsUncachedDirectURL","Output":"--- PASS: TestBrowserOpen_RejectsUncachedDirectURL (0.00s)\n"}
{"Time":"2026-09-20T21:59:53.56728+10:00","Action":"pass","Package":"github.com/ollama/ollama/app/tools","Test":"TestBrowserOpen_RejectsUncachedDirectURL","Elapsed":0}
{"Time":"2026-09-20T21:59:53.567294+10:00","Action":"run","Package":"github.com/ollama/ollama/app/tools","Test":"TestDirectURLsFromText_AllowsExactUserURLsOnly"}
{"Time":"2026-09-20T21:59:53.567306+10:00","Action":"output","Package":"github.com/ollama/ollama/app/tools","Test":"TestDirectURLsFromText_AllowsExactUserURLsOnly","Output":"=== RUN   TestDirectURLsFromText_AllowsExactUserURLsOnly\n"}
{"Time":"2026-09-20T21:59:53.567344+10:00","Action":"output","Package":"github.com/ollama/ollama/app/tools","Test":"TestDirectURLsFromText_AllowsExactUserURLsOnly","Output":"--- PASS: TestDirectURLsFromText_AllowsExactUserURLsOnly (0.00s)\n"}
{"Time":"2026-09-20T21:59:53.567359+10:00","Action":"pass","Package":"github.com/ollama/ollama/app/tools","Test":"TestDirectURLsFromText_AllowsExactUserURLsOnly","Elapsed":0}
{"Time":"2026-09-20T21:59:53.567372+10:00","Action":"run","Package":"github.com/ollama/ollama/app/tools","Test":"TestDisplayPage_InvalidLoc"}
{"Time":"2026-09-20T21:59:53.567389+10:00","Action":"output","Package":"github.com/ollama/ollama/app/tools","Test":"TestDisplayPage_InvalidLoc","Output":"=== RUN   TestDisplayPage_InvalidLoc\n"}
{"Time":"2026-09-20T21:59:53.567402+10:00","Action":"output","Package":"github.com/ollama/ollama/app/tools","Test":"TestDisplayPage_InvalidLoc","Output":"--- PASS: TestDisplayPage_InvalidLoc (0.00s)\n"}
{"Time":"2026-09-20T21:59:53.567414+10:00","Action":"pass","Package":"github.com/ollama/ollama/app/tools","Test":"TestDisplayPage_InvalidLoc","Elapsed":0}
{"Time":"2026-09-20T21:59:53.567426+10:00","Action":"run","Package":"github.com/ollama/ollama/app/tools","Test":"TestBrowserOpen_LinkId_UsesCacheAndAppends"}
{"Time":"2026-09-20T21:59:53.567437+10:00","Action":"output","Package":"github.com/ollama/ollama/app/tools","Test":"TestBrowserOpen_LinkId_UsesCacheAndAppends","Output":"=== RUN   TestBrowserOpen_LinkId_UsesCacheAndAppends\n"}
{"Time":"2026-09-20T21:59:53.56745+10:00","Action":"output","Package":"github.com/ollama/ollama/app/tools","Test":"TestBrowserOpen_LinkId_UsesCacheAndAppends","Output":"--- PASS: TestBrowserOpen_LinkId_UsesCacheAndAppends (0.00s)\n"}
{"Time":"2026-09-20T21:59:53.567469+10:00","Action":"pass","Package":"github.com/ollama/ollama/app/tools","Test":"TestBrowserOpen_LinkId_UsesCacheAndAppends","Elapsed":0}
{"Time":"2026-09-20T21:59:53.567575+10:00","Action":"run","Package":"github.com/ollama/ollama/app/tools","Test":"TestWrapLines_PreserveAndWidth"}
{"Time":"2026-09-20T21:59:53.567614+10:00","Action":"output","Package":"github.com/ollama/ollama/app/tools","Test":"TestWrapLines_PreserveAndWidth","Output":"=== RUN   TestWrapLines_PreserveAndWidth\n"}
{"Time":"2026-09-20T21:59:53.567634+10:00","Action":"output","Package":"github.com/ollama/ollama/app/tools","Test":"TestWrapLines_PreserveAndWidth","Output":"--- PASS: TestWrapLines_PreserveAndWidth (0.00s)\n"}
{"Time":"2026-09-20T21:59:53.567647+10:00","Action":"pass","Package":"github.com/ollama/ollama/app/tools","Test":"TestWrapLines_PreserveAndWidth","Elapsed":0}
{"Time":"2026-09-20T21:59:53.56766+10:00","Action":"run","Package":"github.com/ollama/ollama/app/tools","Test":"TestDisplayPage_FormatHeaderAndLines"}
{"Time":"2026-09-20T21:59:53.567672+10:00","Action":"output","Package":"github.com/ollama/ollama/app/tools","Test":"TestDisplayPage_FormatHeaderAndLines","Output":"=== RUN   TestDisplayPage_FormatHeaderAndLines\n"}
{"Time":"2026-09-20T21:59:53.567684+10:00","Action":"output","Package":"github.com/ollama/ollama/app/tools","Test":"TestDisplayPage_FormatHeaderAndLines","Output":"--- PASS: TestDisplayPage_FormatHeaderAndLines (0.00s)\n"}
{"Time":"2026-09-20T21:59:53.567697+10:00","Action":"pass","Package":"github.com/ollama/ollama/app/tools","Test":"TestDisplayPage_FormatHeaderAndLines","Elapsed":0}
{"Time":"2026-09-20T21:59:53.567709+10:00","Action":"run","Package":"github.com/ollama/ollama/app/tools","Test":"TestEnsureCloudEnabledForTool"}
{"Time":"2026-09-20T21:59:53.568203+10:00","Action":"output","Package":"github.com/ollama/ollama/app/tools","Test":"TestEnsureCloudEnabledForTool","Output":"=== RUN   TestEnsureCloudEnabledForTool\n"}
{"Time":"2026-09-20T21:59:53.56828+10:00","Action":"run","Package":"github.com/ollama/ollama/app/tools","Test":"TestEnsureCloudEnabledForTool/enabled_allows_tool_execution"}
{"Time":"2026-09-20T21:59:53.568294+10:00","Action":"output","Package":"github.com/ollama/ollama/app/tools","Test":"TestEnsureCloudEnabledForTool/enabled_allows_tool_execution","Output":"=== RUN   TestEnsureCloudEnabledForTool/enabled_allows_tool_execution\n"}
{"Time":"2026-09-20T21:59:53.569701+10:00","Action":"output","Package":"github.com/ollama/ollama/app/tools","Test":"TestEnsureCloudEnabledForTool/enabled_allows_tool_execution","Output":"--- PASS: TestEnsureCloudEnabledForTool/enabled_allows_tool_execution (0.00s)\n"}
{"Time":"2026-09-20T21:59:53.569767+10:00","Action":"pass","Package":"github.com/ollama/ollama/app/tools","Test":"TestEnsureCloudEnabledForTool/enabled_allows_tool_execution","Elapsed":0}
{"Time":"2026-09-20T21:59:53.569787+10:00","Action":"run","Package":"github.com/ollama/ollama/app/tools","Test":"TestEnsureCloudEnabledForTool/disabled_blocks_tool_execution"}
{"Time":"2026-09-20T21:59:53.56981+10:00","Action":"output","Package":"github.com/ollama/ollama/app/tools","Test":"TestEnsureCloudEnabledForTool/disabled_blocks_tool_execution","Output":"=== RUN   TestEnsureCloudEnabledForTool/disabled_blocks_tool_execution\n"}
{"Time":"2026-09-20T21:59:53.570332+10:00","Action":"output","Package":"github.com/ollama/ollama/app/tools","Test":"TestEnsureCloudEnabledForTool/disabled_blocks_tool_execution","Output":"--- PASS: TestEnsureCloudEnabledForTool/disabled_blocks_tool_execution (0.00s)\n"}
{"Time":"2026-09-20T21:59:53.570393+10:00","Action":"pass","Package":"github.com/ollama/ollama/app/tools","Test":"TestEnsureCloudEnabledForTool/disabled_blocks_tool_execution","Elapsed":0}
{"Time":"2026-09-20T21:59:53.570425+10:00","Action":"run","Package":"github.com/ollama/ollama/app/tools","Test":"TestEnsureCloudEnabledForTool/status_unavailable_fails_closed"}
{"Time":"2026-09-20T21:59:53.570438+10:00","Action":"output","Package":"github.com/ollama/ollama/app/tools","Test":"TestEnsureCloudEnabledForTool/status_unavailable_fails_closed","Output":"=== RUN   TestEnsureCloudEnabledForTool/status_unavailable_fails_closed\n"}
{"Time":"2026-09-20T21:59:53.570964+10:00","Action":"output","Package":"github.com/ollama/ollama/app/tools","Test":"TestEnsureCloudEnabledForTool/status_unavailable_fails_closed","Output":"--- PASS: TestEnsureCloudEnabledForTool/status_unavailable_fails_closed (0.00s)\n"}
{"Time":"2026-09-20T21:59:53.571019+10:00","Action":"pass","Package":"github.com/ollama/ollama/app/tools","Test":"TestEnsureCloudEnabledForTool/status_unavailable_fails_closed","Elapsed":0}
{"Time":"2026-09-20T21:59:53.571056+10:00","Action":"output","Package":"github.com/ollama/ollama/app/tools","Test":"TestEnsureCloudEnabledForTool","Output":"--- PASS: TestEnsureCloudEnabledForTool (0.00s)\n"}
{"Time":"2026-09-20T21:59:53.57107+10:00","Action":"pass","Package":"github.com/ollama/ollama/app/tools","Test":"TestEnsureCloudEnabledForTool","Elapsed":0}
{"Time":"2026-09-20T21:59:53.571083+10:00","Action":"run","Package":"github.com/ollama/ollama/app/tools","Test":"TestRegisterMCPOffersTheServersTools"}
{"Time":"2026-09-20T21:59:53.571096+10:00","Action":"output","Package":"github.com/ollama/ollama/app/tools","Test":"TestRegisterMCPOffersTheServersTools","Output":"=== RUN   TestRegisterMCPOffersTheServersTools\n"}
{"Time":"2026-09-20T21:59:53.843514+10:00","Action":"run","Package":"github.com/ollama/ollama/app/ui","Test":"TestApprovalGateLetsUngatedToolsThrough"}
{"Time":"2026-09-20T21:59:53.843697+10:00","Action":"output","Package":"github.com/ollama/ollama/app/ui","Test":"TestApprovalGateLetsUngatedToolsThrough","Output":"=== RUN   TestApprovalGateLetsUngatedToolsThrough\n"}
{"Time":"2026-09-20T21:59:53.844145+10:00","Action":"output","Package":"github.com/ollama/ollama/app/ui","Test":"TestApprovalGateLetsUngatedToolsThrough","Output":"--- PASS: TestApprovalGateLetsUngatedToolsThrough (0.00s)\n"}
{"Time":"2026-09-20T21:59:53.844209+10:00","Action":"pass","Package":"github.com/ollama/ollama/app/ui","Test":"TestApprovalGateLetsUngatedToolsThrough","Elapsed":0}
{"Time":"2026-09-20T21:59:53.84423+10:00","Action":"run","Package":"github.com/ollama/ollama/app/ui","Test":"TestApprovalGateIgnoresUnknownTools"}
{"Time":"2026-09-20T21:59:53.844247+10:00","Action":"output","Package":"github.com/ollama/ollama/app/ui","Test":"TestApprovalGateIgnoresUnknownTools","Output":"=== RUN   TestApprovalGateIgnoresUnknownTools\n"}
{"Time":"2026-09-20T21:59:53.844261+10:00","Action":"output","Package":"github.com/ollama/ollama/app/ui","Test":"TestApprovalGateIgnoresUnknownTools","Output":"--- PASS: TestApprovalGateIgnoresUnknownTools (0.00s)\n"}
{"Time":"2026-09-20T21:59:53.844273+10:00","Action":"pass","Package":"github.com/ollama/ollama/app/ui","Test":"TestApprovalGateIgnoresUnknownTools","Elapsed":0}
{"Time":"2026-09-20T21:59:53.844286+10:00","Action":"run","Package":"github.com/ollama/ollama/app/ui","Test":"TestApprovalRoundTrip"}
{"Time":"2026-09-20T21:59:53.844299+10:00","Action":"output","Package":"github.com/ollama/ollama/app/ui","Test":"TestApprovalRoundTrip","Output":"=== RUN   TestApprovalRoundTrip\n"}
{"Time":"2026-09-20T21:59:53.85042+10:00","Action":"output","Package":"github.com/ollama/ollama/app/ui","Test":"TestApprovalRoundTrip","Output":"--- PASS: TestApprovalRoundTrip (0.01s)\n"}
{"Time":"2026-09-20T21:59:53.850472+10:00","Action":"pass","Package":"github.com/ollama/ollama/app/ui","Test":"TestApprovalRoundTrip","Elapsed":0.01}
{"Time":"2026-09-20T21:59:53.850491+10:00","Action":"run","Package":"github.com/ollama/ollama/app/ui","Test":"TestDeclinedApprovalStopsTheCall"}
{"Time":"2026-09-20T21:59:53.850504+10:00","Action":"output","Package":"github.com/ollama/ollama/app/ui","Test":"TestDeclinedApprovalStopsTheCall","Output":"=== RUN   TestDeclinedApprovalStopsTheCall\n"}
{"Time":"2026-09-20T21:59:53.856924+10:00","Action":"output","Package":"github.com/ollama/ollama/app/ui","Test":"TestDeclinedApprovalStopsTheCall","Output":"--- PASS: TestDeclinedApprovalStopsTheCall (0.01s)\n"}
{"Time":"2026-09-20T21:59:53.857011+10:00","Action":"pass","Package":"github.com/ollama/ollama/app/ui","Test":"TestDeclinedApprovalStopsTheCall","Elapsed":0.01}
{"Time":"2026-09-20T21:59:53.857051+10:00","Action":"run","Package":"github.com/ollama/ollama/app/ui","Test":"TestRememberedApprovalIsNotAskedAgain"}
{"Time":"2026-09-20T21:59:53.857081+10:00","Action":"output","Package":"github.com/ollama/ollama/app/ui","Test":"TestRememberedApprovalIsNotAskedAgain","Output":"=== RUN   TestRememberedApprovalIsNotAskedAgain\n"}
{"Time":"2026-09-20T21:59:53.86976+10:00","Action":"output","Package":"github.com/ollama/ollama/app/ui","Test":"TestRememberedApprovalIsNotAskedAgain","Output":"--- PASS: TestRememberedApprovalIsNotAskedAgain (0.01s)\n"}
{"Time":"2026-09-20T21:59:53.869823+10:00","Action":"pass","Package":"github.com/ollama/ollama/app/ui","Test":"TestRememberedApprovalIsNotAskedAgain","Elapsed":0.01}
{"Time":"2026-09-20T21:59:53.86985+10:00","Action":"run","Package":"github.com/ollama/ollama/app/ui","Test":"TestApprovalFromAnotherChatIsRefused"}
{"Time":"2026-09-20T21:59:53.869864+10:00","Action":"output","Package":"github.com/ollama/ollama/app/ui","Test":"TestApprovalFromAnotherChatIsRefused","Output":"=== RUN   TestApprovalFromAnotherChatIsRefused\n"}
{"Time":"2026-09-20T21:59:53.877068+10:00","Action":"output","Package":"github.com/ollama/ollama/app/ui","Test":"TestApprovalFromAnotherChatIsRefused","Output":"    approval_test.go:228: chatApproval: approval does not belong to this chat\n"}
{"Time":"2026-09-20T21:59:54.07994+10:00","Action":"output","Package":"github.com/ollama/ollama/app/ui","Test":"TestApprovalFromAnotherChatIsRefused","Output":"--- PASS: TestApprovalFromAnotherChatIsRefused (0.21s)\n"}
{"Time":"2026-09-20T21:59:54.080068+10:00","Action":"pass","Package":"github.com/ollama/ollama/app/ui","Test":"TestApprovalFromAnotherChatIsRefused","Elapsed":0.21}
{"Time":"2026-09-20T21:59:54.080087+10:00","Action":"run","Package":"github.com/ollama/ollama/app/ui","Test":"TestApprovalForSomethingNotWaitingIsAConflict"}
{"Time":"2026-09-20T21:59:54.080128+10:00","Action":"output","Package":"github.com/ollama/ollama/app/ui","Test":"TestApprovalForSomethingNotWaitingIsAConflict","Output":"=== RUN   TestApprovalForSomethingNotWaitingIsAConflict\n"}
{"Time":"2026-09-20T21:59:54.080179+10:00","Action":"output","Package":"github.com/ollama/ollama/app/ui","Test":"TestApprovalForSomethingNotWaitingIsAConflict","Output":"    approval_test.go:245: chatApproval: no tool call is waiting for that approval\n"}
{"Time":"2026-09-20T21:59:54.080206+10:00","Action":"output","Package":"github.com/ollama/ollama/app/ui","Test":"TestApprovalForSomethingNotWaitingIsAConflict","Output":"--- PASS: TestApprovalForSomethingNotWaitingIsAConflict (0.00s)\n"}
{"Time":"2026-09-20T21:59:54.080222+10:00","Action":"pass","Package":"github.com/ollama/ollama/app/ui","Test":"TestApprovalForSomethingNotWaitingIsAConflict","Elapsed":0}
{"Time":"2026-09-20T21:59:54.080256+10:00","Action":"run","Package":"github.com/ollama/ollama/app/ui","Test":"TestApprovalRequiresAnIdentifier"}
{"Time":"2026-09-20T21:59:54.080324+10:00","Action":"output","Package":"github.com/ollama/ollama/app/ui","Test":"TestApprovalRequiresAnIdentifier","Output":"=== RUN   TestApprovalRequiresAnIdentifier\n"}
{"Time":"2026-09-20T21:59:54.080337+10:00","Action":"output","Package":"github.com/ollama/ollama/app/ui","Test":"TestApprovalRequiresAnIdentifier","Output":"    approval_test.go:253: chatApproval: approvalId is required\n"}
{"Time":"2026-09-20T21:59:54.08035+10:00","Action":"output","Package":"github.com/ollama/ollama/app/ui","Test":"TestApprovalRequiresAnIdentifier","Output":"--- PASS: TestApprovalRequiresAnIdentifier (0.00s)\n"}
{"Time":"2026-09-20T21:59:54.080362+10:00","Action":"pass","Package":"github.com/ollama/ollama/app/ui","Test":"TestApprovalRequiresAnIdentifier","Elapsed":0}
{"Time":"2026-09-20T21:59:54.080381+10:00","Action":"run","Package":"github.com/ollama/ollama/app/ui","Test":"TestApprovalTimeoutRefusesRatherThanHanging"}
{"Time":"2026-09-20T21:59:54.080395+10:00","Action":"output","Package":"github.com/ollama/ollama/app/ui","Test":"TestApprovalTimeoutRefusesRatherThanHanging","Output":"=== RUN   TestApprovalTimeoutRefusesRatherThanHanging\n"}
{"Time":"2026-09-20T21:59:54.229633+10:00","Action":"run","Package":"github.com/ollama/ollama/app/store","Test":"TestChatReadMissingHeaderIsNotFound"}
{"Time":"2026-09-20T21:59:54.229734+10:00","Action":"output","Package":"github.com/ollama/ollama/app/store","Test":"TestChatReadMissingHeaderIsNotFound","Output":"=== RUN   TestChatReadMissingHeaderIsNotFound\n"}
{"Time":"2026-09-20T21:59:54.231225+10:00","Action":"output","Package":"github.com/ollama/ollama/app/ui","Test":"TestApprovalTimeoutRefusesRatherThanHanging","Output":"--- PASS: TestApprovalTimeoutRefusesRatherThanHanging (0.15s)\n"}
{"Time":"2026-09-20T21:59:54.231284+10:00","Action":"pass","Package":"github.com/ollama/ollama/app/ui","Test":"TestApprovalTimeoutRefusesRatherThanHanging","Elapsed":0.15}
{"Time":"2026-09-20T21:59:54.231301+10:00","Action":"run","Package":"github.com/ollama/ollama/app/ui","Test":"TestChatRegistryOffersMCPTools"}
{"Time":"2026-09-20T21:59:54.231313+10:00","Action":"output","Package":"github.com/ollama/ollama/app/ui","Test":"TestChatRegistryOffersMCPTools","Output":"=== RUN   TestChatRegistryOffersMCPTools\n"}
{"Time":"2026-09-20T21:59:54.244093+10:00","Action":"output","Package":"github.com/ollama/ollama/app/store","Test":"TestChatReadMissingHeaderIsNotFound","Output":"--- PASS: TestChatReadMissingHeaderIsNotFound (0.01s)\n"}
{"Time":"2026-09-20T21:59:54.244146+10:00","Action":"pass","Package":"github.com/ollama/ollama/app/store","Test":"TestChatReadMissingHeaderIsNotFound","Elapsed":0.01}
{"Time":"2026-09-20T21:59:54.244165+10:00","Action":"run","Package":"github.com/ollama/ollama/app/store","Test":"TestChatReadValidEmptyAndPopulated"}
{"Time":"2026-09-20T21:59:54.244178+10:00","Action":"output","Package":"github.com/ollama/ollama/app/store","Test":"TestChatReadValidEmptyAndPopulated","Output":"=== RUN   TestChatReadValidEmptyAndPopulated\n"}
{"Time":"2026-09-20T21:59:54.255277+10:00","Action":"output","Package":"github.com/ollama/ollama/app/store","Test":"TestChatReadValidEmptyAndPopulated","Output":"--- PASS: TestChatReadValidEmptyAndPopulated (0.01s)\n"}
{"Time":"2026-09-20T21:59:54.255364+10:00","Action":"pass","Package":"github.com/ollama/ollama/app/store","Test":"TestChatReadValidEmptyAndPopulated","Elapsed":0.01}
{"Time":"2026-09-20T21:59:54.255478+10:00","Action":"run","Package":"github.com/ollama/ollama/app/store","Test":"TestChatReadRejectsMalformedMessage"}
{"Time":"2026-09-20T21:59:54.255506+10:00","Action":"output","Package":"github.com/ollama/ollama/app/store","Test":"TestChatReadRejectsMalformedMessage","Output":"=== RUN   TestChatReadRejectsMalformedMessage\n"}
{"Time":"2026-09-20T21:59:54.276756+10:00","Action":"output","Package":"github.com/ollama/ollama/app/store","Test":"TestChatReadRejectsMalformedMessage","Output":"--- PASS: TestChatReadRejectsMalformedMessage (0.02s)\n"}
{"Time":"2026-09-20T21:59:54.276833+10:00","Action":"pass","Package":"github.com/ollama/ollama/app/store","Test":"TestChatReadRejectsMalformedMessage","Elapsed":0.02}
{"Time":"2026-09-20T21:59:54.27687+10:00","Action":"run","Package":"github.com/ollama/ollama/app/store","Test":"TestChatReadInitialisationFailureIsNotAbsence"}
{"Time":"2026-09-20T21:59:54.2769+10:00","Action":"output","Package":"github.com/ollama/ollama/app/store","Test":"TestChatReadInitialisationFailureIsNotAbsence","Output":"=== RUN   TestChatReadInitialisationFailureIsNotAbsence\n"}
{"Time":"2026-09-20T21:59:54.279993+10:00","Action":"output","Package":"github.com/ollama/ollama/app/store","Test":"TestChatReadInitialisationFailureIsNotAbsence","Output":"--- PASS: TestChatReadInitialisationFailureIsNotAbsence (0.00s)\n"}
{"Time":"2026-09-20T21:59:54.280028+10:00","Action":"pass","Package":"github.com/ollama/ollama/app/store","Test":"TestChatReadInitialisationFailureIsNotAbsence","Elapsed":0}
{"Time":"2026-09-20T21:59:54.280042+10:00","Action":"run","Package":"github.com/ollama/ollama/app/store","Test":"TestChatReadPreservesDatabaseErrorCause"}
{"Time":"2026-09-20T21:59:54.280055+10:00","Action":"output","Package":"github.com/ollama/ollama/app/store","Test":"TestChatReadPreservesDatabaseErrorCause","Output":"=== RUN   TestChatReadPreservesDatabaseErrorCause\n"}
{"Time":"2026-09-20T21:59:54.29763+10:00","Action":"output","Package":"github.com/ollama/ollama/app/store","Test":"TestChatReadPreservesDatabaseErrorCause","Output":"--- PASS: TestChatReadPreservesDatabaseErrorCause (0.02s)\n"}
{"Time":"2026-09-20T21:59:54.297686+10:00","Action":"pass","Package":"github.com/ollama/ollama/app/store","Test":"TestChatReadPreservesDatabaseErrorCause","Elapsed":0.02}
{"Time":"2026-09-20T21:59:54.297715+10:00","Action":"run","Package":"github.com/ollama/ollama/app/store","Test":"TestCloudDisabled"}
{"Time":"2026-09-20T21:59:54.297731+10:00","Action":"output","Package":"github.com/ollama/ollama/app/store","Test":"TestCloudDisabled","Output":"=== RUN   TestCloudDisabled\n"}
{"Time":"2026-09-20T21:59:54.297744+10:00","Action":"run","Package":"github.com/ollama/ollama/app/store","Test":"TestCloudDisabled/default_enabled"}
{"Time":"2026-09-20T21:59:54.297755+10:00","Action":"output","Package":"github.com/ollama/ollama/app/store","Test":"TestCloudDisabled/default_enabled","Output":"=== RUN   TestCloudDisabled/default_enabled\n"}
{"Time":"2026-09-20T21:59:54.304562+10:00","Action":"output","Package":"github.com/ollama/ollama/app/store","Test":"TestCloudDisabled/default_enabled","Output":"--- PASS: TestCloudDisabled/default_enabled (0.01s)\n"}
{"Time":"2026-09-20T21:59:54.304611+10:00","Action":"pass","Package":"github.com/ollama/ollama/app/store","Test":"TestCloudDisabled/default_enabled","Elapsed":0.01}
{"Time":"2026-09-20T21:59:54.304627+10:00","Action":"run","Package":"github.com/ollama/ollama/app/store","Test":"TestCloudDisabled/env_disables_cloud"}
{"Time":"2026-09-20T21:59:54.304638+10:00","Action":"output","Package":"github.com/ollama/ollama/app/store","Test":"TestCloudDisabled/env_disables_cloud","Output":"=== RUN   TestCloudDisabled/env_disables_cloud\n"}
{"Time":"2026-09-20T21:59:54.311563+10:00","Action":"output","Package":"github.com/ollama/ollama/app/store","Test":"TestCloudDisabled/env_disables_cloud","Output":"--- PASS: TestCloudDisabled/env_disables_cloud (0.01s)\n"}
{"Time":"2026-09-20T21:59:54.311605+10:00","Action":"pass","Package":"github.com/ollama/ollama/app/store","Test":"TestCloudDisabled/env_disables_cloud","Elapsed":0.01}
{"Time":"2026-09-20T21:59:54.311623+10:00","Action":"run","Package":"github.com/ollama/ollama/app/store","Test":"TestCloudDisabled/config_disables_cloud"}
{"Time":"2026-09-20T21:59:54.311641+10:00","Action":"output","Package":"github.com/ollama/ollama/app/store","Test":"TestCloudDisabled/config_disables_cloud","Output":"=== RUN   TestCloudDisabled/config_disables_cloud\n"}
{"Time":"2026-09-20T21:59:54.338473+10:00","Action":"output","Package":"github.com/ollama/ollama/app/store","Test":"TestCloudDisabled/config_disables_cloud","Output":"--- PASS: TestCloudDisabled/config_disables_cloud (0.03s)\n"}
{"Time":"2026-09-20T21:59:54.338729+10:00","Action":"pass","Package":"github.com/ollama/ollama/app/store","Test":"TestCloudDisabled/config_disables_cloud","Elapsed":0.03}
{"Time":"2026-09-20T21:59:54.338748+10:00","Action":"run","Package":"github.com/ollama/ollama/app/store","Test":"TestCloudDisabled/env_and_config"}
{"Time":"2026-09-20T21:59:54.338761+10:00","Action":"output","Package":"github.com/ollama/ollama/app/store","Test":"TestCloudDisabled/env_and_config","Output":"=== RUN   TestCloudDisabled/env_and_config\n"}
{"Time":"2026-09-20T21:59:54.357178+10:00","Action":"output","Package":"github.com/ollama/ollama/app/store","Test":"TestCloudDisabled/env_and_config","Output":"--- PASS: TestCloudDisabled/env_and_config (0.02s)\n"}
{"Time":"2026-09-20T21:59:54.357249+10:00","Action":"pass","Package":"github.com/ollama/ollama/app/store","Test":"TestCloudDisabled/env_and_config","Elapsed":0.02}
{"Time":"2026-09-20T21:59:54.357278+10:00","Action":"run","Package":"github.com/ollama/ollama/app/store","Test":"TestCloudDisabled/invalid_config_is_ignored"}
{"Time":"2026-09-20T21:59:54.357302+10:00","Action":"output","Package":"github.com/ollama/ollama/app/store","Test":"TestCloudDisabled/invalid_config_is_ignored","Output":"=== RUN   TestCloudDisabled/invalid_config_is_ignored\n"}
{"Time":"2026-09-20T21:59:54.367044+10:00","Action":"output","Package":"github.com/ollama/ollama/app/store","Test":"TestCloudDisabled/invalid_config_is_ignored","Output":"--- PASS: TestCloudDisabled/invalid_config_is_ignored (0.01s)\n"}
{"Time":"2026-09-20T21:59:54.367174+10:00","Action":"pass","Package":"github.com/ollama/ollama/app/store","Test":"TestCloudDisabled/invalid_config_is_ignored","Elapsed":0.01}
{"Time":"2026-09-20T21:59:54.367197+10:00","Action":"output","Package":"github.com/ollama/ollama/app/store","Test":"TestCloudDisabled","Output":"--- PASS: TestCloudDisabled (0.07s)\n"}
{"Time":"2026-09-20T21:59:54.367211+10:00","Action":"pass","Package":"github.com/ollama/ollama/app/store","Test":"TestCloudDisabled","Elapsed":0.07}
{"Time":"2026-09-20T21:59:54.367224+10:00","Action":"run","Package":"github.com/ollama/ollama/app/store","Test":"TestSetCloudEnabled"}
{"Time":"2026-09-20T21:59:54.367237+10:00","Action":"output","Package":"github.com/ollama/ollama/app/store","Test":"TestSetCloudEnabled","Output":"=== RUN   TestSetCloudEnabled\n"}
{"Time":"2026-09-20T21:59:54.379649+10:00","Action":"output","Package":"github.com/ollama/ollama/app/store","Test":"TestSetCloudEnabled","Output":"--- PASS: TestSetCloudEnabled (0.01s)\n"}
{"Time":"2026-09-20T21:59:54.379694+10:00","Action":"pass","Package":"github.com/ollama/ollama/app/store","Test":"TestSetCloudEnabled","Elapsed":0.01}
{"Time":"2026-09-20T21:59:54.379712+10:00","Action":"run","Package":"github.com/ollama/ollama/app/store","Test":"TestSchemaMigrations"}
{"Time":"2026-09-20T21:59:54.379725+10:00","Action":"output","Package":"github.com/ollama/ollama/app/store","Test":"TestSchemaMigrations","Output":"=== RUN   TestSchemaMigrations\n"}
{"Time":"2026-09-20T21:59:54.379922+10:00","Action":"run","Package":"github.com/ollama/ollama/app/store","Test":"TestSchemaMigrations/schema_comparison_after_migration"}
{"Time":"2026-09-20T21:59:54.379945+10:00","Action":"output","Package":"github.com/ollama/ollama/app/store","Test":"TestSchemaMigrations/schema_comparison_after_migration","Output":"=== RUN   TestSchemaMigrations/schema_comparison_after_migration\n"}
{"Time":"2026-09-20T21:59:54.40794+10:00","Action":"output","Package":"github.com/ollama/ollama/app/store","Test":"TestSchemaMigrations/schema_comparison_after_migration","Output":"--- PASS: TestSchemaMigrations/schema_comparison_after_migration (0.03s)\n"}
{"Time":"2026-09-20T21:59:54.408004+10:00","Action":"pass","Package":"github.com/ollama/ollama/app/store","Test":"TestSchemaMigrations/schema_comparison_after_migration","Elapsed":0.03}
{"Time":"2026-09-20T21:59:54.408023+10:00","Action":"run","Package":"github.com/ollama/ollama/app/store","Test":"TestSchemaMigrations/idempotent_migrations"}
{"Time":"2026-09-20T21:59:54.408035+10:00","Action":"output","Package":"github.com/ollama/ollama/app/store","Test":"TestSchemaMigrations/idempotent_migrations","Output":"=== RUN   TestSchemaMigrations/idempotent_migrations\n"}
{"Time":"2026-09-20T21:59:54.421424+10:00","Action":"output","Package":"github.com/ollama/ollama/app/store","Test":"TestSchemaMigrations/idempotent_migrations","Output":"--- PASS: TestSchemaMigrations/idempotent_migrations (0.01s)\n"}
{"Time":"2026-09-20T21:59:54.421474+10:00","Action":"pass","Package":"github.com/ollama/ollama/app/store","Test":"TestSchemaMigrations/idempotent_migrations","Elapsed":0.01}
{"Time":"2026-09-20T21:59:54.421492+10:00","Action":"run","Package":"github.com/ollama/ollama/app/store","Test":"TestSchemaMigrations/init_database_has_correct_schema_version"}
{"Time":"2026-09-20T21:59:54.421507+10:00","Action":"output","Package":"github.com/ollama/ollama/app/store","Test":"TestSchemaMigrations/init_database_has_correct_schema_version","Output":"=== RUN   TestSchemaMigrations/init_database_has_correct_schema_version\n"}
{"Time":"2026-09-20T21:59:54.428508+10:00","Action":"output","Package":"github.com/ollama/ollama/app/store","Test":"TestSchemaMigrations/init_database_has_correct_schema_version","Output":"--- PASS: TestSchemaMigrations/init_database_has_correct_schema_version (0.01s)\n"}
{"Time":"2026-09-20T21:59:54.428547+10:00","Action":"pass","Package":"github.com/ollama/ollama/app/store","Test":"TestSchemaMigrations/init_database_has_correct_schema_version","Elapsed":0.01}
{"Time":"2026-09-20T21:59:54.428563+10:00","Action":"output","Package":"github.com/ollama/ollama/app/store","Test":"TestSchemaMigrations","Output":"--- PASS: TestSchemaMigrations (0.05s)\n"}
{"Time":"2026-09-20T21:59:54.428576+10:00","Action":"pass","Package":"github.com/ollama/ollama/app/store","Test":"TestSchemaMigrations","Elapsed":0.05}
{"Time":"2026-09-20T21:59:54.42859+10:00","Action":"run","Package":"github.com/ollama/ollama/app/store","Test":"TestMigrationV13ToV14ContextLength"}
{"Time":"2026-09-20T21:59:54.428605+10:00","Action":"output","Package":"github.com/ollama/ollama/app/store","Test":"TestMigrationV13ToV14ContextLength","Output":"=== RUN   TestMigrationV13ToV14ContextLength\n"}
{"Time":"2026-09-20T21:59:54.436802+10:00","Action":"output","Package":"github.com/ollama/ollama/app/store","Test":"TestMigrationV13ToV14ContextLength","Output":"--- PASS: TestMigrationV13ToV14ContextLength (0.01s)\n"}
{"Time":"2026-09-20T21:59:54.436857+10:00","Action":"pass","Package":"github.com/ollama/ollama/app/store","Test":"TestMigrationV13ToV14ContextLength","Elapsed":0.01}
{"Time":"2026-09-20T21:59:54.436876+10:00","Action":"run","Package":"github.com/ollama/ollama/app/store","Test":"TestMigrationV15ToV16LastHomeViewDefaultsToLaunch"}
{"Time":"2026-09-20T21:59:54.43689+10:00","Action":"output","Package":"github.com/ollama/ollama/app/store","Test":"TestMigrationV15ToV16LastHomeViewDefaultsToLaunch","Output":"=== RUN   TestMigrationV15ToV16LastHomeViewDefaultsToLaunch\n"}
{"Time":"2026-09-20T21:59:54.448745+10:00","Action":"output","Package":"github.com/ollama/ollama/app/store","Test":"TestMigrationV15ToV16LastHomeViewDefaultsToLaunch","Output":"--- PASS: TestMigrationV15ToV16LastHomeViewDefaultsToLaunch (0.01s)\n"}
{"Time":"2026-09-20T21:59:54.448787+10:00","Action":"pass","Package":"github.com/ollama/ollama/app/store","Test":"TestMigrationV15ToV16LastHomeViewDefaultsToLaunch","Elapsed":0.01}
{"Time":"2026-09-20T21:59:54.448833+10:00","Action":"run","Package":"github.com/ollama/ollama/app/store","Test":"TestChatDeletionWithCascade"}
{"Time":"2026-09-20T21:59:54.448857+10:00","Action":"output","Package":"github.com/ollama/ollama/app/store","Test":"TestChatDeletionWithCascade","Output":"=== RUN   TestChatDeletionWithCascade\n"}
{"Time":"2026-09-20T21:59:54.449465+10:00","Action":"run","Package":"github.com/ollama/ollama/app/store","Test":"TestChatDeletionWithCascade/chat_deletion_cascades_to_related_messages"}
{"Time":"2026-09-20T21:59:54.449514+10:00","Action":"output","Package":"github.com/ollama/ollama/app/store","Test":"TestChatDeletionWithCascade/chat_deletion_cascades_to_related_messages","Output":"=== RUN   TestChatDeletionWithCascade/chat_deletion_cascades_to_related_messages\n"}
{"Time":"2026-09-20T21:59:54.462038+10:00","Action":"output","Package":"github.com/ollama/ollama/app/store","Test":"TestChatDeletionWithCascade/chat_deletion_cascades_to_related_messages","Output":"--- PASS: TestChatDeletionWithCascade/chat_deletion_cascades_to_related_messages (0.01s)\n"}
{"Time":"2026-09-20T21:59:54.462089+10:00","Action":"pass","Package":"github.com/ollama/ollama/app/store","Test":"TestChatDeletionWithCascade/chat_deletion_cascades_to_related_messages","Elapsed":0.01}
{"Time":"2026-09-20T21:59:54.462122+10:00","Action":"run","Package":"github.com/ollama/ollama/app/store","Test":"TestChatDeletionWithCascade/foreign_keys_are_enabled"}
{"Time":"2026-09-20T21:59:54.462135+10:00","Action":"output","Package":"github.com/ollama/ollama/app/store","Test":"TestChatDeletionWithCascade/foreign_keys_are_enabled","Output":"=== RUN   TestChatDeletionWithCascade/foreign_keys_are_enabled\n"}
{"Time":"2026-09-20T21:59:54.469356+10:00","Action":"output","Package":"github.com/ollama/ollama/app/store","Test":"TestChatDeletionWithCascade/foreign_keys_are_enabled","Output":"--- PASS: TestChatDeletionWithCascade/foreign_keys_are_enabled (0.01s)\n"}
{"Time":"2026-09-20T21:59:54.469396+10:00","Action":"pass","Package":"github.com/ollama/ollama/app/store","Test":"TestChatDeletionWithCascade/foreign_keys_are_enabled","Elapsed":0.01}
{"Time":"2026-09-20T21:59:54.469414+10:00","Action":"run","Package":"github.com/ollama/ollama/app/store","Test":"TestChatDeletionWithCascade/cleanup_orphaned_data"}
{"Time":"2026-09-20T21:59:54.469427+10:00","Action":"output","Package":"github.com/ollama/ollama/app/store","Test":"TestChatDeletionWithCascade/cleanup_orphaned_data","Output":"=== RUN   TestChatDeletionWithCascade/cleanup_orphaned_data\n"}
{"Time":"2026-09-20T21:59:54.477414+10:00","Action":"output","Package":"github.com/ollama/ollama/app/store","Test":"TestChatDeletionWithCascade/cleanup_orphaned_data","Output":"--- PASS: TestChatDeletionWithCascade/cleanup_orphaned_data (0.01s)\n"}
{"Time":"2026-09-20T21:59:54.477458+10:00","Action":"pass","Package":"github.com/ollama/ollama/app/store","Test":"TestChatDeletionWithCascade/cleanup_orphaned_data","Elapsed":0.01}
{"Time":"2026-09-20T21:59:54.477475+10:00","Action":"output","Package":"github.com/ollama/ollama/app/store","Test":"TestChatDeletionWithCascade","Output":"--- PASS: TestChatDeletionWithCascade (0.03s)\n"}
{"Time":"2026-09-20T21:59:54.477494+10:00","Action":"pass","Package":"github.com/ollama/ollama/app/store","Test":"TestChatDeletionWithCascade","Elapsed":0.03}
{"Time":"2026-09-20T21:59:54.477508+10:00","Action":"run","Package":"github.com/ollama/ollama/app/store","Test":"TestConfigMigration"}
{"Time":"2026-09-20T21:59:54.47752+10:00","Action":"output","Package":"github.com/ollama/ollama/app/store","Test":"TestConfigMigration","Output":"=== RUN   TestConfigMigration\n"}
{"Time":"2026-09-20T21:59:54.483669+10:00","Action":"output","Package":"github.com/ollama/ollama/app/store","Test":"TestConfigMigration","Output":"2026/09/20 21:59:54 INFO migrated device ID from config.json\n"}
{"Time":"2026-09-20T21:59:54.483717+10:00","Action":"output","Package":"github.com/ollama/ollama/app/store","Test":"TestConfigMigration","Output":"2026/09/20 21:59:54 INFO migrated first run status from config.json hasCompleted=true\n"}
{"Time":"2026-09-20T21:59:54.483732+10:00","Action":"output","Package":"github.com/ollama/ollama/app/store","Test":"TestConfigMigration","Output":"2026/09/20 21:59:54 INFO successfully migrated settings from config.json\n"}
{"Time":"2026-09-20T21:59:54.487953+10:00","Action":"output","Package":"github.com/ollama/ollama/app/store","Test":"TestConfigMigration","Output":"--- PASS: TestConfigMigration (0.01s)\n"}
{"Time":"2026-09-20T21:59:54.488022+10:00","Action":"pass","Package":"github.com/ollama/ollama/app/store","Test":"TestConfigMigration","Elapsed":0.01}
{"Time":"2026-09-20T21:59:54.48806+10:00","Action":"run","Package":"github.com/ollama/ollama/app/store","Test":"TestNoConfigToMigrate"}
{"Time":"2026-09-20T21:59:54.488089+10:00","Action":"output","Package":"github.com/ollama/ollama/app/store","Test":"TestNoConfigToMigrate","Output":"=== RUN   TestNoConfigToMigrate\n"}
{"Time":"2026-09-20T21:59:54.494302+10:00","Action":"output","Package":"github.com/ollama/ollama/app/store","Test":"TestNoConfigToMigrate","Output":"--- PASS: TestNoConfigToMigrate (0.01s)\n"}
{"Time":"2026-09-20T21:59:54.494342+10:00","Action":"pass","Package":"github.com/ollama/ollama/app/store","Test":"TestNoConfigToMigrate","Elapsed":0.01}
{"Time":"2026-09-20T21:59:54.494359+10:00","Action":"run","Package":"github.com/ollama/ollama/app/store","Test":"TestCloudMigrationFromAirplaneMode"}
{"Time":"2026-09-20T21:59:54.494486+10:00","Action":"output","Package":"github.com/ollama/ollama/app/store","Test":"TestCloudMigrationFromAirplaneMode","Output":"=== RUN   TestCloudMigrationFromAirplaneMode\n"}
{"Time":"2026-09-20T21:59:54.510162+10:00","Action":"output","Package":"github.com/ollama/ollama/app/store","Test":"TestCloudMigrationFromAirplaneMode","Output":"--- PASS: TestCloudMigrationFromAirplaneMode (0.02s)\n"}
{"Time":"2026-09-20T21:59:54.510237+10:00","Action":"pass","Package":"github.com/ollama/ollama/app/store","Test":"TestCloudMigrationFromAirplaneMode","Elapsed":0.02}
{"Time":"2026-09-20T21:59:54.510255+10:00","Action":"run","Package":"github.com/ollama/ollama/app/store","Test":"TestMigrationFromEpoc"}
{"Time":"2026-09-20T21:59:54.510268+10:00","Action":"output","Package":"github.com/ollama/ollama/app/store","Test":"TestMigrationFromEpoc","Output":"=== RUN   TestMigrationFromEpoc\n"}
{"Time":"2026-09-20T21:59:54.512316+10:00","Action":"output","Package":"github.com/ollama/ollama/app/store","Test":"TestMigrationFromEpoc","Output":"    migration_test.go:265: DB created: /var/folders/z_/ywv267d55_s9yq799rstj3fm0000gn/T/TestMigrationFromEpoc1984833109/001/db.sqlite\n"}
{"Time":"2026-09-20T21:59:54.514748+10:00","Action":"output","Package":"github.com/ollama/ollama/app/store","Test":"TestMigrationFromEpoc","Output":"    migration_test.go:278: v1 schema created\n"}
{"Time":"2026-09-20T21:59:54.523645+10:00","Action":"output","Package":"github.com/ollama/ollama/app/store","Test":"TestMigrationFromEpoc","Output":"    migration_test.go:282: migrations completed\n"}
{"Time":"2026-09-20T21:59:54.525861+10:00","Action":"output","Package":"github.com/ollama/ollama/app/store","Test":"TestMigrationFromEpoc","Output":"--- PASS: TestMigrationFromEpoc (0.02s)\n"}
{"Time":"2026-09-20T21:59:54.525936+10:00","Action":"pass","Package":"github.com/ollama/ollama/app/store","Test":"TestMigrationFromEpoc","Elapsed":0.02}
{"Time":"2026-09-20T21:59:54.525982+10:00","Action":"run","Package":"github.com/ollama/ollama/app/store","Test":"TestSchemaVersioning"}
{"Time":"2026-09-20T21:59:54.526019+10:00","Action":"output","Package":"github.com/ollama/ollama/app/store","Test":"TestSchemaVersioning","Output":"=== RUN   TestSchemaVersioning\n"}
{"Time":"2026-09-20T21:59:54.526513+10:00","Action":"run","Package":"github.com/ollama/ollama/app/store","Test":"TestSchemaVersioning/new_database_has_correct_schema_version"}
{"Time":"2026-09-20T21:59:54.526561+10:00","Action":"output","Package":"github.com/ollama/ollama/app/store","Test":"TestSchemaVersioning/new_database_has_correct_schema_version","Output":"=== RUN   TestSchemaVersioning/new_database_has_correct_schema_version\n"}
{"Time":"2026-09-20T21:59:54.534293+10:00","Action":"output","Package":"github.com/ollama/ollama/app/store","Test":"TestSchemaVersioning/new_database_has_correct_schema_version","Output":"--- PASS: TestSchemaVersioning/new_database_has_correct_schema_version (0.01s)\n"}
{"Time":"2026-09-20T21:59:54.53437+10:00","Action":"pass","Package":"github.com/ollama/ollama/app/store","Test":"TestSchemaVersioning/new_database_has_correct_schema_version","Elapsed":0.01}
{"Time":"2026-09-20T21:59:54.534401+10:00","Action":"run","Package":"github.com/ollama/ollama/app/store","Test":"TestSchemaVersioning/can_update_schema_version"}
{"Time":"2026-09-20T21:59:54.534417+10:00","Action":"output","Package":"github.com/ollama/ollama/app/store","Test":"TestSchemaVersioning/can_update_schema_version","Output":"=== RUN   TestSchemaVersioning/can_update_schema_version\n"}
{"Time":"2026-09-20T21:59:54.542118+10:00","Action":"output","Package":"github.com/ollama/ollama/app/store","Test":"TestSchemaVersioning/can_update_schema_version","Output":"--- PASS: TestSchemaVersioning/can_update_schema_version (0.01s)\n"}
{"Time":"2026-09-20T21:59:54.542197+10:00","Action":"pass","Package":"github.com/ollama/ollama/app/store","Test":"TestSchemaVersioning/can_update_schema_version","Elapsed":0.01}
{"Time":"2026-09-20T21:59:54.543998+10:00","Action":"output","Package":"github.com/ollama/ollama/app/store","Test":"TestSchemaVersioning","Output":"--- PASS: TestSchemaVersioning (0.02s)\n"}
{"Time":"2026-09-20T21:59:54.544044+10:00","Action":"pass","Package":"github.com/ollama/ollama/app/store","Test":"TestSchemaVersioning","Elapsed":0.02}
{"Time":"2026-09-20T21:59:54.544061+10:00","Action":"run","Package":"github.com/ollama/ollama/app/store","Test":"TestStore"}
{"Time":"2026-09-20T21:59:54.544075+10:00","Action":"output","Package":"github.com/ollama/ollama/app/store","Test":"TestStore","Output":"=== RUN   TestStore\n"}
{"Time":"2026-09-20T21:59:54.544318+10:00","Action":"run","Package":"github.com/ollama/ollama/app/store","Test":"TestStore/default_id"}
{"Time":"2026-09-20T21:59:54.544345+10:00","Action":"output","Package":"github.com/ollama/ollama/app/store","Test":"TestStore/default_id","Output":"=== RUN   TestStore/default_id\n"}
{"Time":"2026-09-20T21:59:54.548152+10:00","Action":"output","Package":"github.com/ollama/ollama/app/store","Test":"TestStore/default_id","Output":"--- PASS: TestStore/default_id (0.00s)\n"}
{"Time":"2026-09-20T21:59:54.548188+10:00","Action":"pass","Package":"github.com/ollama/ollama/app/store","Test":"TestStore/default_id","Elapsed":0}
{"Time":"2026-09-20T21:59:54.548206+10:00","Action":"run","Package":"github.com/ollama/ollama/app/store","Test":"TestStore/has_completed_first_run"}
{"Time":"2026-09-20T21:59:54.548223+10:00","Action":"output","Package":"github.com/ollama/ollama/app/store","Test":"TestStore/has_completed_first_run","Output":"=== RUN   TestStore/has_completed_first_run\n"}
{"Time":"2026-09-20T21:59:54.548275+10:00","Action":"output","Package":"github.com/ollama/ollama/app/store","Test":"TestStore/has_completed_first_run","Output":"--- PASS: TestStore/has_completed_first_run (0.00s)\n"}
{"Time":"2026-09-20T21:59:54.548293+10:00","Action":"pass","Package":"github.com/ollama/ollama/app/store","Test":"TestStore/has_completed_first_run","Elapsed":0}
{"Time":"2026-09-20T21:59:54.548307+10:00","Action":"run","Package":"github.com/ollama/ollama/app/store","Test":"TestStore/settings"}
{"Time":"2026-09-20T21:59:54.54832+10:00","Action":"output","Package":"github.com/ollama/ollama/app/store","Test":"TestStore/settings","Output":"=== RUN   TestStore/settings\n"}
{"Time":"2026-09-20T21:59:54.548429+10:00","Action":"output","Package":"github.com/ollama/ollama/app/store","Test":"TestStore/settings","Output":"--- PASS: TestStore/settings (0.00s)\n"}
{"Time":"2026-09-20T21:59:54.548456+10:00","Action":"pass","Package":"github.com/ollama/ollama/app/store","Test":"TestStore/settings","Elapsed":0}
{"Time":"2026-09-20T21:59:54.548476+10:00","Action":"run","Package":"github.com/ollama/ollama/app/store","Test":"TestStore/auto-approve_tools_is_off_until_switched_on,_and_off_again_when_switched_off"}
{"Time":"2026-09-20T21:59:54.54849+10:00","Action":"output","Package":"github.com/ollama/ollama/app/store","Test":"TestStore/auto-approve_tools_is_off_until_switched_on,_and_off_again_when_switched_off","Output":"=== RUN   TestStore/auto-approve_tools_is_off_until_switched_on,_and_off_again_when_switched_off\n"}
{"Time":"2026-09-20T21:59:54.558386+10:00","Action":"output","Package":"github.com/ollama/ollama/app/store","Test":"TestStore/auto-approve_tools_is_off_until_switched_on,_and_off_again_when_switched_off","Output":"--- PASS: TestStore/auto-approve_tools_is_off_until_switched_on,_and_off_again_when_switched_off (0.01s)\n"}
{"Time":"2026-09-20T21:59:54.558472+10:00","Action":"pass","Package":"github.com/ollama/ollama/app/store","Test":"TestStore/auto-approve_tools_is_off_until_switched_on,_and_off_again_when_switched_off","Elapsed":0.01}
{"Time":"2026-09-20T21:59:54.558492+10:00","Action":"run","Package":"github.com/ollama/ollama/app/store","Test":"TestStore/settings_default_home_view_is_launch"}
{"Time":"2026-09-20T21:59:54.558507+10:00","Action":"output","Package":"github.com/ollama/ollama/app/store","Test":"TestStore/settings_default_home_view_is_launch","Output":"=== RUN   TestStore/settings_default_home_view_is_launch\n"}
{"Time":"2026-09-20T21:59:54.558525+10:00","Action":"output","Package":"github.com/ollama/ollama/app/store","Test":"TestStore/settings_default_home_view_is_launch","Output":"--- PASS: TestStore/settings_default_home_view_is_launch (0.00s)\n"}
{"Time":"2026-09-20T21:59:54.558541+10:00","Action":"pass","Package":"github.com/ollama/ollama/app/store","Test":"TestStore/settings_default_home_view_is_launch","Elapsed":0}
{"Time":"2026-09-20T21:59:54.558557+10:00","Action":"run","Package":"github.com/ollama/ollama/app/store","Test":"TestStore/settings_empty_home_view_falls_back_to_launch"}
{"Time":"2026-09-20T21:59:54.558571+10:00","Action":"output","Package":"github.com/ollama/ollama/app/store","Test":"TestStore/settings_empty_home_view_falls_back_to_launch","Output":"=== RUN   TestStore/settings_empty_home_view_falls_back_to_launch\n"}
{"Time":"2026-09-20T21:59:54.558671+10:00","Action":"output","Package":"github.com/ollama/ollama/app/store","Test":"TestStore/settings_empty_home_view_falls_back_to_launch","Output":"--- PASS: TestStore/settings_empty_home_view_falls_back_to_launch (0.00s)\n"}
{"Time":"2026-09-20T21:59:54.558733+10:00","Action":"pass","Package":"github.com/ollama/ollama/app/store","Test":"TestStore/settings_empty_home_view_falls_back_to_launch","Elapsed":0}
{"Time":"2026-09-20T21:59:54.558759+10:00","Action":"run","Package":"github.com/ollama/ollama/app/store","Test":"TestStore/settings_disabled_home_view_falls_back_to_launch"}
{"Time":"2026-09-20T21:59:54.558775+10:00","Action":"output","Package":"github.com/ollama/ollama/app/store","Test":"TestStore/settings_disabled_home_view_falls_back_to_launch","Output":"=== RUN   TestStore/settings_disabled_home_view_falls_back_to_launch\n"}
{"Time":"2026-09-20T21:59:54.559377+10:00","Action":"output","Package":"github.com/ollama/ollama/app/store","Test":"TestStore/settings_disabled_home_view_falls_back_to_launch","Output":"--- PASS: TestStore/settings_disabled_home_view_falls_back_to_launch (0.00s)\n"}
{"Time":"2026-09-20T21:59:54.559438+10:00","Action":"pass","Package":"github.com/ollama/ollama/app/store","Test":"TestStore/settings_disabled_home_view_falls_back_to_launch","Elapsed":0}
{"Time":"2026-09-20T21:59:54.559457+10:00","Action":"run","Package":"github.com/ollama/ollama/app/store","Test":"TestStore/settings_codex_app_home_view_is_accepted"}
{"Time":"2026-09-20T21:59:54.559472+10:00","Action":"output","Package":"github.com/ollama/ollama/app/store","Test":"TestStore/settings_codex_app_home_view_is_accepted","Output":"=== RUN   TestStore/settings_codex_app_home_view_is_accepted\n"}
{"Time":"2026-09-20T21:59:54.559488+10:00","Action":"output","Package":"github.com/ollama/ollama/app/store","Test":"TestStore/settings_codex_app_home_view_is_accepted","Output":"--- PASS: TestStore/settings_codex_app_home_view_is_accepted (0.00s)\n"}
{"Time":"2026-09-20T21:59:54.559503+10:00","Action":"pass","Package":"github.com/ollama/ollama/app/store","Test":"TestStore/settings_codex_app_home_view_is_accepted","Elapsed":0}
{"Time":"2026-09-20T21:59:54.559515+10:00","Action":"run","Package":"github.com/ollama/ollama/app/store","Test":"TestStore/window_size"}
{"Time":"2026-09-20T21:59:54.559527+10:00","Action":"output","Package":"github.com/ollama/ollama/app/store","Test":"TestStore/window_size","Output":"=== RUN   TestStore/window_size\n"}
{"Time":"2026-09-20T21:59:54.559545+10:00","Action":"output","Package":"github.com/ollama/ollama/app/store","Test":"TestStore/window_size","Output":"--- PASS: TestStore/window_size (0.00s)\n"}
{"Time":"2026-09-20T21:59:54.559559+10:00","Action":"pass","Package":"github.com/ollama/ollama/app/store","Test":"TestStore/window_size","Elapsed":0}
{"Time":"2026-09-20T21:59:54.55957+10:00","Action":"run","Package":"github.com/ollama/ollama/app/store","Test":"TestStore/create_and_retrieve_chat"}
{"Time":"2026-09-20T21:59:54.559582+10:00","Action":"output","Package":"github.com/ollama/ollama/app/store","Test":"TestStore/create_and_retrieve_chat","Output":"=== RUN   TestStore/create_and_retrieve_chat\n"}
{"Time":"2026-09-20T21:59:54.560739+10:00","Action":"output","Package":"github.com/ollama/ollama/app/store","Test":"TestStore/create_and_retrieve_chat","Output":"--- PASS: TestStore/create_and_retrieve_chat (0.00s)\n"}
{"Time":"2026-09-20T21:59:54.560797+10:00","Action":"pass","Package":"github.com/ollama/ollama/app/store","Test":"TestStore/create_and_retrieve_chat","Elapsed":0}
{"Time":"2026-09-20T21:59:54.560813+10:00","Action":"run","Package":"github.com/ollama/ollama/app/store","Test":"TestStore/list_chats"}
{"Time":"2026-09-20T21:59:54.560824+10:00","Action":"output","Package":"github.com/ollama/ollama/app/store","Test":"TestStore/list_chats","Output":"=== RUN   TestStore/list_chats\n"}
{"Time":"2026-09-20T21:59:54.561266+10:00","Action":"output","Package":"github.com/ollama/ollama/app/store","Test":"TestStore/list_chats","Output":"--- PASS: TestStore/list_chats (0.00s)\n"}
{"Time":"2026-09-20T21:59:54.561308+10:00","Action":"pass","Package":"github.com/ollama/ollama/app/store","Test":"TestStore/list_chats","Elapsed":0}
{"Time":"2026-09-20T21:59:54.561325+10:00","Action":"run","Package":"github.com/ollama/ollama/app/store","Test":"TestStore/delete_chat"}
{"Time":"2026-09-20T21:59:54.56134+10:00","Action":"output","Package":"github.com/ollama/ollama/app/store","Test":"TestStore/delete_chat","Output":"=== RUN   TestStore/delete_chat\n"}
{"Time":"2026-09-20T21:59:54.562695+10:00","Action":"output","Package":"github.com/ollama/ollama/app/store","Test":"TestStore/delete_chat","Output":"--- PASS: TestStore/delete_chat (0.00s)\n"}
{"Time":"2026-09-20T21:59:54.563088+10:00","Action":"pass","Package":"github.com/ollama/ollama/app/store","Test":"TestStore/delete_chat","Elapsed":0}
{"Time":"2026-09-20T21:59:54.572829+10:00","Action":"output","Package":"github.com/ollama/ollama/app/store","Test":"TestStore","Output":"--- PASS: TestStore (0.03s)\n"}
{"Time":"2026-09-20T21:59:54.572919+10:00","Action":"pass","Package":"github.com/ollama/ollama/app/store","Test":"TestStore","Elapsed":0.03}
{"Time":"2026-09-20T21:59:54.572941+10:00","Action":"output","Package":"github.com/ollama/ollama/app/store","Output":"PASS\n"}
{"Time":"2026-09-20T21:59:54.575725+10:00","Action":"output","Package":"github.com/ollama/ollama/app/store","Output":"ok  \tgithub.com/ollama/ollama/app/store\t2.689s\n"}
{"Time":"2026-09-20T21:59:54.575812+10:00","Action":"pass","Package":"github.com/ollama/ollama/app/store","Elapsed":2.689}
{"Time":"2026-09-20T21:59:54.853983+10:00","Action":"output","Package":"github.com/ollama/ollama/agent/tools","Test":"TestMCPToolReachesAServerThroughTheAgentHarness","Output":"--- PASS: TestMCPToolReachesAServerThroughTheAgentHarness (3.47s)\n"}
{"Time":"2026-09-20T21:59:54.854046+10:00","Action":"pass","Package":"github.com/ollama/ollama/agent/tools","Test":"TestMCPToolReachesAServerThroughTheAgentHarness","Elapsed":3.47}
{"Time":"2026-09-20T21:59:54.854077+10:00","Action":"run","Package":"github.com/ollama/ollama/agent/tools","Test":"TestDeniedApprovalStopsTheCall"}
{"Time":"2026-09-20T21:59:54.854093+10:00","Action":"output","Package":"github.com/ollama/ollama/agent/tools","Test":"TestDeniedApprovalStopsTheCall","Output":"=== RUN   TestDeniedApprovalStopsTheCall\n"}
{"Time":"2026-09-20T21:59:55.242678+10:00","Action":"output","Package":"github.com/ollama/ollama/app/tools","Test":"TestRegisterMCPOffersTheServersTools","Output":"--- PASS: TestRegisterMCPOffersTheServersTools (1.67s)\n"}
{"Time":"2026-09-20T21:59:55.242744+10:00","Action":"pass","Package":"github.com/ollama/ollama/app/tools","Test":"TestRegisterMCPOffersTheServersTools","Elapsed":1.67}
{"Time":"2026-09-20T21:59:55.242768+10:00","Action":"run","Package":"github.com/ollama/ollama/app/tools","Test":"TestRegisterMCPWithNoManager"}
{"Time":"2026-09-20T21:59:55.242781+10:00","Action":"output","Package":"github.com/ollama/ollama/app/tools","Test":"TestRegisterMCPWithNoManager","Output":"=== RUN   TestRegisterMCPWithNoManager\n"}
{"Time":"2026-09-20T21:59:55.242795+10:00","Action":"output","Package":"github.com/ollama/ollama/app/tools","Test":"TestRegisterMCPWithNoManager","Output":"--- PASS: TestRegisterMCPWithNoManager (0.00s)\n"}
{"Time":"2026-09-20T21:59:55.242814+10:00","Action":"pass","Package":"github.com/ollama/ollama/app/tools","Test":"TestRegisterMCPWithNoManager","Elapsed":0}
{"Time":"2026-09-20T21:59:55.242833+10:00","Action":"run","Package":"github.com/ollama/ollama/app/tools","Test":"TestMCPToolRequiresApprovalAndIsScoped"}
{"Time":"2026-09-20T21:59:55.242863+10:00","Action":"output","Package":"github.com/ollama/ollama/app/tools","Test":"TestMCPToolRequiresApprovalAndIsScoped","Output":"=== RUN   TestMCPToolRequiresApprovalAndIsScoped\n"}
{"Time":"2026-09-20T21:59:55.641087+10:00","Action":"output","Package":"github.com/ollama/ollama/app/ui","Test":"TestChatRegistryOffersMCPTools","Output":"--- PASS: TestChatRegistryOffersMCPTools (1.41s)\n"}
{"Time":"2026-09-20T21:59:55.641141+10:00","Action":"pass","Package":"github.com/ollama/ollama/app/ui","Test":"TestChatRegistryOffersMCPTools","Elapsed":1.41}
{"Time":"2026-09-20T21:59:55.641165+10:00","Action":"run","Package":"github.com/ollama/ollama/app/ui","Test":"TestChatRegistryWithoutAnMCPManager"}
{"Time":"2026-09-20T21:59:55.641179+10:00","Action":"output","Package":"github.com/ollama/ollama/app/ui","Test":"TestChatRegistryWithoutAnMCPManager","Output":"=== RUN   TestChatRegistryWithoutAnMCPManager\n"}
{"Time":"2026-09-20T21:59:55.641193+10:00","Action":"output","Package":"github.com/ollama/ollama/app/ui","Test":"TestChatRegistryWithoutAnMCPManager","Output":"--- PASS: TestChatRegistryWithoutAnMCPManager (0.00s)\n"}
{"Time":"2026-09-20T21:59:55.641208+10:00","Action":"pass","Package":"github.com/ollama/ollama/app/ui","Test":"TestChatRegistryWithoutAnMCPManager","Elapsed":0}
{"Time":"2026-09-20T21:59:55.641351+10:00","Action":"run","Package":"github.com/ollama/ollama/app/ui","Test":"TestMCPToolsAreGatedInTheApp"}
{"Time":"2026-09-20T21:59:55.641365+10:00","Action":"output","Package":"github.com/ollama/ollama/app/ui","Test":"TestMCPToolsAreGatedInTheApp","Output":"=== RUN   TestMCPToolsAreGatedInTheApp\n"}
{"Time":"2026-09-20T21:59:56.00649+10:00","Action":"output","Package":"github.com/ollama/ollama/agent/tools","Test":"TestDeniedApprovalStopsTheCall","Output":"--- PASS: TestDeniedApprovalStopsTheCall (1.15s)\n"}
{"Time":"2026-09-20T21:59:56.00655+10:00","Action":"pass","Package":"github.com/ollama/ollama/agent/tools","Test":"TestDeniedApprovalStopsTheCall","Elapsed":1.15}
{"Time":"2026-09-20T21:59:56.006582+10:00","Action":"run","Package":"github.com/ollama/ollama/agent/tools","Test":"TestMCPToolShape"}
{"Time":"2026-09-20T21:59:56.006597+10:00","Action":"output","Package":"github.com/ollama/ollama/agent/tools","Test":"TestMCPToolShape","Output":"=== RUN   TestMCPToolShape\n"}
{"Time":"2026-09-20T21:59:56.370281+10:00","Action":"output","Package":"github.com/ollama/ollama/app/tools","Test":"TestMCPToolRequiresApprovalAndIsScoped","Output":"--- PASS: TestMCPToolRequiresApprovalAndIsScoped (1.13s)\n"}
{"Time":"2026-09-20T21:59:56.370345+10:00","Action":"pass","Package":"github.com/ollama/ollama/app/tools","Test":"TestMCPToolRequiresApprovalAndIsScoped","Elapsed":1.13}
{"Time":"2026-09-20T21:59:56.370364+10:00","Action":"run","Package":"github.com/ollama/ollama/app/tools","Test":"TestMCPToolKeepsItsFaithfulSchema"}
{"Time":"2026-09-20T21:59:56.370377+10:00","Action":"output","Package":"github.com/ollama/ollama/app/tools","Test":"TestMCPToolKeepsItsFaithfulSchema","Output":"=== RUN   TestMCPToolKeepsItsFaithfulSchema\n"}
{"Time":"2026-09-20T21:59:57.067012+10:00","Action":"output","Package":"github.com/ollama/ollama/app/ui","Test":"TestMCPToolsAreGatedInTheApp","Output":"--- PASS: TestMCPToolsAreGatedInTheApp (1.43s)\n"}
{"Time":"2026-09-20T21:59:57.067297+10:00","Action":"pass","Package":"github.com/ollama/ollama/app/ui","Test":"TestMCPToolsAreGatedInTheApp","Elapsed":1.43}
{"Time":"2026-09-20T21:59:57.067372+10:00","Action":"run","Package":"github.com/ollama/ollama/app/ui","Test":"TestAutoApproveSwitchSkipsThePrompt"}
{"Time":"2026-09-20T21:59:57.067389+10:00","Action":"output","Package":"github.com/ollama/ollama/app/ui","Test":"TestAutoApproveSwitchSkipsThePrompt","Output":"=== RUN   TestAutoApproveSwitchSkipsThePrompt\n"}
{"Time":"2026-09-20T21:59:57.075072+10:00","Action":"output","Package":"github.com/ollama/ollama/app/ui","Test":"TestAutoApproveSwitchSkipsThePrompt","Output":"2026/09/20 21:59:57 INFO tool call approved automatically by the settings switch chat=chat-1 tool=files__read scope=files__read\n"}
{"Time":"2026-09-20T21:59:57.077978+10:00","Action":"output","Package":"github.com/ollama/ollama/app/ui","Test":"TestAutoApproveSwitchSkipsThePrompt","Output":"--- PASS: TestAutoApproveSwitchSkipsThePrompt (0.01s)\n"}
{"Time":"2026-09-20T21:59:57.078016+10:00","Action":"pass","Package":"github.com/ollama/ollama/app/ui","Test":"TestAutoApproveSwitchSkipsThePrompt","Elapsed":0.01}
{"Time":"2026-09-20T21:59:57.078034+10:00","Action":"run","Package":"github.com/ollama/ollama/app/ui","Test":"TestAutoApproveSwitchOffAsksAgain"}
{"Time":"2026-09-20T21:59:57.078046+10:00","Action":"output","Package":"github.com/ollama/ollama/app/ui","Test":"TestAutoApproveSwitchOffAsksAgain","Output":"=== RUN   TestAutoApproveSwitchOffAsksAgain\n"}
{"Time":"2026-09-20T21:59:57.084852+10:00","Action":"output","Package":"github.com/ollama/ollama/app/ui","Test":"TestAutoApproveSwitchOffAsksAgain","Output":"2026/09/20 21:59:57 INFO tool call approved automatically by the settings switch chat=chat-1 tool=files__read scope=files__read\n"}
{"Time":"2026-09-20T21:59:57.09451+10:00","Action":"output","Package":"github.com/ollama/ollama/app/ui","Test":"TestAutoApproveSwitchOffAsksAgain","Output":"--- PASS: TestAutoApproveSwitchOffAsksAgain (0.02s)\n"}
{"Time":"2026-09-20T21:59:57.094555+10:00","Action":"pass","Package":"github.com/ollama/ollama/app/ui","Test":"TestAutoApproveSwitchOffAsksAgain","Elapsed":0.02}
{"Time":"2026-09-20T21:59:57.094573+10:00","Action":"run","Package":"github.com/ollama/ollama/app/ui","Test":"TestAutoApproveWithoutAStoreStillAsks"}
{"Time":"2026-09-20T21:59:57.094585+10:00","Action":"output","Package":"github.com/ollama/ollama/app/ui","Test":"TestAutoApproveWithoutAStoreStillAsks","Output":"=== RUN   TestAutoApproveWithoutAStoreStillAsks\n"}
{"Time":"2026-09-20T21:59:57.12531+10:00","Action":"output","Package":"github.com/ollama/ollama/agent/tools","Test":"TestMCPToolShape","Output":"--- PASS: TestMCPToolShape (1.12s)\n"}
{"Time":"2026-09-20T21:59:57.125397+10:00","Action":"pass","Package":"github.com/ollama/ollama/agent/tools","Test":"TestMCPToolShape","Elapsed":1.12}
{"Time":"2026-09-20T21:59:57.12544+10:00","Action":"run","Package":"github.com/ollama/ollama/agent/tools","Test":"TestMCPToolSurfacesAServerReportedFailure"}
{"Time":"2026-09-20T21:59:57.12548+10:00","Action":"output","Package":"github.com/ollama/ollama/agent/tools","Test":"TestMCPToolSurfacesAServerReportedFailure","Output":"=== RUN   TestMCPToolSurfacesAServerReportedFailure\n"}
{"Time":"2026-09-20T21:59:57.246707+10:00","Action":"output","Package":"github.com/ollama/ollama/app/ui","Test":"TestAutoApproveWithoutAStoreStillAsks","Output":"--- PASS: TestAutoApproveWithoutAStoreStillAsks (0.15s)\n"}
{"Time":"2026-09-20T21:59:57.247461+10:00","Action":"pass","Package":"github.com/ollama/ollama/app/ui","Test":"TestAutoApproveWithoutAStoreStillAsks","Elapsed":0.15}
{"Time":"2026-09-20T21:59:57.247527+10:00","Action":"run","Package":"github.com/ollama/ollama/app/ui","Test":"TestAutoApproveUnreadableSettingsStillAsks"}
{"Time":"2026-09-20T21:59:57.247611+10:00","Action":"output","Package":"github.com/ollama/ollama/app/ui","Test":"TestAutoApproveUnreadableSettingsStillAsks","Output":"=== RUN   TestAutoApproveUnreadableSettingsStillAsks\n"}
{"Time":"2026-09-20T21:59:57.250953+10:00","Action":"output","Package":"github.com/ollama/ollama/app/ui","Test":"TestAutoApproveUnreadableSettingsStillAsks","Output":"2026/09/20 21:59:57 WARN could not read settings; asking for tool approval instead chat=chat-1 tool=files__read error=\"load settings: create db directory: mkdir /var/folders/z_/ywv267d55_s9yq799rstj3fm0000gn/T/TestAutoApproveUnreadableSettingsStillAsks4056594470/001/not-a-directory: not a directory\"\n"}
{"Time":"2026-09-20T21:59:57.404282+10:00","Action":"output","Package":"github.com/ollama/ollama/app/ui","Test":"TestAutoApproveUnreadableSettingsStillAsks","Output":"--- PASS: TestAutoApproveUnreadableSettingsStillAsks (0.16s)\n"}
{"Time":"2026-09-20T21:59:57.40436+10:00","Action":"pass","Package":"github.com/ollama/ollama/app/ui","Test":"TestAutoApproveUnreadableSettingsStillAsks","Elapsed":0.16}
{"Time":"2026-09-20T21:59:57.404387+10:00","Action":"run","Package":"github.com/ollama/ollama/app/ui","Test":"TestChatLoopRunsMCPToolWithoutAskingWhenSwitchedOn"}
{"Time":"2026-09-20T21:59:57.404401+10:00","Action":"output","Package":"github.com/ollama/ollama/app/ui","Test":"TestChatLoopRunsMCPToolWithoutAskingWhenSwitchedOn","Output":"=== RUN   TestChatLoopRunsMCPToolWithoutAskingWhenSwitchedOn\n"}
{"Time":"2026-09-20T21:59:57.526932+10:00","Action":"output","Package":"github.com/ollama/ollama/app/tools","Test":"TestMCPToolKeepsItsFaithfulSchema","Output":"--- PASS: TestMCPToolKeepsItsFaithfulSchema (1.16s)\n"}
{"Time":"2026-09-20T21:59:57.527015+10:00","Action":"pass","Package":"github.com/ollama/ollama/app/tools","Test":"TestMCPToolKeepsItsFaithfulSchema","Elapsed":1.16}
{"Time":"2026-09-20T21:59:57.527056+10:00","Action":"run","Package":"github.com/ollama/ollama/app/tools","Test":"TestOllamaToolsFallsBackForOrdinaryTools"}
{"Time":"2026-09-20T21:59:57.527085+10:00","Action":"output","Package":"github.com/ollama/ollama/app/tools","Test":"TestOllamaToolsFallsBackForOrdinaryTools","Output":"=== RUN   TestOllamaToolsFallsBackForOrdinaryTools\n"}
{"Time":"2026-09-20T21:59:57.527117+10:00","Action":"output","Package":"github.com/ollama/ollama/app/tools","Test":"TestOllamaToolsFallsBackForOrdinaryTools","Output":"--- PASS: TestOllamaToolsFallsBackForOrdinaryTools (0.00s)\n"}
{"Time":"2026-09-20T21:59:57.527146+10:00","Action":"pass","Package":"github.com/ollama/ollama/app/tools","Test":"TestOllamaToolsFallsBackForOrdinaryTools","Elapsed":0}
{"Time":"2026-09-20T21:59:57.527174+10:00","Action":"run","Package":"github.com/ollama/ollama/app/tools","Test":"TestOllamaToolsIsStablyOrdered"}
{"Time":"2026-09-20T21:59:57.527201+10:00","Action":"output","Package":"github.com/ollama/ollama/app/tools","Test":"TestOllamaToolsIsStablyOrdered","Output":"=== RUN   TestOllamaToolsIsStablyOrdered\n"}
{"Time":"2026-09-20T21:59:57.527238+10:00","Action":"output","Package":"github.com/ollama/ollama/app/tools","Test":"TestOllamaToolsIsStablyOrdered","Output":"--- PASS: TestOllamaToolsIsStablyOrdered (0.00s)\n"}
{"Time":"2026-09-20T21:59:57.527267+10:00","Action":"pass","Package":"github.com/ollama/ollama/app/tools","Test":"TestOllamaToolsIsStablyOrdered","Elapsed":0}
{"Time":"2026-09-20T21:59:57.527295+10:00","Action":"run","Package":"github.com/ollama/ollama/app/tools","Test":"TestMCPToolCallsTheServer"}
{"Time":"2026-09-20T21:59:57.527322+10:00","Action":"output","Package":"github.com/ollama/ollama/app/tools","Test":"TestMCPToolCallsTheServer","Output":"=== RUN   TestMCPToolCallsTheServer\n"}
{"Time":"2026-09-20T21:59:58.021862+10:00","Action":"output","Package":"github.com/ollama/ollama/agent/tools","Test":"TestMCPToolSurfacesAServerReportedFailure","Output":"--- PASS: TestMCPToolSurfacesAServerReportedFailure (0.90s)\n"}
{"Time":"2026-09-20T21:59:58.021921+10:00","Action":"pass","Package":"github.com/ollama/ollama/agent/tools","Test":"TestMCPToolSurfacesAServerReportedFailure","Elapsed":0.9}
{"Time":"2026-09-20T21:59:58.022252+10:00","Action":"run","Package":"github.com/ollama/ollama/agent/tools","Test":"TestSkillLoadsCoreCatalogWithApproval"}
{"Time":"2026-09-20T21:59:58.0223+10:00","Action":"output","Package":"github.com/ollama/ollama/agent/tools","Test":"TestSkillLoadsCoreCatalogWithApproval","Output":"=== RUN   TestSkillLoadsCoreCatalogWithApproval\n"}
{"Time":"2026-09-20T21:59:58.026251+10:00","Action":"output","Package":"github.com/ollama/ollama/agent/tools","Test":"TestSkillLoadsCoreCatalogWithApproval","Output":"--- PASS: TestSkillLoadsCoreCatalogWithApproval (0.00s)\n"}
{"Time":"2026-09-20T21:59:58.026304+10:00","Action":"pass","Package":"github.com/ollama/ollama/agent/tools","Test":"TestSkillLoadsCoreCatalogWithApproval","Elapsed":0}
{"Time":"2026-09-20T21:59:58.02633+10:00","Action":"run","Package":"github.com/ollama/ollama/agent/tools","Test":"TestModelSkillLoadRequiresApproval"}
{"Time":"2026-09-20T21:59:58.026354+10:00","Action":"output","Package":"github.com/ollama/ollama/agent/tools","Test":"TestModelSkillLoadRequiresApproval","Output":"=== RUN   TestModelSkillLoadRequiresApproval\n"}
{"Time":"2026-09-20T21:59:58.026379+10:00","Action":"run","Package":"github.com/ollama/ollama/agent/tools","Test":"TestModelSkillLoadRequiresApproval/rejected"}
{"Time":"2026-09-20T21:59:58.0264+10:00","Action":"output","Package":"github.com/ollama/ollama/agent/tools","Test":"TestModelSkillLoadRequiresApproval/rejected","Output":"=== RUN   TestModelSkillLoadRequiresApproval/rejected\n"}
{"Time":"2026-09-20T21:59:58.035242+10:00","Action":"output","Package":"github.com/ollama/ollama/agent/tools","Test":"TestModelSkillLoadRequiresApproval/rejected","Output":"--- PASS: TestModelSkillLoadRequiresApproval/rejected (0.01s)\n"}
{"Time":"2026-09-20T21:59:58.035342+10:00","Action":"pass","Package":"github.com/ollama/ollama/agent/tools","Test":"TestModelSkillLoadRequiresApproval/rejected","Elapsed":0.01}
{"Time":"2026-09-20T21:59:58.035372+10:00","Action":"run","Package":"github.com/ollama/ollama/agent/tools","Test":"TestModelSkillLoadRequiresApproval/approved"}
{"Time":"2026-09-20T21:59:58.035639+10:00","Action":"output","Package":"github.com/ollama/ollama/agent/tools","Test":"TestModelSkillLoadRequiresApproval/approved","Output":"=== RUN   TestModelSkillLoadRequiresApproval/approved\n"}
{"Time":"2026-09-20T21:59:58.040392+10:00","Action":"output","Package":"github.com/ollama/ollama/agent/tools","Test":"TestModelSkillLoadRequiresApproval/approved","Output":"--- PASS: TestModelSkillLoadRequiresApproval/approved (0.01s)\n"}
{"Time":"2026-09-20T21:59:58.040442+10:00","Action":"pass","Package":"github.com/ollama/ollama/agent/tools","Test":"TestModelSkillLoadRequiresApproval/approved","Elapsed":0.01}
{"Time":"2026-09-20T21:59:58.04047+10:00","Action":"run","Package":"github.com/ollama/ollama/agent/tools","Test":"TestModelSkillLoadRequiresApproval/headless_denied"}
{"Time":"2026-09-20T21:59:58.040486+10:00","Action":"output","Package":"github.com/ollama/ollama/agent/tools","Test":"TestModelSkillLoadRequiresApproval/headless_denied","Output":"=== RUN   TestModelSkillLoadRequiresApproval/headless_denied\n"}
{"Time":"2026-09-20T21:59:58.043127+10:00","Action":"output","Package":"github.com/ollama/ollama/agent/tools","Test":"TestModelSkillLoadRequiresApproval/headless_denied","Output":"--- PASS: TestModelSkillLoadRequiresApproval/headless_denied (0.00s)\n"}
{"Time":"2026-09-20T21:59:58.043175+10:00","Action":"pass","Package":"github.com/ollama/ollama/agent/tools","Test":"TestModelSkillLoadRequiresApproval/headless_denied","Elapsed":0}
{"Time":"2026-09-20T21:59:58.043191+10:00","Action":"output","Package":"github.com/ollama/ollama/agent/tools","Test":"TestModelSkillLoadRequiresApproval","Output":"--- PASS: TestModelSkillLoadRequiresApproval (0.02s)\n"}
{"Time":"2026-09-20T21:59:58.043205+10:00","Action":"pass","Package":"github.com/ollama/ollama/agent/tools","Test":"TestModelSkillLoadRequiresApproval","Elapsed":0.02}
{"Time":"2026-09-20T21:59:58.043232+10:00","Action":"run","Package":"github.com/ollama/ollama/agent/tools","Test":"TestExplicitSkillActivationBypassesApproval"}
{"Time":"2026-09-20T21:59:58.043244+10:00","Action":"output","Package":"github.com/ollama/ollama/agent/tools","Test":"TestExplicitSkillActivationBypassesApproval","Output":"=== RUN   TestExplicitSkillActivationBypassesApproval\n"}
{"Time":"2026-09-20T21:59:58.0519+10:00","Action":"output","Package":"github.com/ollama/ollama/agent/tools","Test":"TestExplicitSkillActivationBypassesApproval","Output":"--- PASS: TestExplicitSkillActivationBypassesApproval (0.00s)\n"}
{"Time":"2026-09-20T21:59:58.052179+10:00","Action":"pass","Package":"github.com/ollama/ollama/agent/tools","Test":"TestExplicitSkillActivationBypassesApproval","Elapsed":0}
{"Time":"2026-09-20T21:59:58.052309+10:00","Action":"run","Package":"github.com/ollama/ollama/agent/tools","Test":"TestWebToolsRequireApproval"}
{"Time":"2026-09-20T21:59:58.052349+10:00","Action":"output","Package":"github.com/ollama/ollama/agent/tools","Test":"TestWebToolsRequireApproval","Output":"=== RUN   TestWebToolsRequireApproval\n"}
{"Time":"2026-09-20T21:59:58.052367+10:00","Action":"output","Package":"github.com/ollama/ollama/agent/tools","Test":"TestWebToolsRequireApproval","Output":"--- PASS: TestWebToolsRequireApproval (0.00s)\n"}
{"Time":"2026-09-20T21:59:58.052381+10:00","Action":"pass","Package":"github.com/ollama/ollama/agent/tools","Test":"TestWebToolsRequireApproval","Elapsed":0}
{"Time":"2026-09-20T21:59:58.052395+10:00","Action":"run","Package":"github.com/ollama/ollama/agent/tools","Test":"TestWebToolsReportAuthenticationError"}
{"Time":"2026-09-20T21:59:58.052407+10:00","Action":"output","Package":"github.com/ollama/ollama/agent/tools","Test":"TestWebToolsReportAuthenticationError","Output":"=== RUN   TestWebToolsReportAuthenticationError\n"}
{"Time":"2026-09-20T21:59:58.05242+10:00","Action":"run","Package":"github.com/ollama/ollama/agent/tools","Test":"TestWebToolsReportAuthenticationError/search"}
{"Time":"2026-09-20T21:59:58.052432+10:00","Action":"output","Package":"github.com/ollama/ollama/agent/tools","Test":"TestWebToolsReportAuthenticationError/search","Output":"=== RUN   TestWebToolsReportAuthenticationError/search\n"}
{"Time":"2026-09-20T21:59:58.053921+10:00","Action":"output","Package":"github.com/ollama/ollama/agent/tools","Test":"TestWebToolsReportAuthenticationError/search","Output":"--- PASS: TestWebToolsReportAuthenticationError/search (0.00s)\n"}
{"Time":"2026-09-20T21:59:58.053979+10:00","Action":"pass","Package":"github.com/ollama/ollama/agent/tools","Test":"TestWebToolsReportAuthenticationError/search","Elapsed":0}
{"Time":"2026-09-20T21:59:58.053993+10:00","Action":"run","Package":"github.com/ollama/ollama/agent/tools","Test":"TestWebToolsReportAuthenticationError/fetch"}
{"Time":"2026-09-20T21:59:58.054005+10:00","Action":"output","Package":"github.com/ollama/ollama/agent/tools","Test":"TestWebToolsReportAuthenticationError/fetch","Output":"=== RUN   TestWebToolsReportAuthenticationError/fetch\n"}
{"Time":"2026-09-20T21:59:58.055698+10:00","Action":"output","Package":"github.com/ollama/ollama/agent/tools","Test":"TestWebToolsReportAuthenticationError/fetch","Output":"--- PASS: TestWebToolsReportAuthenticationError/fetch (0.00s)\n"}
{"Time":"2026-09-20T21:59:58.055767+10:00","Action":"pass","Package":"github.com/ollama/ollama/agent/tools","Test":"TestWebToolsReportAuthenticationError/fetch","Elapsed":0}
{"Time":"2026-09-20T21:59:58.057268+10:00","Action":"output","Package":"github.com/ollama/ollama/agent/tools","Test":"TestWebToolsReportAuthenticationError","Output":"--- PASS: TestWebToolsReportAuthenticationError (0.01s)\n"}
{"Time":"2026-09-20T21:59:58.05731+10:00","Action":"pass","Package":"github.com/ollama/ollama/agent/tools","Test":"TestWebToolsReportAuthenticationError","Elapsed":0.01}
{"Time":"2026-09-20T21:59:58.057327+10:00","Action":"run","Package":"github.com/ollama/ollama/agent/tools","Test":"TestWebToolsPreserveNonAuthenticationErrors"}
{"Time":"2026-09-20T21:59:58.05734+10:00","Action":"output","Package":"github.com/ollama/ollama/agent/tools","Test":"TestWebToolsPreserveNonAuthenticationErrors","Output":"=== RUN   TestWebToolsPreserveNonAuthenticationErrors\n"}
{"Time":"2026-09-20T21:59:58.057737+10:00","Action":"run","Package":"github.com/ollama/ollama/agent/tools","Test":"TestWebToolsPreserveNonAuthenticationErrors/search"}
{"Time":"2026-09-20T21:59:58.057784+10:00","Action":"output","Package":"github.com/ollama/ollama/agent/tools","Test":"TestWebToolsPreserveNonAuthenticationErrors/search","Output":"=== RUN   TestWebToolsPreserveNonAuthenticationErrors/search\n"}
{"Time":"2026-09-20T21:59:58.058667+10:00","Action":"output","Package":"github.com/ollama/ollama/agent/tools","Test":"TestWebToolsPreserveNonAuthenticationErrors/search","Output":"--- PASS: TestWebToolsPreserveNonAuthenticationErrors/search (0.00s)\n"}
{"Time":"2026-09-20T21:59:58.058742+10:00","Action":"pass","Package":"github.com/ollama/ollama/agent/tools","Test":"TestWebToolsPreserveNonAuthenticationErrors/search","Elapsed":0}
{"Time":"2026-09-20T21:59:58.058762+10:00","Action":"run","Package":"github.com/ollama/ollama/agent/tools","Test":"TestWebToolsPreserveNonAuthenticationErrors/fetch"}
{"Time":"2026-09-20T21:59:58.05878+10:00","Action":"output","Package":"github.com/ollama/ollama/agent/tools","Test":"TestWebToolsPreserveNonAuthenticationErrors/fetch","Output":"=== RUN   TestWebToolsPreserveNonAuthenticationErrors/fetch\n"}
{"Time":"2026-09-20T21:59:58.059468+10:00","Action":"output","Package":"github.com/ollama/ollama/agent/tools","Test":"TestWebToolsPreserveNonAuthenticationErrors/fetch","Output":"--- PASS: TestWebToolsPreserveNonAuthenticationErrors/fetch (0.00s)\n"}
{"Time":"2026-09-20T21:59:58.059535+10:00","Action":"pass","Package":"github.com/ollama/ollama/agent/tools","Test":"TestWebToolsPreserveNonAuthenticationErrors/fetch","Elapsed":0}
{"Time":"2026-09-20T21:59:58.060757+10:00","Action":"output","Package":"github.com/ollama/ollama/agent/tools","Test":"TestWebToolsPreserveNonAuthenticationErrors","Output":"--- PASS: TestWebToolsPreserveNonAuthenticationErrors (0.00s)\n"}
{"Time":"2026-09-20T21:59:58.060807+10:00","Action":"pass","Package":"github.com/ollama/ollama/agent/tools","Test":"TestWebToolsPreserveNonAuthenticationErrors","Elapsed":0}
{"Time":"2026-09-20T21:59:58.060829+10:00","Action":"run","Package":"github.com/ollama/ollama/agent/tools","Test":"TestWebToolsIgnoreInheritedCloudPolicy"}
{"Time":"2026-09-20T21:59:58.060846+10:00","Action":"output","Package":"github.com/ollama/ollama/agent/tools","Test":"TestWebToolsIgnoreInheritedCloudPolicy","Output":"=== RUN   TestWebToolsIgnoreInheritedCloudPolicy\n"}
{"Time":"2026-09-20T21:59:58.075438+10:00","Action":"output","Package":"github.com/ollama/ollama/agent/tools","Test":"TestWebToolsIgnoreInheritedCloudPolicy","Output":"--- PASS: TestWebToolsIgnoreInheritedCloudPolicy (0.01s)\n"}
{"Time":"2026-09-20T21:59:58.075518+10:00","Action":"pass","Package":"github.com/ollama/ollama/agent/tools","Test":"TestWebToolsIgnoreInheritedCloudPolicy","Elapsed":0.01}
{"Time":"2026-09-20T21:59:58.07554+10:00","Action":"run","Package":"github.com/ollama/ollama/agent/tools","Test":"TestWebFetchRejectsUnsupportedScheme"}
{"Time":"2026-09-20T21:59:58.075558+10:00","Action":"output","Package":"github.com/ollama/ollama/agent/tools","Test":"TestWebFetchRejectsUnsupportedScheme","Output":"=== RUN   TestWebFetchRejectsUnsupportedScheme\n"}
{"Time":"2026-09-20T21:59:58.075575+10:00","Action":"run","Package":"github.com/ollama/ollama/agent/tools","Test":"TestWebFetchRejectsUnsupportedScheme/file_scheme"}
{"Time":"2026-09-20T21:59:58.07575+10:00","Action":"output","Package":"github.com/ollama/ollama/agent/tools","Test":"TestWebFetchRejectsUnsupportedScheme/file_scheme","Output":"=== RUN   TestWebFetchRejectsUnsupportedScheme/file_scheme\n"}
{"Time":"2026-09-20T21:59:58.075781+10:00","Action":"output","Package":"github.com/ollama/ollama/agent/tools","Test":"TestWebFetchRejectsUnsupportedScheme/file_scheme","Output":"--- PASS: TestWebFetchRejectsUnsupportedScheme/file_scheme (0.00s)\n"}
{"Time":"2026-09-20T21:59:58.075803+10:00","Action":"pass","Package":"github.com/ollama/ollama/agent/tools","Test":"TestWebFetchRejectsUnsupportedScheme/file_scheme","Elapsed":0}
{"Time":"2026-09-20T21:59:58.075818+10:00","Action":"run","Package":"github.com/ollama/ollama/agent/tools","Test":"TestWebFetchRejectsUnsupportedScheme/data_scheme"}
{"Time":"2026-09-20T21:59:58.07583+10:00","Action":"output","Package":"github.com/ollama/ollama/agent/tools","Test":"TestWebFetchRejectsUnsupportedScheme/data_scheme","Output":"=== RUN   TestWebFetchRejectsUnsupportedScheme/data_scheme\n"}
{"Time":"2026-09-20T21:59:58.075844+10:00","Action":"output","Package":"github.com/ollama/ollama/agent/tools","Test":"TestWebFetchRejectsUnsupportedScheme/data_scheme","Output":"--- PASS: TestWebFetchRejectsUnsupportedScheme/data_scheme (0.00s)\n"}
{"Time":"2026-09-20T21:59:58.075856+10:00","Action":"pass","Package":"github.com/ollama/ollama/agent/tools","Test":"TestWebFetchRejectsUnsupportedScheme/data_scheme","Elapsed":0}
{"Time":"2026-09-20T21:59:58.075868+10:00","Action":"run","Package":"github.com/ollama/ollama/agent/tools","Test":"TestWebFetchRejectsUnsupportedScheme/ftp_scheme"}
{"Time":"2026-09-20T21:59:58.07588+10:00","Action":"output","Package":"github.com/ollama/ollama/agent/tools","Test":"TestWebFetchRejectsUnsupportedScheme/ftp_scheme","Output":"=== RUN   TestWebFetchRejectsUnsupportedScheme/ftp_scheme\n"}
{"Time":"2026-09-20T21:59:58.075893+10:00","Action":"output","Package":"github.com/ollama/ollama/agent/tools","Test":"TestWebFetchRejectsUnsupportedScheme/ftp_scheme","Output":"--- PASS: TestWebFetchRejectsUnsupportedScheme/ftp_scheme (0.00s)\n"}
{"Time":"2026-09-20T21:59:58.07591+10:00","Action":"pass","Package":"github.com/ollama/ollama/agent/tools","Test":"TestWebFetchRejectsUnsupportedScheme/ftp_scheme","Elapsed":0}
{"Time":"2026-09-20T21:59:58.075923+10:00","Action":"run","Package":"github.com/ollama/ollama/agent/tools","Test":"TestWebFetchRejectsUnsupportedScheme/http_allowed"}
{"Time":"2026-09-20T21:59:58.075934+10:00","Action":"output","Package":"github.com/ollama/ollama/agent/tools","Test":"TestWebFetchRejectsUnsupportedScheme/http_allowed","Output":"=== RUN   TestWebFetchRejectsUnsupportedScheme/http_allowed\n"}
{"Time":"2026-09-20T21:59:58.07595+10:00","Action":"output","Package":"github.com/ollama/ollama/agent/tools","Test":"TestWebFetchRejectsUnsupportedScheme/http_allowed","Output":"--- PASS: TestWebFetchRejectsUnsupportedScheme/http_allowed (0.00s)\n"}
{"Time":"2026-09-20T21:59:58.075972+10:00","Action":"pass","Package":"github.com/ollama/ollama/agent/tools","Test":"TestWebFetchRejectsUnsupportedScheme/http_allowed","Elapsed":0}
{"Time":"2026-09-20T21:59:58.075984+10:00","Action":"run","Package":"github.com/ollama/ollama/agent/tools","Test":"TestWebFetchRejectsUnsupportedScheme/https_allowed"}
{"Time":"2026-09-20T21:59:58.075997+10:00","Action":"output","Package":"github.com/ollama/ollama/agent/tools","Test":"TestWebFetchRejectsUnsupportedScheme/https_allowed","Output":"=== RUN   TestWebFetchRejectsUnsupportedScheme/https_allowed\n"}
{"Time":"2026-09-20T21:59:58.076197+10:00","Action":"output","Package":"github.com/ollama/ollama/agent/tools","Test":"TestWebFetchRejectsUnsupportedScheme/https_allowed","Output":"--- PASS: TestWebFetchRejectsUnsupportedScheme/https_allowed (0.00s)\n"}
{"Time":"2026-09-20T21:59:58.076237+10:00","Action":"pass","Package":"github.com/ollama/ollama/agent/tools","Test":"TestWebFetchRejectsUnsupportedScheme/https_allowed","Elapsed":0}
{"Time":"2026-09-20T21:59:58.077738+10:00","Action":"output","Package":"github.com/ollama/ollama/agent/tools","Test":"TestWebFetchRejectsUnsupportedScheme","Output":"--- PASS: TestWebFetchRejectsUnsupportedScheme (0.00s)\n"}
{"Time":"2026-09-20T21:59:58.077778+10:00","Action":"pass","Package":"github.com/ollama/ollama/agent/tools","Test":"TestWebFetchRejectsUnsupportedScheme","Elapsed":0}
{"Time":"2026-09-20T21:59:58.077794+10:00","Action":"run","Package":"github.com/ollama/ollama/agent/tools","Test":"TestWebFetchBoundsContentBeforeReturning"}
{"Time":"2026-09-20T21:59:58.077819+10:00","Action":"output","Package":"github.com/ollama/ollama/agent/tools","Test":"TestWebFetchBoundsContentBeforeReturning","Output":"=== RUN   TestWebFetchBoundsContentBeforeReturning\n"}
{"Time":"2026-09-20T21:59:58.082119+10:00","Action":"output","Package":"github.com/ollama/ollama/agent/tools","Test":"TestWebFetchBoundsContentBeforeReturning","Output":"--- PASS: TestWebFetchBoundsContentBeforeReturning (0.00s)\n"}
{"Time":"2026-09-20T21:59:58.082204+10:00","Action":"pass","Package":"github.com/ollama/ollama/agent/tools","Test":"TestWebFetchBoundsContentBeforeReturning","Elapsed":0}
{"Time":"2026-09-20T21:59:58.082232+10:00","Action":"run","Package":"github.com/ollama/ollama/agent/tools","Test":"TestWebToolsRejectWhenCloudDisabled"}
{"Time":"2026-09-20T21:59:58.082246+10:00","Action":"output","Package":"github.com/ollama/ollama/agent/tools","Test":"TestWebToolsRejectWhenCloudDisabled","Output":"=== RUN   TestWebToolsRejectWhenCloudDisabled\n"}
{"Time":"2026-09-20T21:59:58.082268+10:00","Action":"run","Package":"github.com/ollama/ollama/agent/tools","Test":"TestWebToolsRejectWhenCloudDisabled/search"}
{"Time":"2026-09-20T21:59:58.08238+10:00","Action":"output","Package":"github.com/ollama/ollama/agent/tools","Test":"TestWebToolsRejectWhenCloudDisabled/search","Output":"=== RUN   TestWebToolsRejectWhenCloudDisabled/search\n"}
{"Time":"2026-09-20T21:59:58.082408+10:00","Action":"output","Package":"github.com/ollama/ollama/agent/tools","Test":"TestWebToolsRejectWhenCloudDisabled/search","Output":"--- PASS: TestWebToolsRejectWhenCloudDisabled/search (0.00s)\n"}
{"Time":"2026-09-20T21:59:58.082421+10:00","Action":"pass","Package":"github.com/ollama/ollama/agent/tools","Test":"TestWebToolsRejectWhenCloudDisabled/search","Elapsed":0}
{"Time":"2026-09-20T21:59:58.082433+10:00","Action":"run","Package":"github.com/ollama/ollama/agent/tools","Test":"TestWebToolsRejectWhenCloudDisabled/fetch"}
{"Time":"2026-09-20T21:59:58.082444+10:00","Action":"output","Package":"github.com/ollama/ollama/agent/tools","Test":"TestWebToolsRejectWhenCloudDisabled/fetch","Output":"=== RUN   TestWebToolsRejectWhenCloudDisabled/fetch\n"}
{"Time":"2026-09-20T21:59:58.082457+10:00","Action":"output","Package":"github.com/ollama/ollama/agent/tools","Test":"TestWebToolsRejectWhenCloudDisabled/fetch","Output":"--- PASS: TestWebToolsRejectWhenCloudDisabled/fetch (0.00s)\n"}
{"Time":"2026-09-20T21:59:58.082468+10:00","Action":"pass","Package":"github.com/ollama/ollama/agent/tools","Test":"TestWebToolsRejectWhenCloudDisabled/fetch","Elapsed":0}
{"Time":"2026-09-20T21:59:58.082481+10:00","Action":"output","Package":"github.com/ollama/ollama/agent/tools","Test":"TestWebToolsRejectWhenCloudDisabled","Output":"--- PASS: TestWebToolsRejectWhenCloudDisabled (0.00s)\n"}
{"Time":"2026-09-20T21:59:58.082538+10:00","Action":"pass","Package":"github.com/ollama/ollama/agent/tools","Test":"TestWebToolsRejectWhenCloudDisabled","Elapsed":0}
{"Time":"2026-09-20T21:59:58.082586+10:00","Action":"output","Package":"github.com/ollama/ollama/agent/tools","Output":"PASS\n"}
{"Time":"2026-09-20T21:59:58.083696+10:00","Action":"output","Package":"github.com/ollama/ollama/agent/tools","Output":"ok  \tgithub.com/ollama/ollama/agent/tools\t9.147s\n"}
{"Time":"2026-09-20T21:59:58.08375+10:00","Action":"pass","Package":"github.com/ollama/ollama/agent/tools","Elapsed":9.147}
{"Time":"2026-09-20T21:59:58.443325+10:00","Action":"output","Package":"github.com/ollama/ollama/app/ui","Test":"TestChatLoopRunsMCPToolWithoutAskingWhenSwitchedOn","Output":"2026/09/20 21:59:58 INFO tool call approved automatically by the settings switch chat=01a0beaf-f7e6-7839-9c29-b23585a4e291 tool=raw__echo scope=raw__echo\n"}
{"Time":"2026-09-20T21:59:58.450988+10:00","Action":"output","Package":"github.com/ollama/ollama/app/ui","Test":"TestChatLoopRunsMCPToolWithoutAskingWhenSwitchedOn","Output":"--- PASS: TestChatLoopRunsMCPToolWithoutAskingWhenSwitchedOn (1.05s)\n"}
{"Time":"2026-09-20T21:59:58.451257+10:00","Action":"pass","Package":"github.com/ollama/ollama/app/ui","Test":"TestChatLoopRunsMCPToolWithoutAskingWhenSwitchedOn","Elapsed":1.05}
{"Time":"2026-09-20T21:59:58.451553+10:00","Action":"run","Package":"github.com/ollama/ollama/app/ui","Test":"TestChatLoopAsksBeforeMCPToolWhenSwitchedOff"}
{"Time":"2026-09-20T21:59:58.451612+10:00","Action":"output","Package":"github.com/ollama/ollama/app/ui","Test":"TestChatLoopAsksBeforeMCPToolWhenSwitchedOff","Output":"=== RUN   TestChatLoopAsksBeforeMCPToolWhenSwitchedOff\n"}
{"Time":"2026-09-20T21:59:58.813147+10:00","Action":"output","Package":"github.com/ollama/ollama/app/tools","Test":"TestMCPToolCallsTheServer","Output":"--- PASS: TestMCPToolCallsTheServer (1.29s)\n"}
{"Time":"2026-09-20T21:59:58.813432+10:00","Action":"pass","Package":"github.com/ollama/ollama/app/tools","Test":"TestMCPToolCallsTheServer","Elapsed":1.29}
{"Time":"2026-09-20T21:59:58.813497+10:00","Action":"run","Package":"github.com/ollama/ollama/app/tools","Test":"TestMCPToolSurfacesAServerReportedFailure"}
{"Time":"2026-09-20T21:59:58.813512+10:00","Action":"output","Package":"github.com/ollama/ollama/app/tools","Test":"TestMCPToolSurfacesAServerReportedFailure","Output":"=== RUN   TestMCPToolSurfacesAServerReportedFailure\n"}
{"Time":"2026-09-20T21:59:59.672342+10:00","Action":"output","Package":"github.com/ollama/ollama/app/ui","Test":"TestChatLoopAsksBeforeMCPToolWhenSwitchedOff","Output":"--- PASS: TestChatLoopAsksBeforeMCPToolWhenSwitchedOff (1.22s)\n"}
{"Time":"2026-09-20T21:59:59.672396+10:00","Action":"pass","Package":"github.com/ollama/ollama/app/ui","Test":"TestChatLoopAsksBeforeMCPToolWhenSwitchedOff","Elapsed":1.22}
{"Time":"2026-09-20T21:59:59.672415+10:00","Action":"run","Package":"github.com/ollama/ollama/app/ui","Test":"TestChatReadIntegrityAcrossProcesses"}
{"Time":"2026-09-20T21:59:59.672427+10:00","Action":"output","Package":"github.com/ollama/ollama/app/ui","Test":"TestChatReadIntegrityAcrossProcesses","Output":"=== RUN   TestChatReadIntegrityAcrossProcesses\n"}
{"Time":"2026-09-20T21:59:59.672631+10:00","Action":"run","Package":"github.com/ollama/ollama/app/ui","Test":"TestChatReadIntegrityAcrossProcesses/seed"}
{"Time":"2026-09-20T21:59:59.672655+10:00","Action":"output","Package":"github.com/ollama/ollama/app/ui","Test":"TestChatReadIntegrityAcrossProcesses/seed","Output":"=== RUN   TestChatReadIntegrityAcrossProcesses/seed\n"}
{"Time":"2026-09-20T21:59:59.702489+10:00","Action":"output","Package":"github.com/ollama/ollama/app/ui","Test":"TestChatReadIntegrityAcrossProcesses/seed","Output":"    chat_read_errors_test.go:54: phase=seed\n"}
{"Time":"2026-09-20T21:59:59.702577+10:00","Action":"output","Package":"github.com/ollama/ollama/app/ui","Test":"TestChatReadIntegrityAcrossProcesses/seed","Output":"        === RUN   TestChatReadIntegrityAcrossProcesses\n"}
{"Time":"2026-09-20T21:59:59.7026+10:00","Action":"output","Package":"github.com/ollama/ollama/app/ui","Test":"TestChatReadIntegrityAcrossProcesses/seed","Output":"        CHAT_READ_PHASE=seed\n"}
{"Time":"2026-09-20T21:59:59.702653+10:00","Action":"output","Package":"github.com/ollama/ollama/app/ui","Test":"TestChatReadIntegrityAcrossProcesses/seed","Output":"        --- PASS: TestChatReadIntegrityAcrossProcesses (0.01s)\n"}
{"Time":"2026-09-20T21:59:59.702802+10:00","Action":"output","Package":"github.com/ollama/ollama/app/ui","Test":"TestChatReadIntegrityAcrossProcesses/seed","Output":"        PASS\n"}
{"Time":"2026-09-20T21:59:59.702842+10:00","Action":"output","Package":"github.com/ollama/ollama/app/ui","Test":"TestChatReadIntegrityAcrossProcesses/seed","Output":"--- PASS: TestChatReadIntegrityAcrossProcesses/seed (0.03s)\n"}
{"Time":"2026-09-20T21:59:59.702872+10:00","Action":"pass","Package":"github.com/ollama/ollama/app/ui","Test":"TestChatReadIntegrityAcrossProcesses/seed","Elapsed":0.03}
{"Time":"2026-09-20T21:59:59.702943+10:00","Action":"run","Package":"github.com/ollama/ollama/app/ui","Test":"TestChatReadIntegrityAcrossProcesses/fault"}
{"Time":"2026-09-20T21:59:59.702974+10:00","Action":"output","Package":"github.com/ollama/ollama/app/ui","Test":"TestChatReadIntegrityAcrossProcesses/fault","Output":"=== RUN   TestChatReadIntegrityAcrossProcesses/fault\n"}
{"Time":"2026-09-20T21:59:59.729184+10:00","Action":"output","Package":"github.com/ollama/ollama/app/tools","Test":"TestMCPToolSurfacesAServerReportedFailure","Output":"--- PASS: TestMCPToolSurfacesAServerReportedFailure (0.92s)\n"}
{"Time":"2026-09-20T21:59:59.729283+10:00","Action":"pass","Package":"github.com/ollama/ollama/app/tools","Test":"TestMCPToolSurfacesAServerReportedFailure","Elapsed":0.92}
{"Time":"2026-09-20T21:59:59.729303+10:00","Action":"run","Package":"github.com/ollama/ollama/app/tools","Test":"TestBrowserOpenKeepsItsAlternativeIDTypes"}
{"Time":"2026-09-20T21:59:59.729318+10:00","Action":"output","Package":"github.com/ollama/ollama/app/tools","Test":"TestBrowserOpenKeepsItsAlternativeIDTypes","Output":"=== RUN   TestBrowserOpenKeepsItsAlternativeIDTypes\n"}
{"Time":"2026-09-20T21:59:59.729359+10:00","Action":"output","Package":"github.com/ollama/ollama/app/tools","Test":"TestBrowserOpenKeepsItsAlternativeIDTypes","Output":"--- PASS: TestBrowserOpenKeepsItsAlternativeIDTypes (0.00s)\n"}
{"Time":"2026-09-20T21:59:59.729386+10:00","Action":"pass","Package":"github.com/ollama/ollama/app/tools","Test":"TestBrowserOpenKeepsItsAlternativeIDTypes","Elapsed":0}
{"Time":"2026-09-20T21:59:59.729401+10:00","Action":"run","Package":"github.com/ollama/ollama/app/tools","Test":"TestFirstPartyToolsSupplyTheirOwnDefinition"}
{"Time":"2026-09-20T21:59:59.729415+10:00","Action":"output","Package":"github.com/ollama/ollama/app/tools","Test":"TestFirstPartyToolsSupplyTheirOwnDefinition","Output":"=== RUN   TestFirstPartyToolsSupplyTheirOwnDefinition\n"}
{"Time":"2026-09-20T21:59:59.72943+10:00","Action":"output","Package":"github.com/ollama/ollama/app/tools","Test":"TestFirstPartyToolsSupplyTheirOwnDefinition","Output":"--- PASS: TestFirstPartyToolsSupplyTheirOwnDefinition (0.00s)\n"}
{"Time":"2026-09-20T21:59:59.729724+10:00","Action":"pass","Package":"github.com/ollama/ollama/app/tools","Test":"TestFirstPartyToolsSupplyTheirOwnDefinition","Elapsed":0}
{"Time":"2026-09-20T21:59:59.729777+10:00","Action":"run","Package":"github.com/ollama/ollama/app/tools","Test":"TestFirstPartyToolDefinitionsAndSchemaMapsAgree"}
{"Time":"2026-09-20T21:59:59.729789+10:00","Action":"output","Package":"github.com/ollama/ollama/app/tools","Test":"TestFirstPartyToolDefinitionsAndSchemaMapsAgree","Output":"=== RUN   TestFirstPartyToolDefinitionsAndSchemaMapsAgree\n"}
{"Time":"2026-09-20T21:59:59.729884+10:00","Action":"output","Package":"github.com/ollama/ollama/app/tools","Test":"TestFirstPartyToolDefinitionsAndSchemaMapsAgree","Output":"--- PASS: TestFirstPartyToolDefinitionsAndSchemaMapsAgree (0.00s)\n"}
{"Time":"2026-09-20T21:59:59.729909+10:00","Action":"pass","Package":"github.com/ollama/ollama/app/tools","Test":"TestFirstPartyToolDefinitionsAndSchemaMapsAgree","Elapsed":0}
{"Time":"2026-09-20T21:59:59.729924+10:00","Action":"run","Package":"github.com/ollama/ollama/app/tools","Test":"TestToolsStateTheirDefaultsToTheModel"}
{"Time":"2026-09-20T21:59:59.729936+10:00","Action":"output","Package":"github.com/ollama/ollama/app/tools","Test":"TestToolsStateTheirDefaultsToTheModel","Output":"=== RUN   TestToolsStateTheirDefaultsToTheModel\n"}
{"Time":"2026-09-20T21:59:59.729951+10:00","Action":"output","Package":"github.com/ollama/ollama/app/tools","Test":"TestToolsStateTheirDefaultsToTheModel","Output":"--- PASS: TestToolsStateTheirDefaultsToTheModel (0.00s)\n"}
{"Time":"2026-09-20T21:59:59.729967+10:00","Action":"pass","Package":"github.com/ollama/ollama/app/tools","Test":"TestToolsStateTheirDefaultsToTheModel","Elapsed":0}
{"Time":"2026-09-20T21:59:59.72998+10:00","Action":"run","Package":"github.com/ollama/ollama/app/tools","Test":"TestBrowserSearchHonoursTopn"}
{"Time":"2026-09-20T21:59:59.729991+10:00","Action":"output","Package":"github.com/ollama/ollama/app/tools","Test":"TestBrowserSearchHonoursTopn","Output":"=== RUN   TestBrowserSearchHonoursTopn\n"}
{"Time":"2026-09-20T21:59:59.730003+10:00","Action":"run","Package":"github.com/ollama/ollama/app/tools","Test":"TestBrowserSearchHonoursTopn/decoded_from_json"}
{"Time":"2026-09-20T21:59:59.730014+10:00","Action":"output","Package":"github.com/ollama/ollama/app/tools","Test":"TestBrowserSearchHonoursTopn/decoded_from_json","Output":"=== RUN   TestBrowserSearchHonoursTopn/decoded_from_json\n"}
{"Time":"2026-09-20T21:59:59.730026+10:00","Action":"output","Package":"github.com/ollama/ollama/app/tools","Test":"TestBrowserSearchHonoursTopn/decoded_from_json","Output":"--- PASS: TestBrowserSearchHonoursTopn/decoded_from_json (0.00s)\n"}
{"Time":"2026-09-20T21:59:59.730037+10:00","Action":"pass","Package":"github.com/ollama/ollama/app/tools","Test":"TestBrowserSearchHonoursTopn/decoded_from_json","Elapsed":0}
{"Time":"2026-09-20T21:59:59.730049+10:00","Action":"run","Package":"github.com/ollama/ollama/app/tools","Test":"TestBrowserSearchHonoursTopn/passed_as_a_go_int"}
{"Time":"2026-09-20T21:59:59.73006+10:00","Action":"output","Package":"github.com/ollama/ollama/app/tools","Test":"TestBrowserSearchHonoursTopn/passed_as_a_go_int","Output":"=== RUN   TestBrowserSearchHonoursTopn/passed_as_a_go_int\n"}
{"Time":"2026-09-20T21:59:59.730071+10:00","Action":"output","Package":"github.com/ollama/ollama/app/tools","Test":"TestBrowserSearchHonoursTopn/passed_as_a_go_int","Output":"--- PASS: TestBrowserSearchHonoursTopn/passed_as_a_go_int (0.00s)\n"}
{"Time":"2026-09-20T21:59:59.730083+10:00","Action":"pass","Package":"github.com/ollama/ollama/app/tools","Test":"TestBrowserSearchHonoursTopn/passed_as_a_go_int","Elapsed":0}
{"Time":"2026-09-20T21:59:59.730094+10:00","Action":"run","Package":"github.com/ollama/ollama/app/tools","Test":"TestBrowserSearchHonoursTopn/omitted"}
{"Time":"2026-09-20T21:59:59.730142+10:00","Action":"output","Package":"github.com/ollama/ollama/app/tools","Test":"TestBrowserSearchHonoursTopn/omitted","Output":"=== RUN   TestBrowserSearchHonoursTopn/omitted\n"}
{"Time":"2026-09-20T21:59:59.730161+10:00","Action":"output","Package":"github.com/ollama/ollama/app/tools","Test":"TestBrowserSearchHonoursTopn/omitted","Output":"--- PASS: TestBrowserSearchHonoursTopn/omitted (0.00s)\n"}
{"Time":"2026-09-20T21:59:59.730175+10:00","Action":"pass","Package":"github.com/ollama/ollama/app/tools","Test":"TestBrowserSearchHonoursTopn/omitted","Elapsed":0}
{"Time":"2026-09-20T21:59:59.730188+10:00","Action":"run","Package":"github.com/ollama/ollama/app/tools","Test":"TestBrowserSearchHonoursTopn/not_a_number"}
{"Time":"2026-09-20T21:59:59.7302+10:00","Action":"output","Package":"github.com/ollama/ollama/app/tools","Test":"TestBrowserSearchHonoursTopn/not_a_number","Output":"=== RUN   TestBrowserSearchHonoursTopn/not_a_number\n"}
{"Time":"2026-09-20T21:59:59.730219+10:00","Action":"output","Package":"github.com/ollama/ollama/app/tools","Test":"TestBrowserSearchHonoursTopn/not_a_number","Output":"--- PASS: TestBrowserSearchHonoursTopn/not_a_number (0.00s)\n"}
{"Time":"2026-09-20T21:59:59.730274+10:00","Action":"pass","Package":"github.com/ollama/ollama/app/tools","Test":"TestBrowserSearchHonoursTopn/not_a_number","Elapsed":0}
{"Time":"2026-09-20T21:59:59.730287+10:00","Action":"run","Package":"github.com/ollama/ollama/app/tools","Test":"TestBrowserSearchHonoursTopn/zero"}
{"Time":"2026-09-20T21:59:59.730299+10:00","Action":"output","Package":"github.com/ollama/ollama/app/tools","Test":"TestBrowserSearchHonoursTopn/zero","Output":"=== RUN   TestBrowserSearchHonoursTopn/zero\n"}
{"Time":"2026-09-20T21:59:59.730313+10:00","Action":"output","Package":"github.com/ollama/ollama/app/tools","Test":"TestBrowserSearchHonoursTopn/zero","Output":"--- PASS: TestBrowserSearchHonoursTopn/zero (0.00s)\n"}
{"Time":"2026-09-20T21:59:59.730326+10:00","Action":"pass","Package":"github.com/ollama/ollama/app/tools","Test":"TestBrowserSearchHonoursTopn/zero","Elapsed":0}
{"Time":"2026-09-20T21:59:59.730339+10:00","Action":"run","Package":"github.com/ollama/ollama/app/tools","Test":"TestBrowserSearchHonoursTopn/negative"}
{"Time":"2026-09-20T21:59:59.73035+10:00","Action":"output","Package":"github.com/ollama/ollama/app/tools","Test":"TestBrowserSearchHonoursTopn/negative","Output":"=== RUN   TestBrowserSearchHonoursTopn/negative\n"}
{"Time":"2026-09-20T21:59:59.730361+10:00","Action":"output","Package":"github.com/ollama/ollama/app/tools","Test":"TestBrowserSearchHonoursTopn/negative","Output":"--- PASS: TestBrowserSearchHonoursTopn/negative (0.00s)\n"}
{"Time":"2026-09-20T21:59:59.730375+10:00","Action":"pass","Package":"github.com/ollama/ollama/app/tools","Test":"TestBrowserSearchHonoursTopn/negative","Elapsed":0}
{"Time":"2026-09-20T21:59:59.730386+10:00","Action":"run","Package":"github.com/ollama/ollama/app/tools","Test":"TestBrowserSearchHonoursTopn/above_the_ceiling"}
{"Time":"2026-09-20T21:59:59.730397+10:00","Action":"output","Package":"github.com/ollama/ollama/app/tools","Test":"TestBrowserSearchHonoursTopn/above_the_ceiling","Output":"=== RUN   TestBrowserSearchHonoursTopn/above_the_ceiling\n"}
{"Time":"2026-09-20T21:59:59.730409+10:00","Action":"output","Package":"github.com/ollama/ollama/app/tools","Test":"TestBrowserSearchHonoursTopn/above_the_ceiling","Output":"--- PASS: TestBrowserSearchHonoursTopn/above_the_ceiling (0.00s)\n"}
{"Time":"2026-09-20T21:59:59.73042+10:00","Action":"pass","Package":"github.com/ollama/ollama/app/tools","Test":"TestBrowserSearchHonoursTopn/above_the_ceiling","Elapsed":0}
{"Time":"2026-09-20T21:59:59.730441+10:00","Action":"output","Package":"github.com/ollama/ollama/app/tools","Test":"TestBrowserSearchHonoursTopn","Output":"--- PASS: TestBrowserSearchHonoursTopn (0.00s)\n"}
{"Time":"2026-09-20T21:59:59.730457+10:00","Action":"pass","Package":"github.com/ollama/ollama/app/tools","Test":"TestBrowserSearchHonoursTopn","Elapsed":0}
{"Time":"2026-09-20T21:59:59.730502+10:00","Action":"run","Package":"github.com/ollama/ollama/app/tools","Test":"TestDirectURLsFromText_RejectsChangedToolArgument"}
{"Time":"2026-09-20T21:59:59.730713+10:00","Action":"output","Package":"github.com/ollama/ollama/app/tools","Test":"TestDirectURLsFromText_RejectsChangedToolArgument","Output":"=== RUN   TestDirectURLsFromText_RejectsChangedToolArgument\n"}
{"Time":"2026-09-20T21:59:59.73073+10:00","Action":"output","Package":"github.com/ollama/ollama/app/tools","Test":"TestDirectURLsFromText_RejectsChangedToolArgument","Output":"--- PASS: TestDirectURLsFromText_RejectsChangedToolArgument (0.00s)\n"}
{"Time":"2026-09-20T21:59:59.730743+10:00","Action":"pass","Package":"github.com/ollama/ollama/app/tools","Test":"TestDirectURLsFromText_RejectsChangedToolArgument","Elapsed":0}
{"Time":"2026-09-20T21:59:59.730755+10:00","Action":"run","Package":"github.com/ollama/ollama/app/tools","Test":"TestDirectURLsFromText_ExtractsMarkdownCodeSpanURL"}
{"Time":"2026-09-20T21:59:59.730766+10:00","Action":"output","Package":"github.com/ollama/ollama/app/tools","Test":"TestDirectURLsFromText_ExtractsMarkdownCodeSpanURL","Output":"=== RUN   TestDirectURLsFromText_ExtractsMarkdownCodeSpanURL\n"}
{"Time":"2026-09-20T21:59:59.730779+10:00","Action":"output","Package":"github.com/ollama/ollama/app/tools","Test":"TestDirectURLsFromText_ExtractsMarkdownCodeSpanURL","Output":"--- PASS: TestDirectURLsFromText_ExtractsMarkdownCodeSpanURL (0.00s)\n"}
{"Time":"2026-09-20T21:59:59.730791+10:00","Action":"pass","Package":"github.com/ollama/ollama/app/tools","Test":"TestDirectURLsFromText_ExtractsMarkdownCodeSpanURL","Elapsed":0}
{"Time":"2026-09-20T21:59:59.730802+10:00","Action":"output","Package":"github.com/ollama/ollama/app/tools","Output":"PASS\n"}
{"Time":"2026-09-20T21:59:59.732279+10:00","Action":"output","Package":"github.com/ollama/ollama/app/tools","Output":"ok  \tgithub.com/ollama/ollama/app/tools\t7.844s\n"}
{"Time":"2026-09-20T21:59:59.732364+10:00","Action":"pass","Package":"github.com/ollama/ollama/app/tools","Elapsed":7.845}
{"Time":"2026-09-20T21:59:59.796885+10:00","Action":"output","Package":"github.com/ollama/ollama/app/ui","Test":"TestChatReadIntegrityAcrossProcesses/fault","Output":"    chat_read_errors_test.go:54: phase=fault\n"}
{"Time":"2026-09-20T21:59:59.796953+10:00","Action":"output","Package":"github.com/ollama/ollama/app/ui","Test":"TestChatReadIntegrityAcrossProcesses/fault","Output":"        === RUN   TestChatReadIntegrityAcrossProcesses\n"}
{"Time":"2026-09-20T21:59:59.796975+10:00","Action":"output","Package":"github.com/ollama/ollama/app/ui","Test":"TestChatReadIntegrityAcrossProcesses/fault","Output":"            chat_read_errors_test.go:36: R-03/R-04: http=500 model_requests=0 all_records_unchanged=true\n"}
{"Time":"2026-09-20T21:59:59.796989+10:00","Action":"output","Package":"github.com/ollama/ollama/app/ui","Test":"TestChatReadIntegrityAcrossProcesses/fault","Output":"        CHAT_READ_PHASE=fault\n"}
{"Time":"2026-09-20T21:59:59.797002+10:00","Action":"output","Package":"github.com/ollama/ollama/app/ui","Test":"TestChatReadIntegrityAcrossProcesses/fault","Output":"        --- PASS: TestChatReadIntegrityAcrossProcesses (0.06s)\n"}
{"Time":"2026-09-20T21:59:59.797014+10:00","Action":"output","Package":"github.com/ollama/ollama/app/ui","Test":"TestChatReadIntegrityAcrossProcesses/fault","Output":"        PASS\n"}
{"Time":"2026-09-20T21:59:59.797035+10:00","Action":"output","Package":"github.com/ollama/ollama/app/ui","Test":"TestChatReadIntegrityAcrossProcesses/fault","Output":"--- PASS: TestChatReadIntegrityAcrossProcesses/fault (0.09s)\n"}
{"Time":"2026-09-20T21:59:59.797059+10:00","Action":"pass","Package":"github.com/ollama/ollama/app/ui","Test":"TestChatReadIntegrityAcrossProcesses/fault","Elapsed":0.09}
{"Time":"2026-09-20T21:59:59.797074+10:00","Action":"run","Package":"github.com/ollama/ollama/app/ui","Test":"TestChatReadIntegrityAcrossProcesses/recover"}
{"Time":"2026-09-20T21:59:59.797086+10:00","Action":"output","Package":"github.com/ollama/ollama/app/ui","Test":"TestChatReadIntegrityAcrossProcesses/recover","Output":"=== RUN   TestChatReadIntegrityAcrossProcesses/recover\n"}
{"Time":"2026-09-20T21:59:59.871889+10:00","Action":"output","Package":"github.com/ollama/ollama/app/ui","Test":"TestChatReadIntegrityAcrossProcesses/recover","Output":"    chat_read_errors_test.go:54: phase=recover\n"}
{"Time":"2026-09-20T21:59:59.871964+10:00","Action":"output","Package":"github.com/ollama/ollama/app/ui","Test":"TestChatReadIntegrityAcrossProcesses/recover","Output":"        === RUN   TestChatReadIntegrityAcrossProcesses\n"}
{"Time":"2026-09-20T21:59:59.871979+10:00","Action":"output","Package":"github.com/ollama/ollama/app/ui","Test":"TestChatReadIntegrityAcrossProcesses/recover","Output":"        CHAT_READ_PHASE=recover\n"}
{"Time":"2026-09-20T21:59:59.871992+10:00","Action":"output","Package":"github.com/ollama/ollama/app/ui","Test":"TestChatReadIntegrityAcrossProcesses/recover","Output":"        --- PASS: TestChatReadIntegrityAcrossProcesses (0.06s)\n"}
{"Time":"2026-09-20T21:59:59.872009+10:00","Action":"output","Package":"github.com/ollama/ollama/app/ui","Test":"TestChatReadIntegrityAcrossProcesses/recover","Output":"        PASS\n"}
{"Time":"2026-09-20T21:59:59.872027+10:00","Action":"output","Package":"github.com/ollama/ollama/app/ui","Test":"TestChatReadIntegrityAcrossProcesses/recover","Output":"--- PASS: TestChatReadIntegrityAcrossProcesses/recover (0.07s)\n"}
{"Time":"2026-09-20T21:59:59.872042+10:00","Action":"pass","Package":"github.com/ollama/ollama/app/ui","Test":"TestChatReadIntegrityAcrossProcesses/recover","Elapsed":0.07}
{"Time":"2026-09-20T21:59:59.872065+10:00","Action":"run","Package":"github.com/ollama/ollama/app/ui","Test":"TestChatReadIntegrityAcrossProcesses/positive"}
{"Time":"2026-09-20T21:59:59.872295+10:00","Action":"output","Package":"github.com/ollama/ollama/app/ui","Test":"TestChatReadIntegrityAcrossProcesses/positive","Output":"=== RUN   TestChatReadIntegrityAcrossProcesses/positive\n"}
{"Time":"2026-09-20T21:59:59.945941+10:00","Action":"output","Package":"github.com/ollama/ollama/app/ui","Test":"TestChatReadIntegrityAcrossProcesses/positive","Output":"    chat_read_errors_test.go:54: phase=positive\n"}
{"Time":"2026-09-20T21:59:59.946006+10:00","Action":"output","Package":"github.com/ollama/ollama/app/ui","Test":"TestChatReadIntegrityAcrossProcesses/positive","Output":"        === RUN   TestChatReadIntegrityAcrossProcesses\n"}
{"Time":"2026-09-20T21:59:59.946041+10:00","Action":"output","Package":"github.com/ollama/ollama/app/ui","Test":"TestChatReadIntegrityAcrossProcesses/positive","Output":"        CHAT_READ_PHASE=positive\n"}
{"Time":"2026-09-20T21:59:59.946055+10:00","Action":"output","Package":"github.com/ollama/ollama/app/ui","Test":"TestChatReadIntegrityAcrossProcesses/positive","Output":"        --- PASS: TestChatReadIntegrityAcrossProcesses (0.05s)\n"}
{"Time":"2026-09-20T21:59:59.946086+10:00","Action":"output","Package":"github.com/ollama/ollama/app/ui","Test":"TestChatReadIntegrityAcrossProcesses/positive","Output":"        PASS\n"}
{"Time":"2026-09-20T21:59:59.946121+10:00","Action":"output","Package":"github.com/ollama/ollama/app/ui","Test":"TestChatReadIntegrityAcrossProcesses/positive","Output":"--- PASS: TestChatReadIntegrityAcrossProcesses/positive (0.07s)\n"}
{"Time":"2026-09-20T21:59:59.94614+10:00","Action":"pass","Package":"github.com/ollama/ollama/app/ui","Test":"TestChatReadIntegrityAcrossProcesses/positive","Elapsed":0.07}
{"Time":"2026-09-20T21:59:59.948009+10:00","Action":"output","Package":"github.com/ollama/ollama/app/ui","Test":"TestChatReadIntegrityAcrossProcesses","Output":"--- PASS: TestChatReadIntegrityAcrossProcesses (0.28s)\n"}
{"Time":"2026-09-20T21:59:59.948049+10:00","Action":"pass","Package":"github.com/ollama/ollama/app/ui","Test":"TestChatReadIntegrityAcrossProcesses","Elapsed":0.28}
{"Time":"2026-09-20T21:59:59.948065+10:00","Action":"run","Package":"github.com/ollama/ollama/app/ui","Test":"TestDiscoverRouteReportsAnotherClientsServers"}
{"Time":"2026-09-20T21:59:59.948078+10:00","Action":"output","Package":"github.com/ollama/ollama/app/ui","Test":"TestDiscoverRouteReportsAnotherClientsServers","Output":"=== RUN   TestDiscoverRouteReportsAnotherClientsServers\n"}
{"Time":"2026-09-20T21:59:59.951139+10:00","Action":"output","Package":"github.com/ollama/ollama/app/ui","Test":"TestDiscoverRouteReportsAnotherClientsServers","Output":"2026/09/20 21:59:59 INFO site.serveHTTP http.method=GET http.path=/api/v1/mcp-discover http.pattern=\"GET /api/v1/mcp-discover\" http.status=200 http.d=1.422709ms request_id=1789905599949484000 version=0.0.0\n"}
{"Time":"2026-09-20T21:59:59.953421+10:00","Action":"output","Package":"github.com/ollama/ollama/app/ui","Test":"TestDiscoverRouteReportsAnotherClientsServers","Output":"--- PASS: TestDiscoverRouteReportsAnotherClientsServers (0.01s)\n"}
{"Time":"2026-09-20T21:59:59.953462+10:00","Action":"pass","Package":"github.com/ollama/ollama/app/ui","Test":"TestDiscoverRouteReportsAnotherClientsServers","Elapsed":0.01}
{"Time":"2026-09-20T21:59:59.953495+10:00","Action":"run","Package":"github.com/ollama/ollama/app/ui","Test":"TestDiscoverRouteAddsNothing"}
{"Time":"2026-09-20T21:59:59.953508+10:00","Action":"output","Package":"github.com/ollama/ollama/app/ui","Test":"TestDiscoverRouteAddsNothing","Output":"=== RUN   TestDiscoverRouteAddsNothing\n"}
{"Time":"2026-09-20T21:59:59.955736+10:00","Action":"output","Package":"github.com/ollama/ollama/app/ui","Test":"TestDiscoverRouteAddsNothing","Output":"2026/09/20 21:59:59 INFO site.serveHTTP http.method=GET http.path=/api/v1/mcp-discover http.pattern=\"GET /api/v1/mcp-discover\" http.status=200 http.d=811.083µs request_id=1789905599954876000 version=0.0.0\n"}
{"Time":"2026-09-20T21:59:59.957886+10:00","Action":"output","Package":"github.com/ollama/ollama/app/ui","Test":"TestDiscoverRouteAddsNothing","Output":"--- PASS: TestDiscoverRouteAddsNothing (0.00s)\n"}
{"Time":"2026-09-20T21:59:59.957961+10:00","Action":"pass","Package":"github.com/ollama/ollama/app/ui","Test":"TestDiscoverRouteAddsNothing","Elapsed":0}
{"Time":"2026-09-20T21:59:59.957999+10:00","Action":"run","Package":"github.com/ollama/ollama/app/ui","Test":"TestDiscoverRouteDoesNotHandBackALiteralCredential"}
{"Time":"2026-09-20T21:59:59.95803+10:00","Action":"output","Package":"github.com/ollama/ollama/app/ui","Test":"TestDiscoverRouteDoesNotHandBackALiteralCredential","Output":"=== RUN   TestDiscoverRouteDoesNotHandBackALiteralCredential\n"}
{"Time":"2026-09-20T21:59:59.963254+10:00","Action":"output","Package":"github.com/ollama/ollama/app/ui","Test":"TestDiscoverRouteDoesNotHandBackALiteralCredential","Output":"2026/09/20 21:59:59 INFO site.serveHTTP http.method=GET http.path=/api/v1/mcp-discover http.pattern=\"GET /api/v1/mcp-discover\" http.status=200 http.d=848.25µs request_id=1789905599961322000 version=0.0.0\n"}
{"Time":"2026-09-20T21:59:59.972617+10:00","Action":"output","Package":"github.com/ollama/ollama/app/ui","Test":"TestDiscoverRouteDoesNotHandBackALiteralCredential","Output":"--- PASS: TestDiscoverRouteDoesNotHandBackALiteralCredential (0.01s)\n"}
{"Time":"2026-09-20T21:59:59.972683+10:00","Action":"pass","Package":"github.com/ollama/ollama/app/ui","Test":"TestDiscoverRouteDoesNotHandBackALiteralCredential","Elapsed":0.01}
{"Time":"2026-09-20T21:59:59.972715+10:00","Action":"run","Package":"github.com/ollama/ollama/app/ui","Test":"TestProbeRouteIsAPostAndAnswersWithAList"}
{"Time":"2026-09-20T21:59:59.972738+10:00","Action":"output","Package":"github.com/ollama/ollama/app/ui","Test":"TestProbeRouteIsAPostAndAnswersWithAList","Output":"=== RUN   TestProbeRouteIsAPostAndAnswersWithAList\n"}
{"Time":"2026-09-20T22:00:07.139703+10:00","Action":"output","Package":"github.com/ollama/ollama/app/ui","Test":"TestProbeRouteIsAPostAndAnswersWithAList","Output":"2026/09/20 22:00:07 INFO site.serveHTTP http.method=POST http.path=/api/v1/mcp-probe http.pattern=\"POST /api/v1/mcp-probe\" http.status=200 http.d=7.161245334s request_id=1789905599978424000 version=0.0.0\n"}
{"Time":"2026-09-20T22:00:07.141521+10:00","Action":"output","Package":"github.com/ollama/ollama/app/ui","Test":"TestProbeRouteIsAPostAndAnswersWithAList","Output":"--- PASS: TestProbeRouteIsAPostAndAnswersWithAList (7.17s)\n"}
{"Time":"2026-09-20T22:00:07.1416+10:00","Action":"pass","Package":"github.com/ollama/ollama/app/ui","Test":"TestProbeRouteIsAPostAndAnswersWithAList","Elapsed":7.17}
{"Time":"2026-09-20T22:00:07.141618+10:00","Action":"run","Package":"github.com/ollama/ollama/app/ui","Test":"TestBrowseShowsTheCommandLineAnInstallWouldWrite"}
{"Time":"2026-09-20T22:00:07.141632+10:00","Action":"output","Package":"github.com/ollama/ollama/app/ui","Test":"TestBrowseShowsTheCommandLineAnInstallWouldWrite","Output":"=== RUN   TestBrowseShowsTheCommandLineAnInstallWouldWrite\n"}
{"Time":"2026-09-20T22:00:07.148337+10:00","Action":"output","Package":"github.com/ollama/ollama/app/ui","Test":"TestBrowseShowsTheCommandLineAnInstallWouldWrite","Output":"--- PASS: TestBrowseShowsTheCommandLineAnInstallWouldWrite (0.01s)\n"}
{"Time":"2026-09-20T22:00:07.148416+10:00","Action":"pass","Package":"github.com/ollama/ollama/app/ui","Test":"TestBrowseShowsTheCommandLineAnInstallWouldWrite","Elapsed":0.01}
{"Time":"2026-09-20T22:00:07.148435+10:00","Action":"run","Package":"github.com/ollama/ollama/app/ui","Test":"TestBrowseAlwaysSaysItIsNotVetted"}
{"Time":"2026-09-20T22:00:07.148448+10:00","Action":"output","Package":"github.com/ollama/ollama/app/ui","Test":"TestBrowseAlwaysSaysItIsNotVetted","Output":"=== RUN   TestBrowseAlwaysSaysItIsNotVetted\n"}
{"Time":"2026-09-20T22:00:07.149343+10:00","Action":"output","Package":"github.com/ollama/ollama/app/ui","Test":"TestBrowseAlwaysSaysItIsNotVetted","Output":"--- PASS: TestBrowseAlwaysSaysItIsNotVetted (0.00s)\n"}
{"Time":"2026-09-20T22:00:07.149391+10:00","Action":"pass","Package":"github.com/ollama/ollama/app/ui","Test":"TestBrowseAlwaysSaysItIsNotVetted","Elapsed":0}
{"Time":"2026-09-20T22:00:07.149405+10:00","Action":"run","Package":"github.com/ollama/ollama/app/ui","Test":"TestBrowseReportsEntriesItCannotInstall"}
{"Time":"2026-09-20T22:00:07.149418+10:00","Action":"output","Package":"github.com/ollama/ollama/app/ui","Test":"TestBrowseReportsEntriesItCannotInstall","Output":"=== RUN   TestBrowseReportsEntriesItCannotInstall\n"}
{"Time":"2026-09-20T22:00:07.151942+10:00","Action":"output","Package":"github.com/ollama/ollama/app/ui","Test":"TestBrowseReportsEntriesItCannotInstall","Output":"--- PASS: TestBrowseReportsEntriesItCannotInstall (0.00s)\n"}
{"Time":"2026-09-20T22:00:07.152047+10:00","Action":"pass","Package":"github.com/ollama/ollama/app/ui","Test":"TestBrowseReportsEntriesItCannotInstall","Elapsed":0}
{"Time":"2026-09-20T22:00:07.152066+10:00","Action":"run","Package":"github.com/ollama/ollama/app/ui","Test":"TestBrowsePassesTheCursorThrough"}
{"Time":"2026-09-20T22:00:07.15208+10:00","Action":"output","Package":"github.com/ollama/ollama/app/ui","Test":"TestBrowsePassesTheCursorThrough","Output":"=== RUN   TestBrowsePassesTheCursorThrough\n"}
{"Time":"2026-09-20T22:00:07.154834+10:00","Action":"output","Package":"github.com/ollama/ollama/app/ui","Test":"TestBrowsePassesTheCursorThrough","Output":"--- PASS: TestBrowsePassesTheCursorThrough (0.00s)\n"}
{"Time":"2026-09-20T22:00:07.154902+10:00","Action":"pass","Package":"github.com/ollama/ollama/app/ui","Test":"TestBrowsePassesTheCursorThrough","Elapsed":0}
{"Time":"2026-09-20T22:00:07.154921+10:00","Action":"run","Package":"github.com/ollama/ollama/app/ui","Test":"TestSuggestedNamesAreAlwaysAcceptable"}
{"Time":"2026-09-20T22:00:07.154935+10:00","Action":"output","Package":"github.com/ollama/ollama/app/ui","Test":"TestSuggestedNamesAreAlwaysAcceptable","Output":"=== RUN   TestSuggestedNamesAreAlwaysAcceptable\n"}
{"Time":"2026-09-20T22:00:07.155882+10:00","Action":"output","Package":"github.com/ollama/ollama/app/ui","Test":"TestSuggestedNamesAreAlwaysAcceptable","Output":"--- PASS: TestSuggestedNamesAreAlwaysAcceptable (0.00s)\n"}
{"Time":"2026-09-20T22:00:07.15593+10:00","Action":"pass","Package":"github.com/ollama/ollama/app/ui","Test":"TestSuggestedNamesAreAlwaysAcceptable","Elapsed":0}
{"Time":"2026-09-20T22:00:07.155945+10:00","Action":"run","Package":"github.com/ollama/ollama/app/ui","Test":"TestSuggestedServerName"}
{"Time":"2026-09-20T22:00:07.155958+10:00","Action":"output","Package":"github.com/ollama/ollama/app/ui","Test":"TestSuggestedServerName","Output":"=== RUN   TestSuggestedServerName\n"}
{"Time":"2026-09-20T22:00:07.155971+10:00","Action":"output","Package":"github.com/ollama/ollama/app/ui","Test":"TestSuggestedServerName","Output":"--- PASS: TestSuggestedServerName (0.00s)\n"}
{"Time":"2026-09-20T22:00:07.155984+10:00","Action":"pass","Package":"github.com/ollama/ollama/app/ui","Test":"TestSuggestedServerName","Elapsed":0}
{"Time":"2026-09-20T22:00:07.155998+10:00","Action":"run","Package":"github.com/ollama/ollama/app/ui","Test":"TestResolveOneEntry"}
{"Time":"2026-09-20T22:00:07.156034+10:00","Action":"output","Package":"github.com/ollama/ollama/app/ui","Test":"TestResolveOneEntry","Output":"=== RUN   TestResolveOneEntry\n"}
{"Time":"2026-09-20T22:00:07.156047+10:00","Action":"run","Package":"github.com/ollama/ollama/app/ui","Test":"TestResolveOneEntry/returns_what_an_install_would_write"}
{"Time":"2026-09-20T22:00:07.156058+10:00","Action":"output","Package":"github.com/ollama/ollama/app/ui","Test":"TestResolveOneEntry/returns_what_an_install_would_write","Output":"=== RUN   TestResolveOneEntry/returns_what_an_install_would_write\n"}
{"Time":"2026-09-20T22:00:07.156714+10:00","Action":"output","Package":"github.com/ollama/ollama/app/ui","Test":"TestResolveOneEntry/returns_what_an_install_would_write","Output":"--- PASS: TestResolveOneEntry/returns_what_an_install_would_write (0.00s)\n"}
{"Time":"2026-09-20T22:00:07.156781+10:00","Action":"pass","Package":"github.com/ollama/ollama/app/ui","Test":"TestResolveOneEntry/returns_what_an_install_would_write","Elapsed":0}
{"Time":"2026-09-20T22:00:07.156795+10:00","Action":"run","Package":"github.com/ollama/ollama/app/ui","Test":"TestResolveOneEntry/refuses_an_entry_that_is_no_longer_listed"}
{"Time":"2026-09-20T22:00:07.156814+10:00","Action":"output","Package":"github.com/ollama/ollama/app/ui","Test":"TestResolveOneEntry/refuses_an_entry_that_is_no_longer_listed","Output":"=== RUN   TestResolveOneEntry/refuses_an_entry_that_is_no_longer_listed\n"}
{"Time":"2026-09-20T22:00:07.157139+10:00","Action":"output","Package":"github.com/ollama/ollama/app/ui","Test":"TestResolveOneEntry/refuses_an_entry_that_is_no_longer_listed","Output":"--- PASS: TestResolveOneEntry/refuses_an_entry_that_is_no_longer_listed (0.00s)\n"}
{"Time":"2026-09-20T22:00:07.157172+10:00","Action":"pass","Package":"github.com/ollama/ollama/app/ui","Test":"TestResolveOneEntry/refuses_an_entry_that_is_no_longer_listed","Elapsed":0}
{"Time":"2026-09-20T22:00:07.157188+10:00","Action":"run","Package":"github.com/ollama/ollama/app/ui","Test":"TestResolveOneEntry/requires_a_name"}
{"Time":"2026-09-20T22:00:07.1572+10:00","Action":"output","Package":"github.com/ollama/ollama/app/ui","Test":"TestResolveOneEntry/requires_a_name","Output":"=== RUN   TestResolveOneEntry/requires_a_name\n"}
{"Time":"2026-09-20T22:00:07.157213+10:00","Action":"output","Package":"github.com/ollama/ollama/app/ui","Test":"TestResolveOneEntry/requires_a_name","Output":"--- PASS: TestResolveOneEntry/requires_a_name (0.00s)\n"}
{"Time":"2026-09-20T22:00:07.157225+10:00","Action":"pass","Package":"github.com/ollama/ollama/app/ui","Test":"TestResolveOneEntry/requires_a_name","Elapsed":0}
{"Time":"2026-09-20T22:00:07.15729+10:00","Action":"output","Package":"github.com/ollama/ollama/app/ui","Test":"TestResolveOneEntry","Output":"--- PASS: TestResolveOneEntry (0.00s)\n"}
{"Time":"2026-09-20T22:00:07.157321+10:00","Action":"pass","Package":"github.com/ollama/ollama/app/ui","Test":"TestResolveOneEntry","Elapsed":0}
{"Time":"2026-09-20T22:00:07.157341+10:00","Action":"run","Package":"github.com/ollama/ollama/app/ui","Test":"TestBrowseReportsAnUnreachableRegistry"}
{"Time":"2026-09-20T22:00:07.157379+10:00","Action":"output","Package":"github.com/ollama/ollama/app/ui","Test":"TestBrowseReportsAnUnreachableRegistry","Output":"=== RUN   TestBrowseReportsAnUnreachableRegistry\n"}
{"Time":"2026-09-20T22:00:07.157638+10:00","Action":"output","Package":"github.com/ollama/ollama/app/ui","Test":"TestBrowseReportsAnUnreachableRegistry","Output":"--- PASS: TestBrowseReportsAnUnreachableRegistry (0.00s)\n"}
{"Time":"2026-09-20T22:00:07.157664+10:00","Action":"pass","Package":"github.com/ollama/ollama/app/ui","Test":"TestBrowseReportsAnUnreachableRegistry","Elapsed":0}
{"Time":"2026-09-20T22:00:07.157681+10:00","Action":"run","Package":"github.com/ollama/ollama/app/ui","Test":"TestSignInRouteStillNeedsApproval"}
{"Time":"2026-09-20T22:00:07.157696+10:00","Action":"output","Package":"github.com/ollama/ollama/app/ui","Test":"TestSignInRouteStillNeedsApproval","Output":"=== RUN   TestSignInRouteStillNeedsApproval\n"}
{"Time":"2026-09-20T22:00:07.166636+10:00","Action":"output","Package":"github.com/ollama/ollama/app/ui","Test":"TestSignInRouteStillNeedsApproval","Output":"--- PASS: TestSignInRouteStillNeedsApproval (0.01s)\n"}
{"Time":"2026-09-20T22:00:07.167123+10:00","Action":"pass","Package":"github.com/ollama/ollama/app/ui","Test":"TestSignInRouteStillNeedsApproval","Elapsed":0.01}
{"Time":"2026-09-20T22:00:07.167202+10:00","Action":"run","Package":"github.com/ollama/ollama/app/ui","Test":"TestSignInRouteRefusesALocalServer"}
{"Time":"2026-09-20T22:00:07.167223+10:00","Action":"output","Package":"github.com/ollama/ollama/app/ui","Test":"TestSignInRouteRefusesALocalServer","Output":"=== RUN   TestSignInRouteRefusesALocalServer\n"}
{"Time":"2026-09-20T22:00:07.176138+10:00","Action":"output","Package":"github.com/ollama/ollama/app/ui","Test":"TestSignInRouteRefusesALocalServer","Output":"--- PASS: TestSignInRouteRefusesALocalServer (0.01s)\n"}
{"Time":"2026-09-20T22:00:07.176205+10:00","Action":"pass","Package":"github.com/ollama/ollama/app/ui","Test":"TestSignInRouteRefusesALocalServer","Elapsed":0.01}
{"Time":"2026-09-20T22:00:07.176237+10:00","Action":"run","Package":"github.com/ollama/ollama/app/ui","Test":"TestSignInRouteRefusesAnUnknownServer"}
{"Time":"2026-09-20T22:00:07.176261+10:00","Action":"output","Package":"github.com/ollama/ollama/app/ui","Test":"TestSignInRouteRefusesAnUnknownServer","Output":"=== RUN   TestSignInRouteRefusesAnUnknownServer\n"}
{"Time":"2026-09-20T22:00:07.178173+10:00","Action":"output","Package":"github.com/ollama/ollama/app/ui","Test":"TestSignInRouteRefusesAnUnknownServer","Output":"--- PASS: TestSignInRouteRefusesAnUnknownServer (0.00s)\n"}
{"Time":"2026-09-20T22:00:07.178217+10:00","Action":"pass","Package":"github.com/ollama/ollama/app/ui","Test":"TestSignInRouteRefusesAnUnknownServer","Elapsed":0}
{"Time":"2026-09-20T22:00:07.178233+10:00","Action":"run","Package":"github.com/ollama/ollama/app/ui","Test":"TestTheListSaysWhereACredentialWouldGo"}
{"Time":"2026-09-20T22:00:07.178246+10:00","Action":"output","Package":"github.com/ollama/ollama/app/ui","Test":"TestTheListSaysWhereACredentialWouldGo","Output":"=== RUN   TestTheListSaysWhereACredentialWouldGo\n"}
{"Time":"2026-09-20T22:00:07.204435+10:00","Action":"output","Package":"github.com/ollama/ollama/app/ui","Test":"TestTheListSaysWhereACredentialWouldGo","Output":"--- PASS: TestTheListSaysWhereACredentialWouldGo (0.03s)\n"}
{"Time":"2026-09-20T22:00:07.204509+10:00","Action":"pass","Package":"github.com/ollama/ollama/app/ui","Test":"TestTheListSaysWhereACredentialWouldGo","Elapsed":0.03}
{"Time":"2026-09-20T22:00:07.204535+10:00","Action":"run","Package":"github.com/ollama/ollama/app/ui","Test":"TestTheListReportsAStoredSignIn"}
{"Time":"2026-09-20T22:00:07.204559+10:00","Action":"output","Package":"github.com/ollama/ollama/app/ui","Test":"TestTheListReportsAStoredSignIn","Output":"=== RUN   TestTheListReportsAStoredSignIn\n"}
{"Time":"2026-09-20T22:00:07.225636+10:00","Action":"output","Package":"github.com/ollama/ollama/app/ui","Test":"TestTheListReportsAStoredSignIn","Output":"--- PASS: TestTheListReportsAStoredSignIn (0.02s)\n"}
{"Time":"2026-09-20T22:00:07.225706+10:00","Action":"pass","Package":"github.com/ollama/ollama/app/ui","Test":"TestTheListReportsAStoredSignIn","Elapsed":0.02}
{"Time":"2026-09-20T22:00:07.225739+10:00","Action":"run","Package":"github.com/ollama/ollama/app/ui","Test":"TestSignOutRouteForgetsTheTokenAndSaysWhatFailed"}
{"Time":"2026-09-20T22:00:07.225763+10:00","Action":"output","Package":"github.com/ollama/ollama/app/ui","Test":"TestSignOutRouteForgetsTheTokenAndSaysWhatFailed","Output":"=== RUN   TestSignOutRouteForgetsTheTokenAndSaysWhatFailed\n"}
{"Time":"2026-09-20T22:00:07.25127+10:00","Action":"output","Package":"github.com/ollama/ollama/app/ui","Test":"TestSignOutRouteForgetsTheTokenAndSaysWhatFailed","Output":"2026/09/20 22:00:07 WARN mcp token could not be revoked at the server server=hosted error=\"GetProtectedResourceMetadata(\\\"http://127.0.0.1:51288/.well-known/oauth-protected-resource/mcp\\\"): bad status 404\\nGetProtectedResourceMetadata(\\\"http://127.0.0.1:51288/.well-known/oauth-protected-resource\\\"): bad status 404\"\n"}
{"Time":"2026-09-20T22:00:07.254042+10:00","Action":"output","Package":"github.com/ollama/ollama/app/ui","Test":"TestSignOutRouteForgetsTheTokenAndSaysWhatFailed","Output":"--- PASS: TestSignOutRouteForgetsTheTokenAndSaysWhatFailed (0.03s)\n"}
{"Time":"2026-09-20T22:00:07.254086+10:00","Action":"pass","Package":"github.com/ollama/ollama/app/ui","Test":"TestSignOutRouteForgetsTheTokenAndSaysWhatFailed","Elapsed":0.03}
{"Time":"2026-09-20T22:00:07.254105+10:00","Action":"run","Package":"github.com/ollama/ollama/app/ui","Test":"TestSignOutOfAServerNeverSignedIn"}
{"Time":"2026-09-20T22:00:07.254119+10:00","Action":"output","Package":"github.com/ollama/ollama/app/ui","Test":"TestSignOutOfAServerNeverSignedIn","Output":"=== RUN   TestSignOutOfAServerNeverSignedIn\n"}
{"Time":"2026-09-20T22:00:07.267988+10:00","Action":"output","Package":"github.com/ollama/ollama/app/ui","Test":"TestSignOutOfAServerNeverSignedIn","Output":"--- PASS: TestSignOutOfAServerNeverSignedIn (0.01s)\n"}
{"Time":"2026-09-20T22:00:07.268057+10:00","Action":"pass","Package":"github.com/ollama/ollama/app/ui","Test":"TestSignOutOfAServerNeverSignedIn","Elapsed":0.01}
{"Time":"2026-09-20T22:00:07.268076+10:00","Action":"run","Package":"github.com/ollama/ollama/app/ui","Test":"TestSignInRoutesAreRegistered"}
{"Time":"2026-09-20T22:00:07.268093+10:00","Action":"output","Package":"github.com/ollama/ollama/app/ui","Test":"TestSignInRoutesAreRegistered","Output":"=== RUN   TestSignInRoutesAreRegistered\n"}
{"Time":"2026-09-20T22:00:07.275281+10:00","Action":"output","Package":"github.com/ollama/ollama/app/ui","Test":"TestSignInRoutesAreRegistered","Output":"--- PASS: TestSignInRoutesAreRegistered (0.01s)\n"}
{"Time":"2026-09-20T22:00:07.275359+10:00","Action":"pass","Package":"github.com/ollama/ollama/app/ui","Test":"TestSignInRoutesAreRegistered","Elapsed":0.01}
{"Time":"2026-09-20T22:00:07.275421+10:00","Action":"run","Package":"github.com/ollama/ollama/app/ui","Test":"TestTheListCarriesWhatAConfigurationCosts"}
{"Time":"2026-09-20T22:00:07.275462+10:00","Action":"output","Package":"github.com/ollama/ollama/app/ui","Test":"TestTheListCarriesWhatAConfigurationCosts","Output":"=== RUN   TestTheListCarriesWhatAConfigurationCosts\n"}
{"Time":"2026-09-20T22:00:07.285154+10:00","Action":"output","Package":"github.com/ollama/ollama/app/ui","Test":"TestTheListCarriesWhatAConfigurationCosts","Output":"--- PASS: TestTheListCarriesWhatAConfigurationCosts (0.01s)\n"}
{"Time":"2026-09-20T22:00:07.285639+10:00","Action":"pass","Package":"github.com/ollama/ollama/app/ui","Test":"TestTheListCarriesWhatAConfigurationCosts","Elapsed":0.01}
{"Time":"2026-09-20T22:00:07.285698+10:00","Action":"run","Package":"github.com/ollama/ollama/app/ui","Test":"TestMCPAPIAddDoesNotApprove"}
{"Time":"2026-09-20T22:00:07.285717+10:00","Action":"output","Package":"github.com/ollama/ollama/app/ui","Test":"TestMCPAPIAddDoesNotApprove","Output":"=== RUN   TestMCPAPIAddDoesNotApprove\n"}
{"Time":"2026-09-20T22:00:07.293646+10:00","Action":"output","Package":"github.com/ollama/ollama/app/ui","Test":"TestMCPAPIAddDoesNotApprove","Output":"--- PASS: TestMCPAPIAddDoesNotApprove (0.01s)\n"}
{"Time":"2026-09-20T22:00:07.29372+10:00","Action":"pass","Package":"github.com/ollama/ollama/app/ui","Test":"TestMCPAPIAddDoesNotApprove","Elapsed":0.01}
{"Time":"2026-09-20T22:00:07.293758+10:00","Action":"run","Package":"github.com/ollama/ollama/app/ui","Test":"TestMCPAPIAddRefusesWhatCouldNeverRun"}
{"Time":"2026-09-20T22:00:07.293788+10:00","Action":"output","Package":"github.com/ollama/ollama/app/ui","Test":"TestMCPAPIAddRefusesWhatCouldNeverRun","Output":"=== RUN   TestMCPAPIAddRefusesWhatCouldNeverRun\n"}
{"Time":"2026-09-20T22:00:07.294147+10:00","Action":"run","Package":"github.com/ollama/ollama/app/ui","Test":"TestMCPAPIAddRefusesWhatCouldNeverRun/no_command_and_no_url"}
{"Time":"2026-09-20T22:00:07.29418+10:00","Action":"output","Package":"github.com/ollama/ollama/app/ui","Test":"TestMCPAPIAddRefusesWhatCouldNeverRun/no_command_and_no_url","Output":"=== RUN   TestMCPAPIAddRefusesWhatCouldNeverRun/no_command_and_no_url\n"}
{"Time":"2026-09-20T22:00:07.294257+10:00","Action":"output","Package":"github.com/ollama/ollama/app/ui","Test":"TestMCPAPIAddRefusesWhatCouldNeverRun/no_command_and_no_url","Output":"--- PASS: TestMCPAPIAddRefusesWhatCouldNeverRun/no_command_and_no_url (0.00s)\n"}
{"Time":"2026-09-20T22:00:07.294288+10:00","Action":"pass","Package":"github.com/ollama/ollama/app/ui","Test":"TestMCPAPIAddRefusesWhatCouldNeverRun/no_command_and_no_url","Elapsed":0}
{"Time":"2026-09-20T22:00:07.294305+10:00","Action":"run","Package":"github.com/ollama/ollama/app/ui","Test":"TestMCPAPIAddRefusesWhatCouldNeverRun/plain_http_to_a_remote_host"}
{"Time":"2026-09-20T22:00:07.294318+10:00","Action":"output","Package":"github.com/ollama/ollama/app/ui","Test":"TestMCPAPIAddRefusesWhatCouldNeverRun/plain_http_to_a_remote_host","Output":"=== RUN   TestMCPAPIAddRefusesWhatCouldNeverRun/plain_http_to_a_remote_host\n"}
{"Time":"2026-09-20T22:00:07.294333+10:00","Action":"output","Package":"github.com/ollama/ollama/app/ui","Test":"TestMCPAPIAddRefusesWhatCouldNeverRun/plain_http_to_a_remote_host","Output":"--- PASS: TestMCPAPIAddRefusesWhatCouldNeverRun/plain_http_to_a_remote_host (0.00s)\n"}
{"Time":"2026-09-20T22:00:07.294364+10:00","Action":"pass","Package":"github.com/ollama/ollama/app/ui","Test":"TestMCPAPIAddRefusesWhatCouldNeverRun/plain_http_to_a_remote_host","Elapsed":0}
{"Time":"2026-09-20T22:00:07.294383+10:00","Action":"run","Package":"github.com/ollama/ollama/app/ui","Test":"TestMCPAPIAddRefusesWhatCouldNeverRun/a_literal_credential"}
{"Time":"2026-09-20T22:00:07.294396+10:00","Action":"output","Package":"github.com/ollama/ollama/app/ui","Test":"TestMCPAPIAddRefusesWhatCouldNeverRun/a_literal_credential","Output":"=== RUN   TestMCPAPIAddRefusesWhatCouldNeverRun/a_literal_credential\n"}
{"Time":"2026-09-20T22:00:07.294565+10:00","Action":"output","Package":"github.com/ollama/ollama/app/ui","Test":"TestMCPAPIAddRefusesWhatCouldNeverRun/a_literal_credential","Output":"--- PASS: TestMCPAPIAddRefusesWhatCouldNeverRun/a_literal_credential (0.00s)\n"}
{"Time":"2026-09-20T22:00:07.294594+10:00","Action":"pass","Package":"github.com/ollama/ollama/app/ui","Test":"TestMCPAPIAddRefusesWhatCouldNeverRun/a_literal_credential","Elapsed":0}
{"Time":"2026-09-20T22:00:07.294608+10:00","Action":"run","Package":"github.com/ollama/ollama/app/ui","Test":"TestMCPAPIAddRefusesWhatCouldNeverRun/a_name_that_breaks_namespacing"}
{"Time":"2026-09-20T22:00:07.29462+10:00","Action":"output","Package":"github.com/ollama/ollama/app/ui","Test":"TestMCPAPIAddRefusesWhatCouldNeverRun/a_name_that_breaks_namespacing","Output":"=== RUN   TestMCPAPIAddRefusesWhatCouldNeverRun/a_name_that_breaks_namespacing\n"}
{"Time":"2026-09-20T22:00:07.294634+10:00","Action":"output","Package":"github.com/ollama/ollama/app/ui","Test":"TestMCPAPIAddRefusesWhatCouldNeverRun/a_name_that_breaks_namespacing","Output":"--- PASS: TestMCPAPIAddRefusesWhatCouldNeverRun/a_name_that_breaks_namespacing (0.00s)\n"}
{"Time":"2026-09-20T22:00:07.294647+10:00","Action":"pass","Package":"github.com/ollama/ollama/app/ui","Test":"TestMCPAPIAddRefusesWhatCouldNeverRun/a_name_that_breaks_namespacing","Elapsed":0}
{"Time":"2026-09-20T22:00:07.294659+10:00","Action":"run","Package":"github.com/ollama/ollama/app/ui","Test":"TestMCPAPIAddRefusesWhatCouldNeverRun/no_name_at_all"}
{"Time":"2026-09-20T22:00:07.29467+10:00","Action":"output","Package":"github.com/ollama/ollama/app/ui","Test":"TestMCPAPIAddRefusesWhatCouldNeverRun/no_name_at_all","Output":"=== RUN   TestMCPAPIAddRefusesWhatCouldNeverRun/no_name_at_all\n"}
{"Time":"2026-09-20T22:00:07.294693+10:00","Action":"output","Package":"github.com/ollama/ollama/app/ui","Test":"TestMCPAPIAddRefusesWhatCouldNeverRun/no_name_at_all","Output":"--- PASS: TestMCPAPIAddRefusesWhatCouldNeverRun/no_name_at_all (0.00s)\n"}
{"Time":"2026-09-20T22:00:07.294705+10:00","Action":"pass","Package":"github.com/ollama/ollama/app/ui","Test":"TestMCPAPIAddRefusesWhatCouldNeverRun/no_name_at_all","Elapsed":0}
{"Time":"2026-09-20T22:00:07.295467+10:00","Action":"output","Package":"github.com/ollama/ollama/app/ui","Test":"TestMCPAPIAddRefusesWhatCouldNeverRun","Output":"--- PASS: TestMCPAPIAddRefusesWhatCouldNeverRun (0.00s)\n"}
{"Time":"2026-09-20T22:00:07.295513+10:00","Action":"pass","Package":"github.com/ollama/ollama/app/ui","Test":"TestMCPAPIAddRefusesWhatCouldNeverRun","Elapsed":0}
{"Time":"2026-09-20T22:00:07.295528+10:00","Action":"run","Package":"github.com/ollama/ollama/app/ui","Test":"TestMCPAPIAddRefusesADuplicate"}
{"Time":"2026-09-20T22:00:07.295541+10:00","Action":"output","Package":"github.com/ollama/ollama/app/ui","Test":"TestMCPAPIAddRefusesADuplicate","Output":"=== RUN   TestMCPAPIAddRefusesADuplicate\n"}
{"Time":"2026-09-20T22:00:07.302442+10:00","Action":"output","Package":"github.com/ollama/ollama/app/ui","Test":"TestMCPAPIAddRefusesADuplicate","Output":"--- PASS: TestMCPAPIAddRefusesADuplicate (0.01s)\n"}
{"Time":"2026-09-20T22:00:07.302535+10:00","Action":"pass","Package":"github.com/ollama/ollama/app/ui","Test":"TestMCPAPIAddRefusesADuplicate","Elapsed":0.01}
{"Time":"2026-09-20T22:00:07.302567+10:00","Action":"run","Package":"github.com/ollama/ollama/app/ui","Test":"TestMCPAPIApproveConnectsTheServer"}
{"Time":"2026-09-20T22:00:07.302584+10:00","Action":"output","Package":"github.com/ollama/ollama/app/ui","Test":"TestMCPAPIApproveConnectsTheServer","Output":"=== RUN   TestMCPAPIApproveConnectsTheServer\n"}
{"Time":"2026-09-20T22:00:08.155538+10:00","Action":"output","Package":"github.com/ollama/ollama/app/ui","Test":"TestMCPAPIApproveConnectsTheServer","Output":"--- PASS: TestMCPAPIApproveConnectsTheServer (0.85s)\n"}
{"Time":"2026-09-20T22:00:08.15562+10:00","Action":"pass","Package":"github.com/ollama/ollama/app/ui","Test":"TestMCPAPIApproveConnectsTheServer","Elapsed":0.85}
{"Time":"2026-09-20T22:00:08.155648+10:00","Action":"run","Package":"github.com/ollama/ollama/app/ui","Test":"TestMCPAPIApproveRefusesWhatTheUserDidNotSee"}
{"Time":"2026-09-20T22:00:08.155662+10:00","Action":"output","Package":"github.com/ollama/ollama/app/ui","Test":"TestMCPAPIApproveRefusesWhatTheUserDidNotSee","Output":"=== RUN   TestMCPAPIApproveRefusesWhatTheUserDidNotSee\n"}
{"Time":"2026-09-20T22:00:08.169896+10:00","Action":"output","Package":"github.com/ollama/ollama/app/ui","Test":"TestMCPAPIApproveRefusesWhatTheUserDidNotSee","Output":"--- PASS: TestMCPAPIApproveRefusesWhatTheUserDidNotSee (0.01s)\n"}
{"Time":"2026-09-20T22:00:08.169952+10:00","Action":"pass","Package":"github.com/ollama/ollama/app/ui","Test":"TestMCPAPIApproveRefusesWhatTheUserDidNotSee","Elapsed":0.01}
{"Time":"2026-09-20T22:00:08.169977+10:00","Action":"run","Package":"github.com/ollama/ollama/app/ui","Test":"TestMCPAPIListShowsWhatChangedSinceApproval"}
{"Time":"2026-09-20T22:00:08.169993+10:00","Action":"output","Package":"github.com/ollama/ollama/app/ui","Test":"TestMCPAPIListShowsWhatChangedSinceApproval","Output":"=== RUN   TestMCPAPIListShowsWhatChangedSinceApproval\n"}
{"Time":"2026-09-20T22:00:15.161004+10:00","Action":"output","Package":"github.com/ollama/ollama/app/ui","Test":"TestMCPAPIListShowsWhatChangedSinceApproval","Output":"   Building a==1.0\n"}
{"Time":"2026-09-20T22:00:15.718873+10:00","Action":"output","Package":"github.com/ollama/ollama/app/ui","Test":"TestMCPAPIListShowsWhatChangedSinceApproval","Output":"      Built a==1.0\n"}
{"Time":"2026-09-20T22:00:15.728316+10:00","Action":"output","Package":"github.com/ollama/ollama/app/ui","Test":"TestMCPAPIListShowsWhatChangedSinceApproval","Output":"Installed 1 package in 4ms\n"}
{"Time":"2026-09-20T22:00:15.962878+10:00","Action":"output","Package":"github.com/ollama/ollama/app/ui","Test":"TestMCPAPIListShowsWhatChangedSinceApproval","Output":"Package `a` does not provide any executables.\n"}
{"Time":"2026-09-20T22:00:15.966998+10:00","Action":"output","Package":"github.com/ollama/ollama/app/ui","Test":"TestMCPAPIListShowsWhatChangedSinceApproval","Output":"2026/09/20 22:00:15 WARN mcp server unavailable server=files error=\"connect: connection closed: calling \\\"initialize\\\": client is closing: EOF\"\n"}
{"Time":"2026-09-20T22:00:15.978616+10:00","Action":"output","Package":"github.com/ollama/ollama/app/ui","Test":"TestMCPAPIListShowsWhatChangedSinceApproval","Output":"--- PASS: TestMCPAPIListShowsWhatChangedSinceApproval (7.81s)\n"}
{"Time":"2026-09-20T22:00:15.978664+10:00","Action":"pass","Package":"github.com/ollama/ollama/app/ui","Test":"TestMCPAPIListShowsWhatChangedSinceApproval","Elapsed":7.81}
{"Time":"2026-09-20T22:00:15.978703+10:00","Action":"run","Package":"github.com/ollama/ollama/app/ui","Test":"TestMCPAPIEnableAndDisable"}
{"Time":"2026-09-20T22:00:15.978716+10:00","Action":"output","Package":"github.com/ollama/ollama/app/ui","Test":"TestMCPAPIEnableAndDisable","Output":"=== RUN   TestMCPAPIEnableAndDisable\n"}
{"Time":"2026-09-20T22:00:16.87848+10:00","Action":"output","Package":"github.com/ollama/ollama/app/ui","Test":"TestMCPAPIEnableAndDisable","Output":"--- PASS: TestMCPAPIEnableAndDisable (0.90s)\n"}
{"Time":"2026-09-20T22:00:16.878537+10:00","Action":"pass","Package":"github.com/ollama/ollama/app/ui","Test":"TestMCPAPIEnableAndDisable","Elapsed":0.9}
{"Time":"2026-09-20T22:00:16.878557+10:00","Action":"run","Package":"github.com/ollama/ollama/app/ui","Test":"TestMCPAPIDeleteDropsTheApprovalToo"}
{"Time":"2026-09-20T22:00:16.878588+10:00","Action":"output","Package":"github.com/ollama/ollama/app/ui","Test":"TestMCPAPIDeleteDropsTheApprovalToo","Output":"=== RUN   TestMCPAPIDeleteDropsTheApprovalToo\n"}
{"Time":"2026-09-20T22:00:16.928676+10:00","Action":"output","Package":"github.com/ollama/ollama/app/ui","Test":"TestMCPAPIDeleteDropsTheApprovalToo","Output":"2026/09/20 22:00:16 WARN mcp server unavailable server=files error=\"connect: connection closed: calling \\\"initialize\\\": client is closing: invalid character 'P' looking for beginning of value\"\n"}
{"Time":"2026-09-20T22:00:16.944454+10:00","Action":"output","Package":"github.com/ollama/ollama/app/ui","Test":"TestMCPAPIDeleteDropsTheApprovalToo","Output":"--- PASS: TestMCPAPIDeleteDropsTheApprovalToo (0.07s)\n"}
{"Time":"2026-09-20T22:00:16.944506+10:00","Action":"pass","Package":"github.com/ollama/ollama/app/ui","Test":"TestMCPAPIDeleteDropsTheApprovalToo","Elapsed":0.07}
{"Time":"2026-09-20T22:00:16.944525+10:00","Action":"run","Package":"github.com/ollama/ollama/app/ui","Test":"TestMCPAPIRefusesUnknownServers"}
{"Time":"2026-09-20T22:00:16.944538+10:00","Action":"output","Package":"github.com/ollama/ollama/app/ui","Test":"TestMCPAPIRefusesUnknownServers","Output":"=== RUN   TestMCPAPIRefusesUnknownServers\n"}
{"Time":"2026-09-20T22:00:16.944752+10:00","Action":"run","Package":"github.com/ollama/ollama/app/ui","Test":"TestMCPAPIRefusesUnknownServers/update"}
{"Time":"2026-09-20T22:00:16.944773+10:00","Action":"output","Package":"github.com/ollama/ollama/app/ui","Test":"TestMCPAPIRefusesUnknownServers/update","Output":"=== RUN   TestMCPAPIRefusesUnknownServers/update\n"}
{"Time":"2026-09-20T22:00:16.944839+10:00","Action":"output","Package":"github.com/ollama/ollama/app/ui","Test":"TestMCPAPIRefusesUnknownServers/update","Output":"--- PASS: TestMCPAPIRefusesUnknownServers/update (0.00s)\n"}
{"Time":"2026-09-20T22:00:16.944857+10:00","Action":"pass","Package":"github.com/ollama/ollama/app/ui","Test":"TestMCPAPIRefusesUnknownServers/update","Elapsed":0}
{"Time":"2026-09-20T22:00:16.944869+10:00","Action":"run","Package":"github.com/ollama/ollama/app/ui","Test":"TestMCPAPIRefusesUnknownServers/approve"}
{"Time":"2026-09-20T22:00:16.944881+10:00","Action":"output","Package":"github.com/ollama/ollama/app/ui","Test":"TestMCPAPIRefusesUnknownServers/approve","Output":"=== RUN   TestMCPAPIRefusesUnknownServers/approve\n"}
{"Time":"2026-09-20T22:00:16.944895+10:00","Action":"output","Package":"github.com/ollama/ollama/app/ui","Test":"TestMCPAPIRefusesUnknownServers/approve","Output":"--- PASS: TestMCPAPIRefusesUnknownServers/approve (0.00s)\n"}
{"Time":"2026-09-20T22:00:16.944907+10:00","Action":"pass","Package":"github.com/ollama/ollama/app/ui","Test":"TestMCPAPIRefusesUnknownServers/approve","Elapsed":0}
{"Time":"2026-09-20T22:00:16.944918+10:00","Action":"run","Package":"github.com/ollama/ollama/app/ui","Test":"TestMCPAPIRefusesUnknownServers/delete"}
{"Time":"2026-09-20T22:00:16.94493+10:00","Action":"output","Package":"github.com/ollama/ollama/app/ui","Test":"TestMCPAPIRefusesUnknownServers/delete","Output":"=== RUN   TestMCPAPIRefusesUnknownServers/delete\n"}
{"Time":"2026-09-20T22:00:16.944944+10:00","Action":"output","Package":"github.com/ollama/ollama/app/ui","Test":"TestMCPAPIRefusesUnknownServers/delete","Output":"--- PASS: TestMCPAPIRefusesUnknownServers/delete (0.00s)\n"}
{"Time":"2026-09-20T22:00:16.944956+10:00","Action":"pass","Package":"github.com/ollama/ollama/app/ui","Test":"TestMCPAPIRefusesUnknownServers/delete","Elapsed":0}
{"Time":"2026-09-20T22:00:16.945612+10:00","Action":"output","Package":"github.com/ollama/ollama/app/ui","Test":"TestMCPAPIRefusesUnknownServers","Output":"--- PASS: TestMCPAPIRefusesUnknownServers (0.00s)\n"}
{"Time":"2026-09-20T22:00:16.945667+10:00","Action":"pass","Package":"github.com/ollama/ollama/app/ui","Test":"TestMCPAPIRefusesUnknownServers","Elapsed":0}
{"Time":"2026-09-20T22:00:16.945689+10:00","Action":"run","Package":"github.com/ollama/ollama/app/ui","Test":"TestMCPAPIListWithNothingConfigured"}
{"Time":"2026-09-20T22:00:16.945702+10:00","Action":"output","Package":"github.com/ollama/ollama/app/ui","Test":"TestMCPAPIListWithNothingConfigured","Output":"=== RUN   TestMCPAPIListWithNothingConfigured\n"}
{"Time":"2026-09-20T22:00:16.946589+10:00","Action":"output","Package":"github.com/ollama/ollama/app/ui","Test":"TestMCPAPIListWithNothingConfigured","Output":"--- PASS: TestMCPAPIListWithNothingConfigured (0.00s)\n"}
{"Time":"2026-09-20T22:00:16.946634+10:00","Action":"pass","Package":"github.com/ollama/ollama/app/ui","Test":"TestMCPAPIListWithNothingConfigured","Elapsed":0}
{"Time":"2026-09-20T22:00:16.946656+10:00","Action":"run","Package":"github.com/ollama/ollama/app/ui","Test":"TestMCPAPIListDoesNotStartAnything"}
{"Time":"2026-09-20T22:00:16.946668+10:00","Action":"output","Package":"github.com/ollama/ollama/app/ui","Test":"TestMCPAPIListDoesNotStartAnything","Output":"=== RUN   TestMCPAPIListDoesNotStartAnything\n"}
{"Time":"2026-09-20T22:00:17.346706+10:00","Action":"output","Package":"github.com/ollama/ollama/app/ui","Test":"TestMCPAPIListDoesNotStartAnything","Output":"--- PASS: TestMCPAPIListDoesNotStartAnything (0.40s)\n"}
{"Time":"2026-09-20T22:00:17.346769+10:00","Action":"pass","Package":"github.com/ollama/ollama/app/ui","Test":"TestMCPAPIListDoesNotStartAnything","Elapsed":0.4}
{"Time":"2026-09-20T22:00:17.346822+10:00","Action":"run","Package":"github.com/ollama/ollama/app/ui","Test":"TestApprovedServerWithNoManagerIsNotCalledUnapproved"}
{"Time":"2026-09-20T22:00:17.346844+10:00","Action":"output","Package":"github.com/ollama/ollama/app/ui","Test":"TestApprovedServerWithNoManagerIsNotCalledUnapproved","Output":"=== RUN   TestApprovedServerWithNoManagerIsNotCalledUnapproved\n"}
{"Time":"2026-09-20T22:00:17.361076+10:00","Action":"output","Package":"github.com/ollama/ollama/app/ui","Test":"TestApprovedServerWithNoManagerIsNotCalledUnapproved","Output":"--- PASS: TestApprovedServerWithNoManagerIsNotCalledUnapproved (0.01s)\n"}
{"Time":"2026-09-20T22:00:17.36115+10:00","Action":"pass","Package":"github.com/ollama/ollama/app/ui","Test":"TestApprovedServerWithNoManagerIsNotCalledUnapproved","Elapsed":0.01}
{"Time":"2026-09-20T22:00:17.361168+10:00","Action":"run","Package":"github.com/ollama/ollama/app/ui","Test":"TestServerInstructionsReachTheModelsSystemPrompt"}
{"Time":"2026-09-20T22:00:17.361188+10:00","Action":"output","Package":"github.com/ollama/ollama/app/ui","Test":"TestServerInstructionsReachTheModelsSystemPrompt","Output":"=== RUN   TestServerInstructionsReachTheModelsSystemPrompt\n"}
{"Time":"2026-09-20T22:00:17.362467+10:00","Action":"output","Package":"github.com/ollama/ollama/app/ui","Test":"TestServerInstructionsReachTheModelsSystemPrompt","Output":"--- PASS: TestServerInstructionsReachTheModelsSystemPrompt (0.00s)\n"}
{"Time":"2026-09-20T22:00:17.36251+10:00","Action":"pass","Package":"github.com/ollama/ollama/app/ui","Test":"TestServerInstructionsReachTheModelsSystemPrompt","Elapsed":0}
{"Time":"2026-09-20T22:00:17.362527+10:00","Action":"run","Package":"github.com/ollama/ollama/app/ui","Test":"TestServerInstructionsAreFramedAsTheServersOwnWords"}
{"Time":"2026-09-20T22:00:17.36254+10:00","Action":"output","Package":"github.com/ollama/ollama/app/ui","Test":"TestServerInstructionsAreFramedAsTheServersOwnWords","Output":"=== RUN   TestServerInstructionsAreFramedAsTheServersOwnWords\n"}
{"Time":"2026-09-20T22:00:17.363495+10:00","Action":"output","Package":"github.com/ollama/ollama/app/ui","Test":"TestServerInstructionsAreFramedAsTheServersOwnWords","Output":"--- PASS: TestServerInstructionsAreFramedAsTheServersOwnWords (0.00s)\n"}
{"Time":"2026-09-20T22:00:17.363678+10:00","Action":"pass","Package":"github.com/ollama/ollama/app/ui","Test":"TestServerInstructionsAreFramedAsTheServersOwnWords","Elapsed":0}
{"Time":"2026-09-20T22:00:17.363731+10:00","Action":"run","Package":"github.com/ollama/ollama/app/ui","Test":"TestSpeakWithoutCookieNeverReachesElevenLabs"}
{"Time":"2026-09-20T22:00:17.363796+10:00","Action":"output","Package":"github.com/ollama/ollama/app/ui","Test":"TestSpeakWithoutCookieNeverReachesElevenLabs","Output":"=== RUN   TestSpeakWithoutCookieNeverReachesElevenLabs\n"}
{"Time":"2026-09-20T22:00:17.393647+10:00","Action":"output","Package":"github.com/ollama/ollama/app/ui","Test":"TestSpeakWithoutCookieNeverReachesElevenLabs","Output":"--- PASS: TestSpeakWithoutCookieNeverReachesElevenLabs (0.03s)\n"}
{"Time":"2026-09-20T22:00:17.393729+10:00","Action":"pass","Package":"github.com/ollama/ollama/app/ui","Test":"TestSpeakWithoutCookieNeverReachesElevenLabs","Elapsed":0.03}
{"Time":"2026-09-20T22:00:17.393762+10:00","Action":"run","Package":"github.com/ollama/ollama/app/ui","Test":"TestSpeakWithCookieReachesSynthesizer"}
{"Time":"2026-09-20T22:00:17.393795+10:00","Action":"output","Package":"github.com/ollama/ollama/app/ui","Test":"TestSpeakWithCookieReachesSynthesizer","Output":"=== RUN   TestSpeakWithCookieReachesSynthesizer\n"}
{"Time":"2026-09-20T22:00:17.424093+10:00","Action":"output","Package":"github.com/ollama/ollama/app/ui","Test":"TestSpeakWithCookieReachesSynthesizer","Output":"2026/09/20 22:00:17 INFO site.serveHTTP http.method=POST http.path=/api/v1/tts/speak http.pattern=\"POST /api/v1/tts/speak\" http.status=200 http.d=1.164375ms request_id=1789905617422876000 version=0.0.0\n"}
{"Time":"2026-09-20T22:00:17.425107+10:00","Action":"output","Package":"github.com/ollama/ollama/app/ui","Test":"TestSpeakWithCookieReachesSynthesizer","Output":"--- PASS: TestSpeakWithCookieReachesSynthesizer (0.03s)\n"}
{"Time":"2026-09-20T22:00:17.425145+10:00","Action":"pass","Package":"github.com/ollama/ollama/app/ui","Test":"TestSpeakWithCookieReachesSynthesizer","Elapsed":0.03}
{"Time":"2026-09-20T22:00:17.425167+10:00","Action":"run","Package":"github.com/ollama/ollama/app/ui","Test":"TestStatusNeverContainsTheKey"}
{"Time":"2026-09-20T22:00:17.425222+10:00","Action":"output","Package":"github.com/ollama/ollama/app/ui","Test":"TestStatusNeverContainsTheKey","Output":"=== RUN   TestStatusNeverContainsTheKey\n"}
{"Time":"2026-09-20T22:00:17.455178+10:00","Action":"output","Package":"github.com/ollama/ollama/app/ui","Test":"TestStatusNeverContainsTheKey","Output":"2026/09/20 22:00:17 INFO site.serveHTTP http.method=GET http.path=/api/v1/tts/status http.pattern=\"GET /api/v1/tts/status\" http.status=200 http.d=1.185542ms request_id=1789905617453929000 version=0.0.0\n"}
{"Time":"2026-09-20T22:00:17.45736+10:00","Action":"output","Package":"github.com/ollama/ollama/app/ui","Test":"TestStatusNeverContainsTheKey","Output":"--- PASS: TestStatusNeverContainsTheKey (0.03s)\n"}
{"Time":"2026-09-20T22:00:17.45741+10:00","Action":"pass","Package":"github.com/ollama/ollama/app/ui","Test":"TestStatusNeverContainsTheKey","Elapsed":0.03}
{"Time":"2026-09-20T22:00:17.457429+10:00","Action":"run","Package":"github.com/ollama/ollama/app/ui","Test":"TestPutKeyRejectsOverlong"}
{"Time":"2026-09-20T22:00:17.457443+10:00","Action":"output","Package":"github.com/ollama/ollama/app/ui","Test":"TestPutKeyRejectsOverlong","Output":"=== RUN   TestPutKeyRejectsOverlong\n"}
{"Time":"2026-09-20T22:00:17.492996+10:00","Action":"output","Package":"github.com/ollama/ollama/app/ui","Test":"TestPutKeyRejectsOverlong","Output":"2026/09/20 22:00:17 ERROR site.serveHTTP error=\"The ElevenLabs API key is too long.\" http.method=PUT http.path=/api/v1/tts/key http.pattern=\"PUT /api/v1/tts/key\" http.status=400 http.d=6.462583ms request_id=1789905617486443000 version=0.0.0\n"}
{"Time":"2026-09-20T22:00:17.494628+10:00","Action":"output","Package":"github.com/ollama/ollama/app/ui","Test":"TestPutKeyRejectsOverlong","Output":"--- PASS: TestPutKeyRejectsOverlong (0.04s)\n"}
{"Time":"2026-09-20T22:00:17.494663+10:00","Action":"pass","Package":"github.com/ollama/ollama/app/ui","Test":"TestPutKeyRejectsOverlong","Elapsed":0.04}
{"Time":"2026-09-20T22:00:17.494685+10:00","Action":"run","Package":"github.com/ollama/ollama/app/ui","Test":"TestHandlePostApiSettings"}
{"Time":"2026-09-20T22:00:17.494699+10:00","Action":"output","Package":"github.com/ollama/ollama/app/ui","Test":"TestHandlePostApiSettings","Output":"=== RUN   TestHandlePostApiSettings\n"}
{"Time":"2026-09-20T22:00:17.494712+10:00","Action":"run","Package":"github.com/ollama/ollama/app/ui","Test":"TestHandlePostApiSettings/valid_settings_update_-_all_fields"}
{"Time":"2026-09-20T22:00:17.494724+10:00","Action":"output","Package":"github.com/ollama/ollama/app/ui","Test":"TestHandlePostApiSettings/valid_settings_update_-_all_fields","Output":"=== RUN   TestHandlePostApiSettings/valid_settings_update_-_all_fields\n"}
{"Time":"2026-09-20T22:00:17.508765+10:00","Action":"output","Package":"github.com/ollama/ollama/app/ui","Test":"TestHandlePostApiSettings/valid_settings_update_-_all_fields","Output":"--- PASS: TestHandlePostApiSettings/valid_settings_update_-_all_fields (0.01s)\n"}
{"Time":"2026-09-20T22:00:17.508838+10:00","Action":"pass","Package":"github.com/ollama/ollama/app/ui","Test":"TestHandlePostApiSettings/valid_settings_update_-_all_fields","Elapsed":0.01}
{"Time":"2026-09-20T22:00:17.508883+10:00","Action":"run","Package":"github.com/ollama/ollama/app/ui","Test":"TestHandlePostApiSettings/partial_settings_update"}
{"Time":"2026-09-20T22:00:17.508911+10:00","Action":"output","Package":"github.com/ollama/ollama/app/ui","Test":"TestHandlePostApiSettings/partial_settings_update","Output":"=== RUN   TestHandlePostApiSettings/partial_settings_update\n"}
{"Time":"2026-09-20T22:00:17.515871+10:00","Action":"output","Package":"github.com/ollama/ollama/app/ui","Test":"TestHandlePostApiSettings/partial_settings_update","Output":"--- PASS: TestHandlePostApiSettings/partial_settings_update (0.01s)\n"}
{"Time":"2026-09-20T22:00:17.515921+10:00","Action":"pass","Package":"github.com/ollama/ollama/app/ui","Test":"TestHandlePostApiSettings/partial_settings_update","Elapsed":0.01}
{"Time":"2026-09-20T22:00:17.515937+10:00","Action":"run","Package":"github.com/ollama/ollama/app/ui","Test":"TestHandlePostApiSettings/settings_with_special_characters_in_paths"}
{"Time":"2026-09-20T22:00:17.515949+10:00","Action":"output","Package":"github.com/ollama/ollama/app/ui","Test":"TestHandlePostApiSettings/settings_with_special_characters_in_paths","Output":"=== RUN   TestHandlePostApiSettings/settings_with_special_characters_in_paths\n"}
{"Time":"2026-09-20T22:00:17.523744+10:00","Action":"output","Package":"github.com/ollama/ollama/app/ui","Test":"TestHandlePostApiSettings/settings_with_special_characters_in_paths","Output":"--- PASS: TestHandlePostApiSettings/settings_with_special_characters_in_paths (0.01s)\n"}
{"Time":"2026-09-20T22:00:17.523807+10:00","Action":"pass","Package":"github.com/ollama/ollama/app/ui","Test":"TestHandlePostApiSettings/settings_with_special_characters_in_paths","Elapsed":0.01}
{"Time":"2026-09-20T22:00:17.523832+10:00","Action":"output","Package":"github.com/ollama/ollama/app/ui","Test":"TestHandlePostApiSettings","Output":"--- PASS: TestHandlePostApiSettings (0.03s)\n"}
{"Time":"2026-09-20T22:00:17.523853+10:00","Action":"pass","Package":"github.com/ollama/ollama/app/ui","Test":"TestHandlePostApiSettings","Elapsed":0.03}
{"Time":"2026-09-20T22:00:17.523872+10:00","Action":"run","Package":"github.com/ollama/ollama/app/ui","Test":"TestHandlePostApiCloudSetting"}
{"Time":"2026-09-20T22:00:17.523917+10:00","Action":"output","Package":"github.com/ollama/ollama/app/ui","Test":"TestHandlePostApiCloudSetting","Output":"=== RUN   TestHandlePostApiCloudSetting\n"}
{"Time":"2026-09-20T22:00:17.524296+10:00","Action":"run","Package":"github.com/ollama/ollama/app/ui","Test":"TestHandlePostApiCloudSetting/disable_cloud"}
{"Time":"2026-09-20T22:00:17.524358+10:00","Action":"output","Package":"github.com/ollama/ollama/app/ui","Test":"TestHandlePostApiCloudSetting/disable_cloud","Output":"=== RUN   TestHandlePostApiCloudSetting/disable_cloud\n"}
{"Time":"2026-09-20T22:00:17.530848+10:00","Action":"output","Package":"github.com/ollama/ollama/app/ui","Test":"TestHandlePostApiCloudSetting/disable_cloud","Output":"--- PASS: TestHandlePostApiCloudSetting/disable_cloud (0.01s)\n"}
{"Time":"2026-09-20T22:00:17.530894+10:00","Action":"pass","Package":"github.com/ollama/ollama/app/ui","Test":"TestHandlePostApiCloudSetting/disable_cloud","Elapsed":0.01}
{"Time":"2026-09-20T22:00:17.530911+10:00","Action":"run","Package":"github.com/ollama/ollama/app/ui","Test":"TestHandlePostApiCloudSetting/enable_cloud"}
{"Time":"2026-09-20T22:00:17.530923+10:00","Action":"output","Package":"github.com/ollama/ollama/app/ui","Test":"TestHandlePostApiCloudSetting/enable_cloud","Output":"=== RUN   TestHandlePostApiCloudSetting/enable_cloud\n"}
{"Time":"2026-09-20T22:00:17.532554+10:00","Action":"output","Package":"github.com/ollama/ollama/app/ui","Test":"TestHandlePostApiCloudSetting/enable_cloud","Output":"--- PASS: TestHandlePostApiCloudSetting/enable_cloud (0.00s)\n"}
{"Time":"2026-09-20T22:00:17.532736+10:00","Action":"pass","Package":"github.com/ollama/ollama/app/ui","Test":"TestHandlePostApiCloudSetting/enable_cloud","Elapsed":0}
{"Time":"2026-09-20T22:00:17.537883+10:00","Action":"output","Package":"github.com/ollama/ollama/app/ui","Test":"TestHandlePostApiCloudSetting","Output":"--- PASS: TestHandlePostApiCloudSetting (0.01s)\n"}
{"Time":"2026-09-20T22:00:17.53794+10:00","Action":"pass","Package":"github.com/ollama/ollama/app/ui","Test":"TestHandlePostApiCloudSetting","Elapsed":0.01}
{"Time":"2026-09-20T22:00:17.537977+10:00","Action":"run","Package":"github.com/ollama/ollama/app/ui","Test":"TestHandleGetApiCloudSetting"}
{"Time":"2026-09-20T22:00:17.538001+10:00","Action":"output","Package":"github.com/ollama/ollama/app/ui","Test":"TestHandleGetApiCloudSetting","Output":"=== RUN   TestHandleGetApiCloudSetting\n"}
{"Time":"2026-09-20T22:00:17.548531+10:00","Action":"output","Package":"github.com/ollama/ollama/app/ui","Test":"TestHandleGetApiCloudSetting","Output":"--- PASS: TestHandleGetApiCloudSetting (0.01s)\n"}
{"Time":"2026-09-20T22:00:17.548581+10:00","Action":"pass","Package":"github.com/ollama/ollama/app/ui","Test":"TestHandleGetApiCloudSetting","Elapsed":0.01}
{"Time":"2026-09-20T22:00:17.548605+10:00","Action":"run","Package":"github.com/ollama/ollama/app/ui","Test":"TestAuthenticationMiddleware"}
{"Time":"2026-09-20T22:00:17.54863+10:00","Action":"output","Package":"github.com/ollama/ollama/app/ui","Test":"TestAuthenticationMiddleware","Output":"=== RUN   TestAuthenticationMiddleware\n"}
{"Time":"2026-09-20T22:00:17.548646+10:00","Action":"run","Package":"github.com/ollama/ollama/app/ui","Test":"TestAuthenticationMiddleware/missing_token_cookie"}
{"Time":"2026-09-20T22:00:17.548687+10:00","Action":"output","Package":"github.com/ollama/ollama/app/ui","Test":"TestAuthenticationMiddleware/missing_token_cookie","Output":"=== RUN   TestAuthenticationMiddleware/missing_token_cookie\n"}
{"Time":"2026-09-20T22:00:17.548836+10:00","Action":"output","Package":"github.com/ollama/ollama/app/ui","Test":"TestAuthenticationMiddleware/missing_token_cookie","Output":"--- PASS: TestAuthenticationMiddleware/missing_token_cookie (0.00s)\n"}
{"Time":"2026-09-20T22:00:17.548895+10:00","Action":"pass","Package":"github.com/ollama/ollama/app/ui","Test":"TestAuthenticationMiddleware/missing_token_cookie","Elapsed":0}
{"Time":"2026-09-20T22:00:17.548937+10:00","Action":"run","Package":"github.com/ollama/ollama/app/ui","Test":"TestAuthenticationMiddleware/invalid_token_value"}
{"Time":"2026-09-20T22:00:17.548952+10:00","Action":"output","Package":"github.com/ollama/ollama/app/ui","Test":"TestAuthenticationMiddleware/invalid_token_value","Output":"=== RUN   TestAuthenticationMiddleware/invalid_token_value\n"}
{"Time":"2026-09-20T22:00:17.549112+10:00","Action":"output","Package":"github.com/ollama/ollama/app/ui","Test":"TestAuthenticationMiddleware/invalid_token_value","Output":"--- PASS: TestAuthenticationMiddleware/invalid_token_value (0.00s)\n"}
{"Time":"2026-09-20T22:00:17.549158+10:00","Action":"pass","Package":"github.com/ollama/ollama/app/ui","Test":"TestAuthenticationMiddleware/invalid_token_value","Elapsed":0}
{"Time":"2026-09-20T22:00:17.549179+10:00","Action":"run","Package":"github.com/ollama/ollama/app/ui","Test":"TestAuthenticationMiddleware/valid_token_-_GET_request"}
{"Time":"2026-09-20T22:00:17.549195+10:00","Action":"output","Package":"github.com/ollama/ollama/app/ui","Test":"TestAuthenticationMiddleware/valid_token_-_GET_request","Output":"=== RUN   TestAuthenticationMiddleware/valid_token_-_GET_request\n"}
{"Time":"2026-09-20T22:00:17.549597+10:00","Action":"output","Package":"github.com/ollama/ollama/app/ui","Test":"TestAuthenticationMiddleware/valid_token_-_GET_request","Output":"--- PASS: TestAuthenticationMiddleware/valid_token_-_GET_request (0.00s)\n"}
{"Time":"2026-09-20T22:00:17.549659+10:00","Action":"pass","Package":"github.com/ollama/ollama/app/ui","Test":"TestAuthenticationMiddleware/valid_token_-_GET_request","Elapsed":0}
{"Time":"2026-09-20T22:00:17.549677+10:00","Action":"run","Package":"github.com/ollama/ollama/app/ui","Test":"TestAuthenticationMiddleware/valid_token_-_POST_with_application/json"}
{"Time":"2026-09-20T22:00:17.549695+10:00","Action":"output","Package":"github.com/ollama/ollama/app/ui","Test":"TestAuthenticationMiddleware/valid_token_-_POST_with_application/json","Output":"=== RUN   TestAuthenticationMiddleware/valid_token_-_POST_with_application/json\n"}
{"Time":"2026-09-20T22:00:17.549942+10:00","Action":"output","Package":"github.com/ollama/ollama/app/ui","Test":"TestAuthenticationMiddleware/valid_token_-_POST_with_application/json","Output":"--- PASS: TestAuthenticationMiddleware/valid_token_-_POST_with_application/json (0.00s)\n"}
{"Time":"2026-09-20T22:00:17.550037+10:00","Action":"pass","Package":"github.com/ollama/ollama/app/ui","Test":"TestAuthenticationMiddleware/valid_token_-_POST_with_application/json","Elapsed":0}
{"Time":"2026-09-20T22:00:17.550058+10:00","Action":"run","Package":"github.com/ollama/ollama/app/ui","Test":"TestAuthenticationMiddleware/POST_without_Content-Type_header"}
{"Time":"2026-09-20T22:00:17.550073+10:00","Action":"output","Package":"github.com/ollama/ollama/app/ui","Test":"TestAuthenticationMiddleware/POST_without_Content-Type_header","Output":"=== RUN   TestAuthenticationMiddleware/POST_without_Content-Type_header\n"}
{"Time":"2026-09-20T22:00:17.550323+10:00","Action":"output","Package":"github.com/ollama/ollama/app/ui","Test":"TestAuthenticationMiddleware/POST_without_Content-Type_header","Output":"--- PASS: TestAuthenticationMiddleware/POST_without_Content-Type_header (0.00s)\n"}
{"Time":"2026-09-20T22:00:17.550394+10:00","Action":"pass","Package":"github.com/ollama/ollama/app/ui","Test":"TestAuthenticationMiddleware/POST_without_Content-Type_header","Elapsed":0}
{"Time":"2026-09-20T22:00:17.550409+10:00","Action":"run","Package":"github.com/ollama/ollama/app/ui","Test":"TestAuthenticationMiddleware/POST_with_wrong_Content-Type"}
{"Time":"2026-09-20T22:00:17.550517+10:00","Action":"output","Package":"github.com/ollama/ollama/app/ui","Test":"TestAuthenticationMiddleware/POST_with_wrong_Content-Type","Output":"=== RUN   TestAuthenticationMiddleware/POST_with_wrong_Content-Type\n"}
{"Time":"2026-09-20T22:00:17.550745+10:00","Action":"output","Package":"github.com/ollama/ollama/app/ui","Test":"TestAuthenticationMiddleware/POST_with_wrong_Content-Type","Output":"--- PASS: TestAuthenticationMiddleware/POST_with_wrong_Content-Type (0.00s)\n"}
{"Time":"2026-09-20T22:00:17.550766+10:00","Action":"pass","Package":"github.com/ollama/ollama/app/ui","Test":"TestAuthenticationMiddleware/POST_with_wrong_Content-Type","Elapsed":0}
{"Time":"2026-09-20T22:00:17.550806+10:00","Action":"run","Package":"github.com/ollama/ollama/app/ui","Test":"TestAuthenticationMiddleware/OPTIONS_request_(CORS_preflight)_-_should_bypass_auth"}
{"Time":"2026-09-20T22:00:17.550902+10:00","Action":"output","Package":"github.com/ollama/ollama/app/ui","Test":"TestAuthenticationMiddleware/OPTIONS_request_(CORS_preflight)_-_should_bypass_auth","Output":"=== RUN   TestAuthenticationMiddleware/OPTIONS_request_(CORS_preflight)_-_should_bypass_auth\n"}
{"Time":"2026-09-20T22:00:17.550974+10:00","Action":"output","Package":"github.com/ollama/ollama/app/ui","Test":"TestAuthenticationMiddleware/OPTIONS_request_(CORS_preflight)_-_should_bypass_auth","Output":"--- PASS: TestAuthenticationMiddleware/OPTIONS_request_(CORS_preflight)_-_should_bypass_auth (0.00s)\n"}
{"Time":"2026-09-20T22:00:17.551018+10:00","Action":"pass","Package":"github.com/ollama/ollama/app/ui","Test":"TestAuthenticationMiddleware/OPTIONS_request_(CORS_preflight)_-_should_bypass_auth","Elapsed":0}
{"Time":"2026-09-20T22:00:17.551034+10:00","Action":"output","Package":"github.com/ollama/ollama/app/ui","Test":"TestAuthenticationMiddleware","Output":"--- PASS: TestAuthenticationMiddleware (0.00s)\n"}
{"Time":"2026-09-20T22:00:17.551047+10:00","Action":"pass","Package":"github.com/ollama/ollama/app/ui","Test":"TestAuthenticationMiddleware","Elapsed":0}
{"Time":"2026-09-20T22:00:17.551119+10:00","Action":"run","Package":"github.com/ollama/ollama/app/ui","Test":"TestUserAgent"}
{"Time":"2026-09-20T22:00:17.551139+10:00","Action":"output","Package":"github.com/ollama/ollama/app/ui","Test":"TestUserAgent","Output":"=== RUN   TestUserAgent\n"}
{"Time":"2026-09-20T22:00:17.551157+10:00","Action":"output","Package":"github.com/ollama/ollama/app/ui","Test":"TestUserAgent","Output":"    ui_test.go:490: User Agent: ollama/v0.0.0 (arm64 darwin) app/v0.0.0 Go/go1.26.5\n"}
{"Time":"2026-09-20T22:00:17.551171+10:00","Action":"output","Package":"github.com/ollama/ollama/app/ui","Test":"TestUserAgent","Output":"    ui_test.go:491: Parsed - Product: ollama, Version: v0.0.0, OS: darwin, Arch: arm64\n"}
{"Time":"2026-09-20T22:00:17.551184+10:00","Action":"output","Package":"github.com/ollama/ollama/app/ui","Test":"TestUserAgent","Output":"--- PASS: TestUserAgent (0.00s)\n"}
{"Time":"2026-09-20T22:00:17.551199+10:00","Action":"pass","Package":"github.com/ollama/ollama/app/ui","Test":"TestUserAgent","Elapsed":0}
{"Time":"2026-09-20T22:00:17.551211+10:00","Action":"run","Package":"github.com/ollama/ollama/app/ui","Test":"TestUserAgentTransport"}
{"Time":"2026-09-20T22:00:17.551223+10:00","Action":"output","Package":"github.com/ollama/ollama/app/ui","Test":"TestUserAgentTransport","Output":"=== RUN   TestUserAgentTransport\n"}
{"Time":"2026-09-20T22:00:17.552203+10:00","Action":"output","Package":"github.com/ollama/ollama/app/ui","Test":"TestUserAgentTransport","Output":"    ui_test.go:527: User-Agent transport successfully set: ollama/v0.0.0 (arm64 darwin) app/v0.0.0 Go/go1.26.5\n"}
{"Time":"2026-09-20T22:00:17.552318+10:00","Action":"output","Package":"github.com/ollama/ollama/app/ui","Test":"TestUserAgentTransport","Output":"--- PASS: TestUserAgentTransport (0.00s)\n"}
{"Time":"2026-09-20T22:00:17.552344+10:00","Action":"pass","Package":"github.com/ollama/ollama/app/ui","Test":"TestUserAgentTransport","Elapsed":0}
{"Time":"2026-09-20T22:00:17.552361+10:00","Action":"run","Package":"github.com/ollama/ollama/app/ui","Test":"TestInferenceClientUsesUserAgent"}
{"Time":"2026-09-20T22:00:17.552376+10:00","Action":"output","Package":"github.com/ollama/ollama/app/ui","Test":"TestInferenceClientUsesUserAgent","Output":"=== RUN   TestInferenceClientUsesUserAgent\n"}
{"Time":"2026-09-20T22:00:17.55303+10:00","Action":"output","Package":"github.com/ollama/ollama/app/ui","Test":"TestInferenceClientUsesUserAgent","Output":"--- PASS: TestInferenceClientUsesUserAgent (0.00s)\n"}
{"Time":"2026-09-20T22:00:17.553074+10:00","Action":"pass","Package":"github.com/ollama/ollama/app/ui","Test":"TestInferenceClientUsesUserAgent","Elapsed":0}
{"Time":"2026-09-20T22:00:17.553101+10:00","Action":"run","Package":"github.com/ollama/ollama/app/ui","Test":"TestSupportsBrowserTools"}
{"Time":"2026-09-20T22:00:17.55315+10:00","Action":"output","Package":"github.com/ollama/ollama/app/ui","Test":"TestSupportsBrowserTools","Output":"=== RUN   TestSupportsBrowserTools\n"}
{"Time":"2026-09-20T22:00:17.55317+10:00","Action":"run","Package":"github.com/ollama/ollama/app/ui","Test":"TestSupportsBrowserTools/gpt-oss"}
{"Time":"2026-09-20T22:00:17.553183+10:00","Action":"output","Package":"github.com/ollama/ollama/app/ui","Test":"TestSupportsBrowserTools/gpt-oss","Output":"=== RUN   TestSupportsBrowserTools/gpt-oss\n"}
{"Time":"2026-09-20T22:00:17.553197+10:00","Action":"output","Package":"github.com/ollama/ollama/app/ui","Test":"TestSupportsBrowserTools/gpt-oss","Output":"--- PASS: TestSupportsBrowserTools/gpt-oss (0.00s)\n"}
{"Time":"2026-09-20T22:00:17.553209+10:00","Action":"pass","Package":"github.com/ollama/ollama/app/ui","Test":"TestSupportsBrowserTools/gpt-oss","Elapsed":0}
{"Time":"2026-09-20T22:00:17.553241+10:00","Action":"run","Package":"github.com/ollama/ollama/app/ui","Test":"TestSupportsBrowserTools/gpt-oss-latest"}
{"Time":"2026-09-20T22:00:17.553265+10:00","Action":"output","Package":"github.com/ollama/ollama/app/ui","Test":"TestSupportsBrowserTools/gpt-oss-latest","Output":"=== RUN   TestSupportsBrowserTools/gpt-oss-latest\n"}
{"Time":"2026-09-20T22:00:17.553279+10:00","Action":"output","Package":"github.com/ollama/ollama/app/ui","Test":"TestSupportsBrowserTools/gpt-oss-latest","Output":"--- PASS: TestSupportsBrowserTools/gpt-oss-latest (0.00s)\n"}
{"Time":"2026-09-20T22:00:17.553292+10:00","Action":"pass","Package":"github.com/ollama/ollama/app/ui","Test":"TestSupportsBrowserTools/gpt-oss-latest","Elapsed":0}
{"Time":"2026-09-20T22:00:17.553304+10:00","Action":"run","Package":"github.com/ollama/ollama/app/ui","Test":"TestSupportsBrowserTools/GPT-OSS"}
{"Time":"2026-09-20T22:00:17.553315+10:00","Action":"output","Package":"github.com/ollama/ollama/app/ui","Test":"TestSupportsBrowserTools/GPT-OSS","Output":"=== RUN   TestSupportsBrowserTools/GPT-OSS\n"}
{"Time":"2026-09-20T22:00:17.553328+10:00","Action":"output","Package":"github.com/ollama/ollama/app/ui","Test":"TestSupportsBrowserTools/GPT-OSS","Output":"--- PASS: TestSupportsBrowserTools/GPT-OSS (0.00s)\n"}
{"Time":"2026-09-20T22:00:17.553339+10:00","Action":"pass","Package":"github.com/ollama/ollama/app/ui","Test":"TestSupportsBrowserTools/GPT-OSS","Elapsed":0}
{"Time":"2026-09-20T22:00:17.553405+10:00","Action":"run","Package":"github.com/ollama/ollama/app/ui","Test":"TestSupportsBrowserTools/Gpt-Oss-v2"}
{"Time":"2026-09-20T22:00:17.553419+10:00","Action":"output","Package":"github.com/ollama/ollama/app/ui","Test":"TestSupportsBrowserTools/Gpt-Oss-v2","Output":"=== RUN   TestSupportsBrowserTools/Gpt-Oss-v2\n"}
{"Time":"2026-09-20T22:00:17.553437+10:00","Action":"output","Package":"github.com/ollama/ollama/app/ui","Test":"TestSupportsBrowserTools/Gpt-Oss-v2","Output":"--- PASS: TestSupportsBrowserTools/Gpt-Oss-v2 (0.00s)\n"}
{"Time":"2026-09-20T22:00:17.553448+10:00","Action":"pass","Package":"github.com/ollama/ollama/app/ui","Test":"TestSupportsBrowserTools/Gpt-Oss-v2","Elapsed":0}
{"Time":"2026-09-20T22:00:17.553465+10:00","Action":"run","Package":"github.com/ollama/ollama/app/ui","Test":"TestSupportsBrowserTools/qwen3"}
{"Time":"2026-09-20T22:00:17.553491+10:00","Action":"output","Package":"github.com/ollama/ollama/app/ui","Test":"TestSupportsBrowserTools/qwen3","Output":"=== RUN   TestSupportsBrowserTools/qwen3\n"}
{"Time":"2026-09-20T22:00:17.553511+10:00","Action":"output","Package":"github.com/ollama/ollama/app/ui","Test":"TestSupportsBrowserTools/qwen3","Output":"--- PASS: TestSupportsBrowserTools/qwen3 (0.00s)\n"}
{"Time":"2026-09-20T22:00:17.553533+10:00","Action":"pass","Package":"github.com/ollama/ollama/app/ui","Test":"TestSupportsBrowserTools/qwen3","Elapsed":0}
{"Time":"2026-09-20T22:00:17.553552+10:00","Action":"run","Package":"github.com/ollama/ollama/app/ui","Test":"TestSupportsBrowserTools/deepseek-v3"}
{"Time":"2026-09-20T22:00:17.553563+10:00","Action":"output","Package":"github.com/ollama/ollama/app/ui","Test":"TestSupportsBrowserTools/deepseek-v3","Output":"=== RUN   TestSupportsBrowserTools/deepseek-v3\n"}
{"Time":"2026-09-20T22:00:17.553575+10:00","Action":"output","Package":"github.com/ollama/ollama/app/ui","Test":"TestSupportsBrowserTools/deepseek-v3","Output":"--- PASS: TestSupportsBrowserTools/deepseek-v3 (0.00s)\n"}
{"Time":"2026-09-20T22:00:17.553594+10:00","Action":"pass","Package":"github.com/ollama/ollama/app/ui","Test":"TestSupportsBrowserTools/deepseek-v3","Elapsed":0}
{"Time":"2026-09-20T22:00:17.553615+10:00","Action":"run","Package":"github.com/ollama/ollama/app/ui","Test":"TestSupportsBrowserTools/llama3.3"}
{"Time":"2026-09-20T22:00:17.553635+10:00","Action":"output","Package":"github.com/ollama/ollama/app/ui","Test":"TestSupportsBrowserTools/llama3.3","Output":"=== RUN   TestSupportsBrowserTools/llama3.3\n"}
{"Time":"2026-09-20T22:00:17.553658+10:00","Action":"output","Package":"github.com/ollama/ollama/app/ui","Test":"TestSupportsBrowserTools/llama3.3","Output":"--- PASS: TestSupportsBrowserTools/llama3.3 (0.00s)\n"}
{"Time":"2026-09-20T22:00:17.553679+10:00","Action":"pass","Package":"github.com/ollama/ollama/app/ui","Test":"TestSupportsBrowserTools/llama3.3","Elapsed":0}
{"Time":"2026-09-20T22:00:17.553691+10:00","Action":"run","Package":"github.com/ollama/ollama/app/ui","Test":"TestSupportsBrowserTools/#00"}
{"Time":"2026-09-20T22:00:17.553702+10:00","Action":"output","Package":"github.com/ollama/ollama/app/ui","Test":"TestSupportsBrowserTools/#00","Output":"=== RUN   TestSupportsBrowserTools/#00\n"}
{"Time":"2026-09-20T22:00:17.553718+10:00","Action":"output","Package":"github.com/ollama/ollama/app/ui","Test":"TestSupportsBrowserTools/#00","Output":"--- PASS: TestSupportsBrowserTools/#00 (0.00s)\n"}
{"Time":"2026-09-20T22:00:17.553732+10:00","Action":"pass","Package":"github.com/ollama/ollama/app/ui","Test":"TestSupportsBrowserTools/#00","Elapsed":0}
{"Time":"2026-09-20T22:00:17.553745+10:00","Action":"output","Package":"github.com/ollama/ollama/app/ui","Test":"TestSupportsBrowserTools","Output":"--- PASS: TestSupportsBrowserTools (0.00s)\n"}
{"Time":"2026-09-20T22:00:17.553793+10:00","Action":"pass","Package":"github.com/ollama/ollama/app/ui","Test":"TestSupportsBrowserTools","Elapsed":0}
{"Time":"2026-09-20T22:00:17.553807+10:00","Action":"run","Package":"github.com/ollama/ollama/app/ui","Test":"TestWebSearchToolRegistration"}
{"Time":"2026-09-20T22:00:17.553818+10:00","Action":"output","Package":"github.com/ollama/ollama/app/ui","Test":"TestWebSearchToolRegistration","Output":"=== RUN   TestWebSearchToolRegistration\n"}
{"Time":"2026-09-20T22:00:17.553829+10:00","Action":"run","Package":"github.com/ollama/ollama/app/ui","Test":"TestWebSearchToolRegistration/web_search_enabled_with_tools_capability_-_browser_model"}
{"Time":"2026-09-20T22:00:17.55384+10:00","Action":"output","Package":"github.com/ollama/ollama/app/ui","Test":"TestWebSearchToolRegistration/web_search_enabled_with_tools_capability_-_browser_model","Output":"=== RUN   TestWebSearchToolRegistration/web_search_enabled_with_tools_capability_-_browser_model\n"}
{"Time":"2026-09-20T22:00:17.553852+10:00","Action":"output","Package":"github.com/ollama/ollama/app/ui","Test":"TestWebSearchToolRegistration/web_search_enabled_with_tools_capability_-_browser_model","Output":"--- PASS: TestWebSearchToolRegistration/web_search_enabled_with_tools_capability_-_browser_model (0.00s)\n"}
{"Time":"2026-09-20T22:00:17.553883+10:00","Action":"pass","Package":"github.com/ollama/ollama/app/ui","Test":"TestWebSearchToolRegistration/web_search_enabled_with_tools_capability_-_browser_model","Elapsed":0}
{"Time":"2026-09-20T22:00:17.553895+10:00","Action":"run","Package":"github.com/ollama/ollama/app/ui","Test":"TestWebSearchToolRegistration/web_search_enabled_with_tools_capability_-_non-browser_model"}
{"Time":"2026-09-20T22:00:17.553906+10:00","Action":"output","Package":"github.com/ollama/ollama/app/ui","Test":"TestWebSearchToolRegistration/web_search_enabled_with_tools_capability_-_non-browser_model","Output":"=== RUN   TestWebSearchToolRegistration/web_search_enabled_with_tools_capability_-_non-browser_model\n"}
{"Time":"2026-09-20T22:00:17.553918+10:00","Action":"output","Package":"github.com/ollama/ollama/app/ui","Test":"TestWebSearchToolRegistration/web_search_enabled_with_tools_capability_-_non-browser_model","Output":"--- PASS: TestWebSearchToolRegistration/web_search_enabled_with_tools_capability_-_non-browser_model (0.00s)\n"}
{"Time":"2026-09-20T22:00:17.553931+10:00","Action":"pass","Package":"github.com/ollama/ollama/app/ui","Test":"TestWebSearchToolRegistration/web_search_enabled_with_tools_capability_-_non-browser_model","Elapsed":0}
{"Time":"2026-09-20T22:00:17.553943+10:00","Action":"run","Package":"github.com/ollama/ollama/app/ui","Test":"TestWebSearchToolRegistration/web_search_enabled_without_tools_capability"}
{"Time":"2026-09-20T22:00:17.553953+10:00","Action":"output","Package":"github.com/ollama/ollama/app/ui","Test":"TestWebSearchToolRegistration/web_search_enabled_without_tools_capability","Output":"=== RUN   TestWebSearchToolRegistration/web_search_enabled_without_tools_capability\n"}
{"Time":"2026-09-20T22:00:17.553966+10:00","Action":"output","Package":"github.com/ollama/ollama/app/ui","Test":"TestWebSearchToolRegistration/web_search_enabled_without_tools_capability","Output":"--- PASS: TestWebSearchToolRegistration/web_search_enabled_without_tools_capability (0.00s)\n"}
{"Time":"2026-09-20T22:00:17.553978+10:00","Action":"pass","Package":"github.com/ollama/ollama/app/ui","Test":"TestWebSearchToolRegistration/web_search_enabled_without_tools_capability","Elapsed":0}
{"Time":"2026-09-20T22:00:17.553988+10:00","Action":"run","Package":"github.com/ollama/ollama/app/ui","Test":"TestWebSearchToolRegistration/web_search_disabled_with_tools_capability"}
{"Time":"2026-09-20T22:00:17.553998+10:00","Action":"output","Package":"github.com/ollama/ollama/app/ui","Test":"TestWebSearchToolRegistration/web_search_disabled_with_tools_capability","Output":"=== RUN   TestWebSearchToolRegistration/web_search_disabled_with_tools_capability\n"}
{"Time":"2026-09-20T22:00:17.554009+10:00","Action":"output","Package":"github.com/ollama/ollama/app/ui","Test":"TestWebSearchToolRegistration/web_search_disabled_with_tools_capability","Output":"--- PASS: TestWebSearchToolRegistration/web_search_disabled_with_tools_capability (0.00s)\n"}
{"Time":"2026-09-20T22:00:17.554019+10:00","Action":"pass","Package":"github.com/ollama/ollama/app/ui","Test":"TestWebSearchToolRegistration/web_search_disabled_with_tools_capability","Elapsed":0}
{"Time":"2026-09-20T22:00:17.55403+10:00","Action":"run","Package":"github.com/ollama/ollama/app/ui","Test":"TestWebSearchToolRegistration/web_search_disabled_without_tools_capability"}
{"Time":"2026-09-20T22:00:17.55404+10:00","Action":"output","Package":"github.com/ollama/ollama/app/ui","Test":"TestWebSearchToolRegistration/web_search_disabled_without_tools_capability","Output":"=== RUN   TestWebSearchToolRegistration/web_search_disabled_without_tools_capability\n"}
{"Time":"2026-09-20T22:00:17.554051+10:00","Action":"output","Package":"github.com/ollama/ollama/app/ui","Test":"TestWebSearchToolRegistration/web_search_disabled_without_tools_capability","Output":"--- PASS: TestWebSearchToolRegistration/web_search_disabled_without_tools_capability (0.00s)\n"}
{"Time":"2026-09-20T22:00:17.554062+10:00","Action":"pass","Package":"github.com/ollama/ollama/app/ui","Test":"TestWebSearchToolRegistration/web_search_disabled_without_tools_capability","Elapsed":0}
{"Time":"2026-09-20T22:00:17.554073+10:00","Action":"output","Package":"github.com/ollama/ollama/app/ui","Test":"TestWebSearchToolRegistration","Output":"--- PASS: TestWebSearchToolRegistration (0.00s)\n"}
{"Time":"2026-09-20T22:00:17.554083+10:00","Action":"pass","Package":"github.com/ollama/ollama/app/ui","Test":"TestWebSearchToolRegistration","Elapsed":0}
{"Time":"2026-09-20T22:00:17.554095+10:00","Action":"run","Package":"github.com/ollama/ollama/app/ui","Test":"TestSettingsToggleAutoUpdateOff_CancelsDownload"}
{"Time":"2026-09-20T22:00:17.554108+10:00","Action":"output","Package":"github.com/ollama/ollama/app/ui","Test":"TestSettingsToggleAutoUpdateOff_CancelsDownload","Output":"=== RUN   TestSettingsToggleAutoUpdateOff_CancelsDownload\n"}
{"Time":"2026-09-20T22:00:17.560219+10:00","Action":"output","Package":"github.com/ollama/ollama/app/ui","Test":"TestSettingsToggleAutoUpdateOff_CancelsDownload","Output":"--- PASS: TestSettingsToggleAutoUpdateOff_CancelsDownload (0.01s)\n"}
{"Time":"2026-09-20T22:00:17.560254+10:00","Action":"pass","Package":"github.com/ollama/ollama/app/ui","Test":"TestSettingsToggleAutoUpdateOff_CancelsDownload","Elapsed":0.01}
{"Time":"2026-09-20T22:00:17.560276+10:00","Action":"run","Package":"github.com/ollama/ollama/app/ui","Test":"TestSettingsToggleAutoUpdateOn_WithPendingUpdate_ShowsNotification"}
{"Time":"2026-09-20T22:00:17.56029+10:00","Action":"output","Package":"github.com/ollama/ollama/app/ui","Test":"TestSettingsToggleAutoUpdateOn_WithPendingUpdate_ShowsNotification","Output":"=== RUN   TestSettingsToggleAutoUpdateOn_WithPendingUpdate_ShowsNotification\n"}
{"Time":"2026-09-20T22:00:17.56925+10:00","Action":"output","Package":"github.com/ollama/ollama/app/ui","Test":"TestSettingsToggleAutoUpdateOn_WithPendingUpdate_ShowsNotification","Output":"--- PASS: TestSettingsToggleAutoUpdateOn_WithPendingUpdate_ShowsNotification (0.01s)\n"}
{"Time":"2026-09-20T22:00:17.569294+10:00","Action":"pass","Package":"github.com/ollama/ollama/app/ui","Test":"TestSettingsToggleAutoUpdateOn_WithPendingUpdate_ShowsNotification","Elapsed":0.01}
{"Time":"2026-09-20T22:00:17.569311+10:00","Action":"run","Package":"github.com/ollama/ollama/app/ui","Test":"TestSettingsToggleAutoUpdateOn_NoPendingUpdate_TriggersCheck"}
{"Time":"2026-09-20T22:00:17.569324+10:00","Action":"output","Package":"github.com/ollama/ollama/app/ui","Test":"TestSettingsToggleAutoUpdateOn_NoPendingUpdate_TriggersCheck","Output":"=== RUN   TestSettingsToggleAutoUpdateOn_NoPendingUpdate_TriggersCheck\n"}
{"Time":"2026-09-20T22:00:17.576376+10:00","Action":"output","Package":"github.com/ollama/ollama/app/ui","Test":"TestSettingsToggleAutoUpdateOn_NoPendingUpdate_TriggersCheck","Output":"--- PASS: TestSettingsToggleAutoUpdateOn_NoPendingUpdate_TriggersCheck (0.01s)\n"}
{"Time":"2026-09-20T22:00:17.576457+10:00","Action":"pass","Package":"github.com/ollama/ollama/app/ui","Test":"TestSettingsToggleAutoUpdateOn_NoPendingUpdate_TriggersCheck","Elapsed":0.01}
{"Time":"2026-09-20T22:00:17.576487+10:00","Action":"output","Package":"github.com/ollama/ollama/app/ui","Output":"PASS\n"}
{"Time":"2026-09-20T22:00:17.579125+10:00","Action":"output","Package":"github.com/ollama/ollama/app/ui","Output":"ok  \tgithub.com/ollama/ollama/app/ui\t25.692s\n"}
{"Time":"2026-09-20T22:00:17.579176+10:00","Action":"pass","Package":"github.com/ollama/ollama/app/ui","Elapsed":25.692}
